jobid	hy	cut	L	role	h	name	out_dir	submitted_at
58114557	0.0	electric_hx0.0	4	cold	0.18	p3d_hy0.0_e0.0_L4	/pscratch/sd/s/sanzharb/tc_nqs/phase3d/hy0.0/electric_hx0.0/L4	2026-09-09T11:20:40Z
58114559	0.0	electric_hx0.0	4	cold	0.24	p3d_hy0.0_e0.0_L4	/pscratch/sd/s/sanzharb/tc_nqs/phase3d/hy0.0/electric_hx0.0/L4	2026-09-09T11:20:40Z
58114560	0.0	electric_hx0.0	4	cold	0.27	p3d_hy0.0_e0.0_L4	/pscratch/sd/s/sanzharb/tc_nqs/phase3d/hy0.0/electric_hx0.0/L4	2026-09-09T11:20:40Z
58114561	0.0	electric_hx0.0	4	cold	0.3	p3d_hy0.0_e0.0_L4	/pscratch/sd/s/sanzharb/tc_nqs/phase3d/hy0.0/electric_hx0.0/L4	2026-09-09T11:20:41Z
58114562	0.0	electric_hx0.0	4	cold	0.33	p3d_hy0.0_e0.0_L4	/pscratch/sd/s/sanzharb/tc_nqs/phase3d/hy0.0/electric_hx0.0/L4	2026-09-09T11:20:41Z
58114563	0.0	electric_hx0.0	4	cold	0.36	p3d_hy0.0_e0.0_L4	/pscratch/sd/s/sanzharb/tc_nqs/phase3d/hy0.0/electric_hx0.0/L4	2026-09-09T11:20:41Z
58114564	0.0	electric_hx0.0	4	cold	0.42	p3d_hy0.0_e0.0_L4	/pscratch/sd/s/sanzharb/tc_nqs/phase3d/hy0.0/electric_hx0.0/L4	2026-09-09T11:20:41Z
58114565	0.0	electric_hx0.5	4	cold	0.2	p3d_hy0.0_e0.5_L4	/pscratch/sd/s/sanzharb/tc_nqs/phase3d/hy0.0/electric_hx0.5/L4	2026-09-09T11:20:42Z
58114566	0.0	electric_hx0.5	4	cold	0.26	p3d_hy0.0_e0.5_L4	/pscratch/sd/s/sanzharb/tc_nqs/phase3d/hy0.0/electric_hx0.5/L4	2026-09-09T11:20:42Z
58114567	0.0	electric_hx0.5	4	cold	0.29	p3d_hy0.0_e0.5_L4	/pscratch/sd/s/sanzharb/tc_nqs/phase3d/hy0.0/electric_hx0.5/L4	2026-09-09T11:20:42Z
58114568	0.0	electric_hx0.5	4	cold	0.35	p3d_hy0.0_e0.5_L4	/pscratch/sd/s/sanzharb/tc_nqs/phase3d/hy0.0/electric_hx0.5/L4	2026-09-09T11:20:42Z
58114569	0.0	electric_hx0.5	4	cold	0.38	p3d_hy0.0_e0.5_L4	/pscratch/sd/s/sanzharb/tc_nqs/phase3d/hy0.0/electric_hx0.5/L4	2026-09-09T11:20:42Z
58114570	0.0	electric_hx0.5	4	cold	0.44	p3d_hy0.0_e0.5_L4	/pscratch/sd/s/sanzharb/tc_nqs/phase3d/hy0.0/electric_hx0.5/L4	2026-09-09T11:20:42Z
58114571	0.0	electric_hx0.8	4	cold	0.26	p3d_hy0.0_e0.8_L4	/pscratch/sd/s/sanzharb/tc_nqs/phase3d/hy0.0/electric_hx0.8/L4	2026-09-09T11:20:42Z
58114572	0.0	electric_hx0.8	4	cold	0.32	p3d_hy0.0_e0.8_L4	/pscratch/sd/s/sanzharb/tc_nqs/phase3d/hy0.0/electric_hx0.8/L4	2026-09-09T11:20:42Z
58114573	0.0	electric_hx0.8	4	cold	0.35	p3d_hy0.0_e0.8_L4	/pscratch/sd/s/sanzharb/tc_nqs/phase3d/hy0.0/electric_hx0.8/L4	2026-09-09T11:20:42Z
58114574	0.0	electric_hx0.8	4	cold	0.38	p3d_hy0.0_e0.8_L4	/pscratch/sd/s/sanzharb/tc_nqs/phase3d/hy0.0/electric_hx0.8/L4	2026-09-09T11:20:42Z
58114575	0.0	electric_hx0.8	4	cold	0.41	p3d_hy0.0_e0.8_L4	/pscratch/sd/s/sanzharb/tc_nqs/phase3d/hy0.0/electric_hx0.8/L4	2026-09-09T11:20:42Z
58114576	0.0	electric_hx0.8	4	cold	0.44	p3d_hy0.0_e0.8_L4	/pscratch/sd/s/sanzharb/tc_nqs/phase3d/hy0.0/electric_hx0.8/L4	2026-09-09T11:20:42Z
58114577	0.0	electric_hx0.8	4	cold	0.5	p3d_hy0.0_e0.8_L4	/pscratch/sd/s/sanzharb/tc_nqs/phase3d/hy0.0/electric_hx0.8/L4	2026-09-09T11:20:42Z
58114578	0.0	magnetic_hz0.0	4	chain_up	0.6	p3d_hy0.0_m0.0_L4_up	/pscratch/sd/s/sanzharb/tc_nqs/phase3d/hy0.0/magnetic_hz0.0/L4	2026-09-09T11:20:43Z
58114578	0.0	magnetic_hz0.0	4	chain_up	0.7	p3d_hy0.0_m0.0_L4_up	/pscratch/sd/s/sanzharb/tc_nqs/phase3d/hy0.0/magnetic_hz0.0/L4	2026-09-09T11:20:43Z
58114578	0.0	magnetic_hz0.0	4	chain_up	0.8	p3d_hy0.0_m0.0_L4_up	/pscratch/sd/s/sanzharb/tc_nqs/phase3d/hy0.0/magnetic_hz0.0/L4	2026-09-09T11:20:43Z
58114578	0.0	magnetic_hz0.0	4	chain_up	0.85	p3d_hy0.0_m0.0_L4_up	/pscratch/sd/s/sanzharb/tc_nqs/phase3d/hy0.0/magnetic_hz0.0/L4	2026-09-09T11:20:43Z
58114578	0.0	magnetic_hz0.0	4	chain_up	0.9	p3d_hy0.0_m0.0_L4_up	/pscratch/sd/s/sanzharb/tc_nqs/phase3d/hy0.0/magnetic_hz0.0/L4	2026-09-09T11:20:43Z
58114578	0.0	magnetic_hz0.0	4	chain_up	0.95	p3d_hy0.0_m0.0_L4_up	/pscratch/sd/s/sanzharb/tc_nqs/phase3d/hy0.0/magnetic_hz0.0/L4	2026-09-09T11:20:43Z
58114578	0.0	magnetic_hz0.0	4	chain_up	1.0	p3d_hy0.0_m0.0_L4_up	/pscratch/sd/s/sanzharb/tc_nqs/phase3d/hy0.0/magnetic_hz0.0/L4	2026-09-09T11:20:43Z
58114579	0.0	magnetic_hz0.0	4	chain_dn	1.25	p3d_hy0.0_m0.0_L4_dn	/pscratch/sd/s/sanzharb/tc_nqs/phase3d/hy0.0/magnetic_hz0.0/L4	2026-09-09T11:20:43Z
58114579	0.0	magnetic_hz0.0	4	chain_dn	1.15	p3d_hy0.0_m0.0_L4_dn	/pscratch/sd/s/sanzharb/tc_nqs/phase3d/hy0.0/magnetic_hz0.0/L4	2026-09-09T11:20:43Z
58114579	0.0	magnetic_hz0.0	4	chain_dn	1.05	p3d_hy0.0_m0.0_L4_dn	/pscratch/sd/s/sanzharb/tc_nqs/phase3d/hy0.0/magnetic_hz0.0/L4	2026-09-09T11:20:43Z
58114579	0.0	magnetic_hz0.0	4	chain_dn	1.0	p3d_hy0.0_m0.0_L4_dn	/pscratch/sd/s/sanzharb/tc_nqs/phase3d/hy0.0/magnetic_hz0.0/L4	2026-09-09T11:20:43Z
58114579	0.0	magnetic_hz0.0	4	chain_dn	0.95	p3d_hy0.0_m0.0_L4_dn	/pscratch/sd/s/sanzharb/tc_nqs/phase3d/hy0.0/magnetic_hz0.0/L4	2026-09-09T11:20:43Z
58114579	0.0	magnetic_hz0.0	4	chain_dn	0.9	p3d_hy0.0_m0.0_L4_dn	/pscratch/sd/s/sanzharb/tc_nqs/phase3d/hy0.0/magnetic_hz0.0/L4	2026-09-09T11:20:43Z
58114579	0.0	magnetic_hz0.0	4	chain_dn	0.85	p3d_hy0.0_m0.0_L4_dn	/pscratch/sd/s/sanzharb/tc_nqs/phase3d/hy0.0/magnetic_hz0.0/L4	2026-09-09T11:20:43Z
58114580	0.0	magnetic_hz0.2	4	chain_up	0.6	p3d_hy0.0_m0.2_L4_up	/pscratch/sd/s/sanzharb/tc_nqs/phase3d/hy0.0/magnetic_hz0.2/L4	2026-09-09T11:20:43Z
58114580	0.0	magnetic_hz0.2	4	chain_up	0.7	p3d_hy0.0_m0.2_L4_up	/pscratch/sd/s/sanzharb/tc_nqs/phase3d/hy0.0/magnetic_hz0.2/L4	2026-09-09T11:20:43Z
58114580	0.0	magnetic_hz0.2	4	chain_up	0.8	p3d_hy0.0_m0.2_L4_up	/pscratch/sd/s/sanzharb/tc_nqs/phase3d/hy0.0/magnetic_hz0.2/L4	2026-09-09T11:20:43Z
58114580	0.0	magnetic_hz0.2	4	chain_up	0.85	p3d_hy0.0_m0.2_L4_up	/pscratch/sd/s/sanzharb/tc_nqs/phase3d/hy0.0/magnetic_hz0.2/L4	2026-09-09T11:20:43Z
58114580	0.0	magnetic_hz0.2	4	chain_up	0.9	p3d_hy0.0_m0.2_L4_up	/pscratch/sd/s/sanzharb/tc_nqs/phase3d/hy0.0/magnetic_hz0.2/L4	2026-09-09T11:20:43Z
58114580	0.0	magnetic_hz0.2	4	chain_up	0.95	p3d_hy0.0_m0.2_L4_up	/pscratch/sd/s/sanzharb/tc_nqs/phase3d/hy0.0/magnetic_hz0.2/L4	2026-09-09T11:20:43Z
58114580	0.0	magnetic_hz0.2	4	chain_up	1.0	p3d_hy0.0_m0.2_L4_up	/pscratch/sd/s/sanzharb/tc_nqs/phase3d/hy0.0/magnetic_hz0.2/L4	2026-09-09T11:20:43Z
58114581	0.0	magnetic_hz0.2	4	chain_dn	1.25	p3d_hy0.0_m0.2_L4_dn	/pscratch/sd/s/sanzharb/tc_nqs/phase3d/hy0.0/magnetic_hz0.2/L4	2026-09-09T11:20:43Z
58114581	0.0	magnetic_hz0.2	4	chain_dn	1.15	p3d_hy0.0_m0.2_L4_dn	/pscratch/sd/s/sanzharb/tc_nqs/phase3d/hy0.0/magnetic_hz0.2/L4	2026-09-09T11:20:43Z
58114581	0.0	magnetic_hz0.2	4	chain_dn	1.05	p3d_hy0.0_m0.2_L4_dn	/pscratch/sd/s/sanzharb/tc_nqs/phase3d/hy0.0/magnetic_hz0.2/L4	2026-09-09T11:20:43Z
58114581	0.0	magnetic_hz0.2	4	chain_dn	1.0	p3d_hy0.0_m0.2_L4_dn	/pscratch/sd/s/sanzharb/tc_nqs/phase3d/hy0.0/magnetic_hz0.2/L4	2026-09-09T11:20:43Z
58114581	0.0	magnetic_hz0.2	4	chain_dn	0.95	p3d_hy0.0_m0.2_L4_dn	/pscratch/sd/s/sanzharb/tc_nqs/phase3d/hy0.0/magnetic_hz0.2/L4	2026-09-09T11:20:43Z
58114581	0.0	magnetic_hz0.2	4	chain_dn	0.9	p3d_hy0.0_m0.2_L4_dn	/pscratch/sd/s/sanzharb/tc_nqs/phase3d/hy0.0/magnetic_hz0.2/L4	2026-09-09T11:20:43Z
58114581	0.0	magnetic_hz0.2	4	chain_dn	0.85	p3d_hy0.0_m0.2_L4_dn	/pscratch/sd/s/sanzharb/tc_nqs/phase3d/hy0.0/magnetic_hz0.2/L4	2026-09-09T11:20:43Z
58114582	0.0	magnetic_hz0.4	4	chain_up	0.5	p3d_hy0.0_m0.4_L4_up	/pscratch/sd/s/sanzharb/tc_nqs/phase3d/hy0.0/magnetic_hz0.4/L4	2026-09-09T11:20:43Z
58114582	0.0	magnetic_hz0.4	4	chain_up	0.7	p3d_hy0.0_m0.4_L4_up	/pscratch/sd/s/sanzharb/tc_nqs/phase3d/hy0.0/magnetic_hz0.4/L4	2026-09-09T11:20:43Z
58114582	0.0	magnetic_hz0.4	4	chain_up	0.8	p3d_hy0.0_m0.4_L4_up	/pscratch/sd/s/sanzharb/tc_nqs/phase3d/hy0.0/magnetic_hz0.4/L4	2026-09-09T11:20:43Z
58114582	0.0	magnetic_hz0.4	4	chain_up	0.85	p3d_hy0.0_m0.4_L4_up	/pscratch/sd/s/sanzharb/tc_nqs/phase3d/hy0.0/magnetic_hz0.4/L4	2026-09-09T11:20:43Z
58114582	0.0	magnetic_hz0.4	4	chain_up	0.9	p3d_hy0.0_m0.4_L4_up	/pscratch/sd/s/sanzharb/tc_nqs/phase3d/hy0.0/magnetic_hz0.4/L4	2026-09-09T11:20:43Z
58114582	0.0	magnetic_hz0.4	4	chain_up	0.95	p3d_hy0.0_m0.4_L4_up	/pscratch/sd/s/sanzharb/tc_nqs/phase3d/hy0.0/magnetic_hz0.4/L4	2026-09-09T11:20:43Z
58114582	0.0	magnetic_hz0.4	4	chain_up	1.0	p3d_hy0.0_m0.4_L4_up	/pscratch/sd/s/sanzharb/tc_nqs/phase3d/hy0.0/magnetic_hz0.4/L4	2026-09-09T11:20:43Z
58114583	0.0	magnetic_hz0.4	4	chain_dn	1.3	p3d_hy0.0_m0.4_L4_dn	/pscratch/sd/s/sanzharb/tc_nqs/phase3d/hy0.0/magnetic_hz0.4/L4	2026-09-09T11:20:43Z
58114583	0.0	magnetic_hz0.4	4	chain_dn	1.1	p3d_hy0.0_m0.4_L4_dn	/pscratch/sd/s/sanzharb/tc_nqs/phase3d/hy0.0/magnetic_hz0.4/L4	2026-09-09T11:20:43Z
58114583	0.0	magnetic_hz0.4	4	chain_dn	1.0	p3d_hy0.0_m0.4_L4_dn	/pscratch/sd/s/sanzharb/tc_nqs/phase3d/hy0.0/magnetic_hz0.4/L4	2026-09-09T11:20:43Z
58114583	0.0	magnetic_hz0.4	4	chain_dn	0.95	p3d_hy0.0_m0.4_L4_dn	/pscratch/sd/s/sanzharb/tc_nqs/phase3d/hy0.0/magnetic_hz0.4/L4	2026-09-09T11:20:43Z
58114583	0.0	magnetic_hz0.4	4	chain_dn	0.9	p3d_hy0.0_m0.4_L4_dn	/pscratch/sd/s/sanzharb/tc_nqs/phase3d/hy0.0/magnetic_hz0.4/L4	2026-09-09T11:20:43Z
58114583	0.0	magnetic_hz0.4	4	chain_dn	0.85	p3d_hy0.0_m0.4_L4_dn	/pscratch/sd/s/sanzharb/tc_nqs/phase3d/hy0.0/magnetic_hz0.4/L4	2026-09-09T11:20:43Z
58114583	0.0	magnetic_hz0.4	4	chain_dn	0.8	p3d_hy0.0_m0.4_L4_dn	/pscratch/sd/s/sanzharb/tc_nqs/phase3d/hy0.0/magnetic_hz0.4/L4	2026-09-09T11:20:43Z
58114584	0.0	magnetic_hz0.7	4	chain_up	0.6	p3d_hy0.0_m0.7_L4_up	/pscratch/sd/s/sanzharb/tc_nqs/phase3d/hy0.0/magnetic_hz0.7/L4	2026-09-09T11:20:43Z
58114584	0.0	magnetic_hz0.7	4	chain_up	0.85	p3d_hy0.0_m0.7_L4_up	/pscratch/sd/s/sanzharb/tc_nqs/phase3d/hy0.0/magnetic_hz0.7/L4	2026-09-09T11:20:43Z
58114584	0.0	magnetic_hz0.7	4	chain_up	0.95	p3d_hy0.0_m0.7_L4_up	/pscratch/sd/s/sanzharb/tc_nqs/phase3d/hy0.0/magnetic_hz0.7/L4	2026-09-09T11:20:43Z
58114584	0.0	magnetic_hz0.7	4	chain_up	1.0	p3d_hy0.0_m0.7_L4_up	/pscratch/sd/s/sanzharb/tc_nqs/phase3d/hy0.0/magnetic_hz0.7/L4	2026-09-09T11:20:43Z
58114584	0.0	magnetic_hz0.7	4	chain_up	1.05	p3d_hy0.0_m0.7_L4_up	/pscratch/sd/s/sanzharb/tc_nqs/phase3d/hy0.0/magnetic_hz0.7/L4	2026-09-09T11:20:43Z
58114584	0.0	magnetic_hz0.7	4	chain_up	1.1	p3d_hy0.0_m0.7_L4_up	/pscratch/sd/s/sanzharb/tc_nqs/phase3d/hy0.0/magnetic_hz0.7/L4	2026-09-09T11:20:43Z
58114584	0.0	magnetic_hz0.7	4	chain_up	1.15	p3d_hy0.0_m0.7_L4_up	/pscratch/sd/s/sanzharb/tc_nqs/phase3d/hy0.0/magnetic_hz0.7/L4	2026-09-09T11:20:43Z
58114585	0.0	magnetic_hz0.7	4	chain_dn	1.5	p3d_hy0.0_m0.7_L4_dn	/pscratch/sd/s/sanzharb/tc_nqs/phase3d/hy0.0/magnetic_hz0.7/L4	2026-09-09T11:20:43Z
58114585	0.0	magnetic_hz0.7	4	chain_dn	1.25	p3d_hy0.0_m0.7_L4_dn	/pscratch/sd/s/sanzharb/tc_nqs/phase3d/hy0.0/magnetic_hz0.7/L4	2026-09-09T11:20:43Z
58114585	0.0	magnetic_hz0.7	4	chain_dn	1.15	p3d_hy0.0_m0.7_L4_dn	/pscratch/sd/s/sanzharb/tc_nqs/phase3d/hy0.0/magnetic_hz0.7/L4	2026-09-09T11:20:43Z
58114585	0.0	magnetic_hz0.7	4	chain_dn	1.1	p3d_hy0.0_m0.7_L4_dn	/pscratch/sd/s/sanzharb/tc_nqs/phase3d/hy0.0/magnetic_hz0.7/L4	2026-09-09T11:20:43Z
58114585	0.0	magnetic_hz0.7	4	chain_dn	1.05	p3d_hy0.0_m0.7_L4_dn	/pscratch/sd/s/sanzharb/tc_nqs/phase3d/hy0.0/magnetic_hz0.7/L4	2026-09-09T11:20:43Z
58114585	0.0	magnetic_hz0.7	4	chain_dn	1.0	p3d_hy0.0_m0.7_L4_dn	/pscratch/sd/s/sanzharb/tc_nqs/phase3d/hy0.0/magnetic_hz0.7/L4	2026-09-09T11:20:43Z
58114585	0.0	magnetic_hz0.7	4	chain_dn	0.95	p3d_hy0.0_m0.7_L4_dn	/pscratch/sd/s/sanzharb/tc_nqs/phase3d/hy0.0/magnetic_hz0.7/L4	2026-09-09T11:20:43Z
58114586	0.0	magnetic_hz1.0	4	chain_up	0.8	p3d_hy0.0_m1.0_L4_up	/pscratch/sd/s/sanzharb/tc_nqs/phase3d/hy0.0/magnetic_hz1.0/L4	2026-09-09T11:20:43Z
58114586	0.0	magnetic_hz1.0	4	chain_up	1.05	p3d_hy0.0_m1.0_L4_up	/pscratch/sd/s/sanzharb/tc_nqs/phase3d/hy0.0/magnetic_hz1.0/L4	2026-09-09T11:20:43Z
58114586	0.0	magnetic_hz1.0	4	chain_up	1.15	p3d_hy0.0_m1.0_L4_up	/pscratch/sd/s/sanzharb/tc_nqs/phase3d/hy0.0/magnetic_hz1.0/L4	2026-09-09T11:20:43Z
58114586	0.0	magnetic_hz1.0	4	chain_up	1.2	p3d_hy0.0_m1.0_L4_up	/pscratch/sd/s/sanzharb/tc_nqs/phase3d/hy0.0/magnetic_hz1.0/L4	2026-09-09T11:20:43Z
58114586	0.0	magnetic_hz1.0	4	chain_up	1.25	p3d_hy0.0_m1.0_L4_up	/pscratch/sd/s/sanzharb/tc_nqs/phase3d/hy0.0/magnetic_hz1.0/L4	2026-09-09T11:20:43Z
58114586	0.0	magnetic_hz1.0	4	chain_up	1.3	p3d_hy0.0_m1.0_L4_up	/pscratch/sd/s/sanzharb/tc_nqs/phase3d/hy0.0/magnetic_hz1.0/L4	2026-09-09T11:20:43Z
58114586	0.0	magnetic_hz1.0	4	chain_up	1.35	p3d_hy0.0_m1.0_L4_up	/pscratch/sd/s/sanzharb/tc_nqs/phase3d/hy0.0/magnetic_hz1.0/L4	2026-09-09T11:20:43Z
58114587	0.0	magnetic_hz1.0	4	chain_dn	1.7	p3d_hy0.0_m1.0_L4_dn	/pscratch/sd/s/sanzharb/tc_nqs/phase3d/hy0.0/magnetic_hz1.0/L4	2026-09-09T11:20:43Z
58114587	0.0	magnetic_hz1.0	4	chain_dn	1.45	p3d_hy0.0_m1.0_L4_dn	/pscratch/sd/s/sanzharb/tc_nqs/phase3d/hy0.0/magnetic_hz1.0/L4	2026-09-09T11:20:43Z
58114587	0.0	magnetic_hz1.0	4	chain_dn	1.35	p3d_hy0.0_m1.0_L4_dn	/pscratch/sd/s/sanzharb/tc_nqs/phase3d/hy0.0/magnetic_hz1.0/L4	2026-09-09T11:20:43Z
58114587	0.0	magnetic_hz1.0	4	chain_dn	1.3	p3d_hy0.0_m1.0_L4_dn	/pscratch/sd/s/sanzharb/tc_nqs/phase3d/hy0.0/magnetic_hz1.0/L4	2026-09-09T11:20:44Z
58114587	0.0	magnetic_hz1.0	4	chain_dn	1.25	p3d_hy0.0_m1.0_L4_dn	/pscratch/sd/s/sanzharb/tc_nqs/phase3d/hy0.0/magnetic_hz1.0/L4	2026-09-09T11:20:44Z
58114587	0.0	magnetic_hz1.0	4	chain_dn	1.2	p3d_hy0.0_m1.0_L4_dn	/pscratch/sd/s/sanzharb/tc_nqs/phase3d/hy0.0/magnetic_hz1.0/L4	2026-09-09T11:20:44Z
58114587	0.0	magnetic_hz1.0	4	chain_dn	1.15	p3d_hy0.0_m1.0_L4_dn	/pscratch/sd/s/sanzharb/tc_nqs/phase3d/hy0.0/magnetic_hz1.0/L4	2026-09-09T11:20:44Z
58114588	0.0	magnetic_hz0.0	5	chain_up	0.6	p3d_hy0.0_m0.0_L5_up	/pscratch/sd/s/sanzharb/tc_nqs/phase3d/hy0.0/magnetic_hz0.0/L5	2026-09-09T11:20:44Z
58114589	0.0	magnetic_hz0.0	5	chain_dn	1.25	p3d_hy0.0_m0.0_L5_dn	/pscratch/sd/s/sanzharb/tc_nqs/phase3d/hy0.0/magnetic_hz0.0/L5	2026-09-09T11:20:44Z
58114590	0.0	magnetic_hz0.0	6	chain_up	0.6	p3d_hy0.0_m0.0_L6_up	/pscratch/sd/s/sanzharb/tc_nqs/phase3d/hy0.0/magnetic_hz0.0/L6	2026-09-09T11:20:44Z
58114591	0.0	magnetic_hz0.0	6	chain_dn	1.25	p3d_hy0.0_m0.0_L6_dn	/pscratch/sd/s/sanzharb/tc_nqs/phase3d/hy0.0/magnetic_hz0.0/L6	2026-09-09T11:20:44Z
58114592	0.0	magnetic_hz0.2	5	chain_up	0.6	p3d_hy0.0_m0.2_L5_up	/pscratch/sd/s/sanzharb/tc_nqs/phase3d/hy0.0/magnetic_hz0.2/L5	2026-09-09T11:20:44Z
58114593	0.0	magnetic_hz0.2	5	chain_dn	1.25	p3d_hy0.0_m0.2_L5_dn	/pscratch/sd/s/sanzharb/tc_nqs/phase3d/hy0.0/magnetic_hz0.2/L5	2026-09-09T11:20:44Z
58114594	0.0	magnetic_hz0.2	6	chain_up	0.6	p3d_hy0.0_m0.2_L6_up	/pscratch/sd/s/sanzharb/tc_nqs/phase3d/hy0.0/magnetic_hz0.2/L6	2026-09-09T11:20:44Z
58114595	0.0	magnetic_hz0.2	6	chain_dn	1.25	p3d_hy0.0_m0.2_L6_dn	/pscratch/sd/s/sanzharb/tc_nqs/phase3d/hy0.0/magnetic_hz0.2/L6	2026-09-09T11:20:44Z
58115312	0.0	electric_hx0.5	4	cold	0.32	p3d_hy0.0_e0.5_L4	/pscratch/sd/s/sanzharb/tc_nqs/phase3d/hy0.0/electric_hx0.5/L4	2026-09-09T12:15:11Z
58115313	0.0	magnetic_hz0.4	5	chain_up	0.5	p3d_hy0.0_m0.4_L5_up	/pscratch/sd/s/sanzharb/tc_nqs/phase3d/hy0.0/magnetic_hz0.4/L5	2026-09-09T12:15:12Z
58115314	0.0	magnetic_hz0.4	5	chain_dn	1.3	p3d_hy0.0_m0.4_L5_dn	/pscratch/sd/s/sanzharb/tc_nqs/phase3d/hy0.0/magnetic_hz0.4/L5	2026-09-09T12:15:12Z
58115315	0.0	magnetic_hz0.4	6	chain_up	0.5	p3d_hy0.0_m0.4_L6_up	/pscratch/sd/s/sanzharb/tc_nqs/phase3d/hy0.0/magnetic_hz0.4/L6	2026-09-09T12:15:12Z
58115317	0.0	magnetic_hz0.4	6	chain_dn	1.3	p3d_hy0.0_m0.4_L6_dn	/pscratch/sd/s/sanzharb/tc_nqs/phase3d/hy0.0/magnetic_hz0.4/L6	2026-09-09T12:15:12Z
58115318	0.0	magnetic_hz0.7	5	chain_up	0.6	p3d_hy0.0_m0.7_L5_up	/pscratch/sd/s/sanzharb/tc_nqs/phase3d/hy0.0/magnetic_hz0.7/L5	2026-09-09T12:15:12Z
58115319	0.0	magnetic_hz0.7	5	chain_dn	1.5	p3d_hy0.0_m0.7_L5_dn	/pscratch/sd/s/sanzharb/tc_nqs/phase3d/hy0.0/magnetic_hz0.7/L5	2026-09-09T12:15:12Z
58115320	0.0	magnetic_hz0.7	6	chain_up	0.6	p3d_hy0.0_m0.7_L6_up	/pscratch/sd/s/sanzharb/tc_nqs/phase3d/hy0.0/magnetic_hz0.7/L6	2026-09-09T12:15:12Z
58115321	0.0	magnetic_hz0.7	6	chain_dn	1.5	p3d_hy0.0_m0.7_L6_dn	/pscratch/sd/s/sanzharb/tc_nqs/phase3d/hy0.0/magnetic_hz0.7/L6	2026-09-09T12:15:12Z
58115322	0.0	magnetic_hz1.0	5	chain_up	0.8	p3d_hy0.0_m1.0_L5_up	/pscratch/sd/s/sanzharb/tc_nqs/phase3d/hy0.0/magnetic_hz1.0/L5	2026-09-09T12:15:12Z
58116355	0.0	magnetic_hz1.0	6	chain_up	0.8	p3d_hy0.0_m1.0_L6_up	/pscratch/sd/s/sanzharb/tc_nqs/phase3d/hy0.0/magnetic_hz1.0/L6	2026-09-09T13:15:18Z
58116357	0.0	electric_hx0.0	5	cold	0.15	p3d_hy0.0_e0.0_L5	/pscratch/sd/s/sanzharb/tc_nqs/phase3d/hy0.0/electric_hx0.0/L5	2026-09-09T13:15:18Z
58116358	0.0	electric_hx0.0	5	cold	0.27	p3d_hy0.0_e0.0_L5	/pscratch/sd/s/sanzharb/tc_nqs/phase3d/hy0.0/electric_hx0.0/L5	2026-09-09T13:15:20Z
58116359	0.0	electric_hx0.0	5	cold	0.39	p3d_hy0.0_e0.0_L5	/pscratch/sd/s/sanzharb/tc_nqs/phase3d/hy0.0/electric_hx0.0/L5	2026-09-09T13:15:21Z
58116733	0.0	electric_hx0.0	6	cold	0.14	p3d_hy0.0_e0.0_L6	/pscratch/sd/s/sanzharb/tc_nqs/phase3d/hy0.0/electric_hx0.0/L6	2026-09-09T13:30:13Z
58116734	0.0	electric_hx0.0	6	cold	0.26	p3d_hy0.0_e0.0_L6	/pscratch/sd/s/sanzharb/tc_nqs/phase3d/hy0.0/electric_hx0.0/L6	2026-09-09T13:30:13Z
58116735	0.0	electric_hx0.0	6	cold	0.38	p3d_hy0.0_e0.0_L6	/pscratch/sd/s/sanzharb/tc_nqs/phase3d/hy0.0/electric_hx0.0/L6	2026-09-09T13:30:13Z
58116736	0.0	electric_hx0.5	5	cold	0.17	p3d_hy0.0_e0.5_L5	/pscratch/sd/s/sanzharb/tc_nqs/phase3d/hy0.0/electric_hx0.5/L5	2026-09-09T13:30:13Z
58116737	0.0	electric_hx0.5	5	cold	0.29	p3d_hy0.0_e0.5_L5	/pscratch/sd/s/sanzharb/tc_nqs/phase3d/hy0.0/electric_hx0.5/L5	2026-09-09T13:30:15Z
58116738	0.0	electric_hx0.5	5	cold	0.41	p3d_hy0.0_e0.5_L5	/pscratch/sd/s/sanzharb/tc_nqs/phase3d/hy0.0/electric_hx0.5/L5	2026-09-09T13:30:19Z
58116740	0.0	electric_hx0.5	6	cold	0.28	p3d_hy0.0_e0.5_L6	/pscratch/sd/s/sanzharb/tc_nqs/phase3d/hy0.0/electric_hx0.5/L6	2026-09-09T13:30:19Z
58116741	0.0	electric_hx0.5	6	cold	0.4	p3d_hy0.0_e0.5_L6	/pscratch/sd/s/sanzharb/tc_nqs/phase3d/hy0.0/electric_hx0.5/L6	2026-09-09T13:30:19Z
58116743	0.0	electric_hx0.8	5	cold	0.35	p3d_hy0.0_e0.8_L5	/pscratch/sd/s/sanzharb/tc_nqs/phase3d/hy0.0/electric_hx0.8/L5	2026-09-09T13:30:21Z
58116744	0.0	electric_hx0.8	5	cold	0.47	p3d_hy0.0_e0.8_L5	/pscratch/sd/s/sanzharb/tc_nqs/phase3d/hy0.0/electric_hx0.8/L5	2026-09-09T13:30:22Z
58116745	0.0	electric_hx0.8	6	cold	0.22	p3d_hy0.0_e0.8_L6	/pscratch/sd/s/sanzharb/tc_nqs/phase3d/hy0.0/electric_hx0.8/L6	2026-09-09T13:30:24Z
58116746	0.0	electric_hx0.8	6	cold	0.34	p3d_hy0.0_e0.8_L6	/pscratch/sd/s/sanzharb/tc_nqs/phase3d/hy0.0/electric_hx0.8/L6	2026-09-09T13:30:26Z
58116747	0.0	electric_hx0.8	6	cold	0.46	p3d_hy0.0_e0.8_L6	/pscratch/sd/s/sanzharb/tc_nqs/phase3d/hy0.0/electric_hx0.8/L6	2026-09-09T13:30:28Z
58116749	0.0	electric_hx0.0	5	cold	0.23	p3d_hy0.0_e0.0_L5	/pscratch/sd/s/sanzharb/tc_nqs/phase3d/hy0.0/electric_hx0.0/L5	2026-09-09T13:30:30Z
58116750	0.0	electric_hx0.0	5	cold	0.29	p3d_hy0.0_e0.0_L5	/pscratch/sd/s/sanzharb/tc_nqs/phase3d/hy0.0/electric_hx0.0/L5	2026-09-09T13:30:32Z
58116751	0.0	electric_hx0.0	5	cold	0.32	p3d_hy0.0_e0.0_L5	/pscratch/sd/s/sanzharb/tc_nqs/phase3d/hy0.0/electric_hx0.0/L5	2026-09-09T13:30:32Z
58116752	0.0	electric_hx0.0	6	cold	0.19	p3d_hy0.0_e0.0_L6	/pscratch/sd/s/sanzharb/tc_nqs/phase3d/hy0.0/electric_hx0.0/L6	2026-09-09T13:30:33Z
58116753	0.0	electric_hx0.0	6	cold	0.22	p3d_hy0.0_e0.0_L6	/pscratch/sd/s/sanzharb/tc_nqs/phase3d/hy0.0/electric_hx0.0/L6	2026-09-09T13:30:33Z
58116754	0.0	electric_hx0.0	6	cold	0.28	p3d_hy0.0_e0.0_L6	/pscratch/sd/s/sanzharb/tc_nqs/phase3d/hy0.0/electric_hx0.0/L6	2026-09-09T13:30:35Z
58116756	0.0	electric_hx0.0	6	cold	0.31	p3d_hy0.0_e0.0_L6	/pscratch/sd/s/sanzharb/tc_nqs/phase3d/hy0.0/electric_hx0.0/L6	2026-09-09T13:30:35Z
58116757	0.0	electric_hx0.5	5	cold	0.21	p3d_hy0.0_e0.5_L5	/pscratch/sd/s/sanzharb/tc_nqs/phase3d/hy0.0/electric_hx0.5/L5	2026-09-09T13:30:35Z
58116758	0.0	electric_hx0.5	5	cold	0.24	p3d_hy0.0_e0.5_L5	/pscratch/sd/s/sanzharb/tc_nqs/phase3d/hy0.0/electric_hx0.5/L5	2026-09-09T13:30:38Z
58116760	0.0	electric_hx0.5	5	cold	0.3	p3d_hy0.0_e0.5_L5	/pscratch/sd/s/sanzharb/tc_nqs/phase3d/hy0.0/electric_hx0.5/L5	2026-09-09T13:30:39Z
58116761	0.0	electric_hx0.5	5	cold	0.33	p3d_hy0.0_e0.5_L5	/pscratch/sd/s/sanzharb/tc_nqs/phase3d/hy0.0/electric_hx0.5/L5	2026-09-09T13:30:41Z
58116762	0.0	electric_hx0.5	6	cold	0.2	p3d_hy0.0_e0.5_L6	/pscratch/sd/s/sanzharb/tc_nqs/phase3d/hy0.0/electric_hx0.5/L6	2026-09-09T13:30:41Z
58116763	0.0	electric_hx0.5	6	cold	0.23	p3d_hy0.0_e0.5_L6	/pscratch/sd/s/sanzharb/tc_nqs/phase3d/hy0.0/electric_hx0.5/L6	2026-09-09T13:30:41Z
58116764	0.0	electric_hx0.5	6	cold	0.29	p3d_hy0.0_e0.5_L6	/pscratch/sd/s/sanzharb/tc_nqs/phase3d/hy0.0/electric_hx0.5/L6	2026-09-09T13:30:44Z
58116798	0.0	electric_hx0.5	6	cold	0.32	p3d_hy0.0_e0.5_L6	/pscratch/sd/s/sanzharb/tc_nqs/phase3d/hy0.0/electric_hx0.5/L6	2026-09-09T13:30:46Z
58116799	0.0	electric_hx0.8	5	cold	0.26	p3d_hy0.0_e0.8_L5	/pscratch/sd/s/sanzharb/tc_nqs/phase3d/hy0.0/electric_hx0.8/L5	2026-09-09T13:30:48Z
58116800	0.0	electric_hx0.8	5	cold	0.29	p3d_hy0.0_e0.8_L5	/pscratch/sd/s/sanzharb/tc_nqs/phase3d/hy0.0/electric_hx0.8/L5	2026-09-09T13:30:48Z
58116801	0.0	electric_hx0.8	5	cold	0.35	p3d_hy0.0_e0.8_L5	/pscratch/sd/s/sanzharb/tc_nqs/phase3d/hy0.0/electric_hx0.8/L5	2026-09-09T13:30:48Z
58116802	0.0	electric_hx0.8	5	cold	0.38	p3d_hy0.0_e0.8_L5	/pscratch/sd/s/sanzharb/tc_nqs/phase3d/hy0.0/electric_hx0.8/L5	2026-09-09T13:30:48Z
58116803	0.0	electric_hx0.8	6	cold	0.25	p3d_hy0.0_e0.8_L6	/pscratch/sd/s/sanzharb/tc_nqs/phase3d/hy0.0/electric_hx0.8/L6	2026-09-09T13:30:48Z
58116805	0.0	electric_hx0.8	6	cold	0.28	p3d_hy0.0_e0.8_L6	/pscratch/sd/s/sanzharb/tc_nqs/phase3d/hy0.0/electric_hx0.8/L6	2026-09-09T13:30:48Z
58116806	0.0	electric_hx0.8	6	cold	0.34	p3d_hy0.0_e0.8_L6	/pscratch/sd/s/sanzharb/tc_nqs/phase3d/hy0.0/electric_hx0.8/L6	2026-09-09T13:30:51Z
58116807	0.0	electric_hx0.8	6	cold	0.37	p3d_hy0.0_e0.8_L6	/pscratch/sd/s/sanzharb/tc_nqs/phase3d/hy0.0/electric_hx0.8/L6	2026-09-09T13:30:51Z
58116808	0.0	magnetic_hz0.0	4	chain_up_refine	0.975	p3d_hy0.0_m0.0_L4_up	/pscratch/sd/s/sanzharb/tc_nqs/phase3d/hy0.0/magnetic_hz0.0/L4	2026-09-09T13:30:54Z
58116809	0.0	magnetic_hz0.0	4	chain_dn_refine	0.975	p3d_hy0.0_m0.0_L4_dn	/pscratch/sd/s/sanzharb/tc_nqs/phase3d/hy0.0/magnetic_hz0.0/L4	2026-09-09T13:30:54Z
58116810	0.0	magnetic_hz0.4	4	chain_up_refine	0.875	p3d_hy0.0_m0.4_L4_up	/pscratch/sd/s/sanzharb/tc_nqs/phase3d/hy0.0/magnetic_hz0.4/L4	2026-09-09T13:30:54Z
58116811	0.0	magnetic_hz0.4	4	chain_dn_refine	0.925	p3d_hy0.0_m0.4_L4_dn	/pscratch/sd/s/sanzharb/tc_nqs/phase3d/hy0.0/magnetic_hz0.4/L4	2026-09-09T13:30:54Z
58117266	0.0	magnetic_hz0.0	5	chain_up	0.7	p3d_hy0.0_m0.0_L5_up	/pscratch/sd/s/sanzharb/tc_nqs/phase3d/hy0.0/magnetic_hz0.0/L5	2026-09-09T13:44:30Z
58117266	0.0	magnetic_hz0.0	5	chain_up	0.75	p3d_hy0.0_m0.0_L5_up	/pscratch/sd/s/sanzharb/tc_nqs/phase3d/hy0.0/magnetic_hz0.0/L5	2026-09-09T13:44:30Z
58117266	0.0	magnetic_hz0.0	5	chain_up	0.8	p3d_hy0.0_m0.0_L5_up	/pscratch/sd/s/sanzharb/tc_nqs/phase3d/hy0.0/magnetic_hz0.0/L5	2026-09-09T13:44:30Z
58117266	0.0	magnetic_hz0.0	5	chain_up	0.85	p3d_hy0.0_m0.0_L5_up	/pscratch/sd/s/sanzharb/tc_nqs/phase3d/hy0.0/magnetic_hz0.0/L5	2026-09-09T13:44:30Z
58117266	0.0	magnetic_hz0.0	5	chain_up	0.9	p3d_hy0.0_m0.0_L5_up	/pscratch/sd/s/sanzharb/tc_nqs/phase3d/hy0.0/magnetic_hz0.0/L5	2026-09-09T13:44:30Z
58117266	0.0	magnetic_hz0.0	5	chain_up	0.95	p3d_hy0.0_m0.0_L5_up	/pscratch/sd/s/sanzharb/tc_nqs/phase3d/hy0.0/magnetic_hz0.0/L5	2026-09-09T13:44:30Z
58117266	0.0	magnetic_hz0.0	5	chain_up	1.0	p3d_hy0.0_m0.0_L5_up	/pscratch/sd/s/sanzharb/tc_nqs/phase3d/hy0.0/magnetic_hz0.0/L5	2026-09-09T13:44:30Z
58117267	0.0	magnetic_hz0.0	5	chain_dn	1.0	p3d_hy0.0_m0.0_L5_dn	/pscratch/sd/s/sanzharb/tc_nqs/phase3d/hy0.0/magnetic_hz0.0/L5	2026-09-09T13:44:30Z
58117267	0.0	magnetic_hz0.0	5	chain_dn	0.95	p3d_hy0.0_m0.0_L5_dn	/pscratch/sd/s/sanzharb/tc_nqs/phase3d/hy0.0/magnetic_hz0.0/L5	2026-09-09T13:44:30Z
58117267	0.0	magnetic_hz0.0	5	chain_dn	0.9	p3d_hy0.0_m0.0_L5_dn	/pscratch/sd/s/sanzharb/tc_nqs/phase3d/hy0.0/magnetic_hz0.0/L5	2026-09-09T13:44:30Z
58117267	0.0	magnetic_hz0.0	5	chain_dn	0.85	p3d_hy0.0_m0.0_L5_dn	/pscratch/sd/s/sanzharb/tc_nqs/phase3d/hy0.0/magnetic_hz0.0/L5	2026-09-09T13:44:30Z
58117267	0.0	magnetic_hz0.0	5	chain_dn	0.8	p3d_hy0.0_m0.0_L5_dn	/pscratch/sd/s/sanzharb/tc_nqs/phase3d/hy0.0/magnetic_hz0.0/L5	2026-09-09T13:44:30Z
58117267	0.0	magnetic_hz0.0	5	chain_dn	0.75	p3d_hy0.0_m0.0_L5_dn	/pscratch/sd/s/sanzharb/tc_nqs/phase3d/hy0.0/magnetic_hz0.0/L5	2026-09-09T13:44:30Z
58117267	0.0	magnetic_hz0.0	5	chain_dn	0.7	p3d_hy0.0_m0.0_L5_dn	/pscratch/sd/s/sanzharb/tc_nqs/phase3d/hy0.0/magnetic_hz0.0/L5	2026-09-09T13:44:30Z
58117267	0.0	magnetic_hz0.0	5	chain_dn	0.6	p3d_hy0.0_m0.0_L5_dn	/pscratch/sd/s/sanzharb/tc_nqs/phase3d/hy0.0/magnetic_hz0.0/L5	2026-09-09T13:44:30Z
58117269	0.0	magnetic_hz0.0	6	chain_up	0.65	p3d_hy0.0_m0.0_L6_up	/pscratch/sd/s/sanzharb/tc_nqs/phase3d/hy0.0/magnetic_hz0.0/L6	2026-09-09T13:44:32Z
58117272	0.0	magnetic_hz0.0	6	chain_dn	1.0	p3d_hy0.0_m0.0_L6_dn	/pscratch/sd/s/sanzharb/tc_nqs/phase3d/hy0.0/magnetic_hz0.0/L6	2026-09-09T13:44:34Z
58117272	0.0	magnetic_hz0.0	6	chain_dn	0.95	p3d_hy0.0_m0.0_L6_dn	/pscratch/sd/s/sanzharb/tc_nqs/phase3d/hy0.0/magnetic_hz0.0/L6	2026-09-09T13:44:34Z
58117272	0.0	magnetic_hz0.0	6	chain_dn	0.9	p3d_hy0.0_m0.0_L6_dn	/pscratch/sd/s/sanzharb/tc_nqs/phase3d/hy0.0/magnetic_hz0.0/L6	2026-09-09T13:44:34Z
58117272	0.0	magnetic_hz0.0	6	chain_dn	0.85	p3d_hy0.0_m0.0_L6_dn	/pscratch/sd/s/sanzharb/tc_nqs/phase3d/hy0.0/magnetic_hz0.0/L6	2026-09-09T13:44:34Z
58117272	0.0	magnetic_hz0.0	6	chain_dn	0.8	p3d_hy0.0_m0.0_L6_dn	/pscratch/sd/s/sanzharb/tc_nqs/phase3d/hy0.0/magnetic_hz0.0/L6	2026-09-09T13:44:34Z
58117272	0.0	magnetic_hz0.0	6	chain_dn	0.75	p3d_hy0.0_m0.0_L6_dn	/pscratch/sd/s/sanzharb/tc_nqs/phase3d/hy0.0/magnetic_hz0.0/L6	2026-09-09T13:44:34Z
58117272	0.0	magnetic_hz0.0	6	chain_dn	0.7	p3d_hy0.0_m0.0_L6_dn	/pscratch/sd/s/sanzharb/tc_nqs/phase3d/hy0.0/magnetic_hz0.0/L6	2026-09-09T13:44:34Z
58117272	0.0	magnetic_hz0.0	6	chain_dn	0.65	p3d_hy0.0_m0.0_L6_dn	/pscratch/sd/s/sanzharb/tc_nqs/phase3d/hy0.0/magnetic_hz0.0/L6	2026-09-09T13:44:34Z
58117274	0.0	magnetic_hz0.2	5	chain_up	0.7	p3d_hy0.0_m0.2_L5_up	/pscratch/sd/s/sanzharb/tc_nqs/phase3d/hy0.0/magnetic_hz0.2/L5	2026-09-09T13:44:36Z
58117276	0.0	magnetic_hz0.2	5	chain_dn	1.0	p3d_hy0.0_m0.2_L5_dn	/pscratch/sd/s/sanzharb/tc_nqs/phase3d/hy0.0/magnetic_hz0.2/L5	2026-09-09T13:44:36Z
58117276	0.0	magnetic_hz0.2	5	chain_dn	0.95	p3d_hy0.0_m0.2_L5_dn	/pscratch/sd/s/sanzharb/tc_nqs/phase3d/hy0.0/magnetic_hz0.2/L5	2026-09-09T13:44:36Z
58117276	0.0	magnetic_hz0.2	5	chain_dn	0.9	p3d_hy0.0_m0.2_L5_dn	/pscratch/sd/s/sanzharb/tc_nqs/phase3d/hy0.0/magnetic_hz0.2/L5	2026-09-09T13:44:36Z
58117276	0.0	magnetic_hz0.2	5	chain_dn	0.85	p3d_hy0.0_m0.2_L5_dn	/pscratch/sd/s/sanzharb/tc_nqs/phase3d/hy0.0/magnetic_hz0.2/L5	2026-09-09T13:44:36Z
58117276	0.0	magnetic_hz0.2	5	chain_dn	0.8	p3d_hy0.0_m0.2_L5_dn	/pscratch/sd/s/sanzharb/tc_nqs/phase3d/hy0.0/magnetic_hz0.2/L5	2026-09-09T13:44:36Z
58117276	0.0	magnetic_hz0.2	5	chain_dn	0.75	p3d_hy0.0_m0.2_L5_dn	/pscratch/sd/s/sanzharb/tc_nqs/phase3d/hy0.0/magnetic_hz0.2/L5	2026-09-09T13:44:36Z
58117276	0.0	magnetic_hz0.2	5	chain_dn	0.7	p3d_hy0.0_m0.2_L5_dn	/pscratch/sd/s/sanzharb/tc_nqs/phase3d/hy0.0/magnetic_hz0.2/L5	2026-09-09T13:44:36Z
58117276	0.0	magnetic_hz0.2	5	chain_dn	0.6	p3d_hy0.0_m0.2_L5_dn	/pscratch/sd/s/sanzharb/tc_nqs/phase3d/hy0.0/magnetic_hz0.2/L5	2026-09-09T13:44:36Z
58117278	0.0	magnetic_hz0.2	6	chain_dn	1.0	p3d_hy0.0_m0.2_L6_dn	/pscratch/sd/s/sanzharb/tc_nqs/phase3d/hy0.0/magnetic_hz0.2/L6	2026-09-09T13:44:38Z
58117278	0.0	magnetic_hz0.2	6	chain_dn	0.95	p3d_hy0.0_m0.2_L6_dn	/pscratch/sd/s/sanzharb/tc_nqs/phase3d/hy0.0/magnetic_hz0.2/L6	2026-09-09T13:44:38Z
58117278	0.0	magnetic_hz0.2	6	chain_dn	0.9	p3d_hy0.0_m0.2_L6_dn	/pscratch/sd/s/sanzharb/tc_nqs/phase3d/hy0.0/magnetic_hz0.2/L6	2026-09-09T13:44:38Z
58117278	0.0	magnetic_hz0.2	6	chain_dn	0.85	p3d_hy0.0_m0.2_L6_dn	/pscratch/sd/s/sanzharb/tc_nqs/phase3d/hy0.0/magnetic_hz0.2/L6	2026-09-09T13:44:38Z
58117278	0.0	magnetic_hz0.2	6	chain_dn	0.8	p3d_hy0.0_m0.2_L6_dn	/pscratch/sd/s/sanzharb/tc_nqs/phase3d/hy0.0/magnetic_hz0.2/L6	2026-09-09T13:44:38Z
58117278	0.0	magnetic_hz0.2	6	chain_dn	0.75	p3d_hy0.0_m0.2_L6_dn	/pscratch/sd/s/sanzharb/tc_nqs/phase3d/hy0.0/magnetic_hz0.2/L6	2026-09-09T13:44:38Z
58117278	0.0	magnetic_hz0.2	6	chain_dn	0.7	p3d_hy0.0_m0.2_L6_dn	/pscratch/sd/s/sanzharb/tc_nqs/phase3d/hy0.0/magnetic_hz0.2/L6	2026-09-09T13:44:38Z
58117278	0.0	magnetic_hz0.2	6	chain_dn	0.65	p3d_hy0.0_m0.2_L6_dn	/pscratch/sd/s/sanzharb/tc_nqs/phase3d/hy0.0/magnetic_hz0.2/L6	2026-09-09T13:44:38Z
58117280	0.0	magnetic_hz0.4	5	chain_up	0.7	p3d_hy0.0_m0.4_L5_up	/pscratch/sd/s/sanzharb/tc_nqs/phase3d/hy0.0/magnetic_hz0.4/L5	2026-09-09T13:44:39Z
58117280	0.0	magnetic_hz0.4	5	chain_up	0.8	p3d_hy0.0_m0.4_L5_up	/pscratch/sd/s/sanzharb/tc_nqs/phase3d/hy0.0/magnetic_hz0.4/L5	2026-09-09T13:44:39Z
58117280	0.0	magnetic_hz0.4	5	chain_up	0.85	p3d_hy0.0_m0.4_L5_up	/pscratch/sd/s/sanzharb/tc_nqs/phase3d/hy0.0/magnetic_hz0.4/L5	2026-09-09T13:44:39Z
58117280	0.0	magnetic_hz0.4	5	chain_up	0.9	p3d_hy0.0_m0.4_L5_up	/pscratch/sd/s/sanzharb/tc_nqs/phase3d/hy0.0/magnetic_hz0.4/L5	2026-09-09T13:44:39Z
58117280	0.0	magnetic_hz0.4	5	chain_up	0.95	p3d_hy0.0_m0.4_L5_up	/pscratch/sd/s/sanzharb/tc_nqs/phase3d/hy0.0/magnetic_hz0.4/L5	2026-09-09T13:44:39Z
58117280	0.0	magnetic_hz0.4	5	chain_up	1.0	p3d_hy0.0_m0.4_L5_up	/pscratch/sd/s/sanzharb/tc_nqs/phase3d/hy0.0/magnetic_hz0.4/L5	2026-09-09T13:44:39Z
58117281	0.0	magnetic_hz0.4	5	chain_dn	1.0	p3d_hy0.0_m0.4_L5_dn	/pscratch/sd/s/sanzharb/tc_nqs/phase3d/hy0.0/magnetic_hz0.4/L5	2026-09-09T13:44:41Z
58117281	0.0	magnetic_hz0.4	5	chain_dn	0.95	p3d_hy0.0_m0.4_L5_dn	/pscratch/sd/s/sanzharb/tc_nqs/phase3d/hy0.0/magnetic_hz0.4/L5	2026-09-09T13:44:41Z
58117281	0.0	magnetic_hz0.4	5	chain_dn	0.9	p3d_hy0.0_m0.4_L5_dn	/pscratch/sd/s/sanzharb/tc_nqs/phase3d/hy0.0/magnetic_hz0.4/L5	2026-09-09T13:44:41Z
58117281	0.0	magnetic_hz0.4	5	chain_dn	0.85	p3d_hy0.0_m0.4_L5_dn	/pscratch/sd/s/sanzharb/tc_nqs/phase3d/hy0.0/magnetic_hz0.4/L5	2026-09-09T13:44:41Z
58117281	0.0	magnetic_hz0.4	5	chain_dn	0.8	p3d_hy0.0_m0.4_L5_dn	/pscratch/sd/s/sanzharb/tc_nqs/phase3d/hy0.0/magnetic_hz0.4/L5	2026-09-09T13:44:41Z
58117281	0.0	magnetic_hz0.4	5	chain_dn	0.7	p3d_hy0.0_m0.4_L5_dn	/pscratch/sd/s/sanzharb/tc_nqs/phase3d/hy0.0/magnetic_hz0.4/L5	2026-09-09T13:44:41Z
58117282	0.0	magnetic_hz0.4	6	chain_up	0.7	p3d_hy0.0_m0.4_L6_up	/pscratch/sd/s/sanzharb/tc_nqs/phase3d/hy0.0/magnetic_hz0.4/L6	2026-09-09T13:44:41Z
58117282	0.0	magnetic_hz0.4	6	chain_up	0.75	p3d_hy0.0_m0.4_L6_up	/pscratch/sd/s/sanzharb/tc_nqs/phase3d/hy0.0/magnetic_hz0.4/L6	2026-09-09T13:44:41Z
58117282	0.0	magnetic_hz0.4	6	chain_up	0.8	p3d_hy0.0_m0.4_L6_up	/pscratch/sd/s/sanzharb/tc_nqs/phase3d/hy0.0/magnetic_hz0.4/L6	2026-09-09T13:44:41Z
58117282	0.0	magnetic_hz0.4	6	chain_up	0.85	p3d_hy0.0_m0.4_L6_up	/pscratch/sd/s/sanzharb/tc_nqs/phase3d/hy0.0/magnetic_hz0.4/L6	2026-09-09T13:44:41Z
58117282	0.0	magnetic_hz0.4	6	chain_up	0.9	p3d_hy0.0_m0.4_L6_up	/pscratch/sd/s/sanzharb/tc_nqs/phase3d/hy0.0/magnetic_hz0.4/L6	2026-09-09T13:44:41Z
58117282	0.0	magnetic_hz0.4	6	chain_up	0.95	p3d_hy0.0_m0.4_L6_up	/pscratch/sd/s/sanzharb/tc_nqs/phase3d/hy0.0/magnetic_hz0.4/L6	2026-09-09T13:44:41Z
58117282	0.0	magnetic_hz0.4	6	chain_up	1.0	p3d_hy0.0_m0.4_L6_up	/pscratch/sd/s/sanzharb/tc_nqs/phase3d/hy0.0/magnetic_hz0.4/L6	2026-09-09T13:44:41Z
58117282	0.0	magnetic_hz0.4	6	chain_up	1.05	p3d_hy0.0_m0.4_L6_up	/pscratch/sd/s/sanzharb/tc_nqs/phase3d/hy0.0/magnetic_hz0.4/L6	2026-09-09T13:44:41Z
58117284	0.0	magnetic_hz0.7	5	chain_up	0.85	p3d_hy0.0_m0.7_L5_up	/pscratch/sd/s/sanzharb/tc_nqs/phase3d/hy0.0/magnetic_hz0.7/L5	2026-09-09T13:44:44Z
58117284	0.0	magnetic_hz0.7	5	chain_up	0.95	p3d_hy0.0_m0.7_L5_up	/pscratch/sd/s/sanzharb/tc_nqs/phase3d/hy0.0/magnetic_hz0.7/L5	2026-09-09T13:44:44Z
58117284	0.0	magnetic_hz0.7	5	chain_up	1.0	p3d_hy0.0_m0.7_L5_up	/pscratch/sd/s/sanzharb/tc_nqs/phase3d/hy0.0/magnetic_hz0.7/L5	2026-09-09T13:44:44Z
58117284	0.0	magnetic_hz0.7	5	chain_up	1.05	p3d_hy0.0_m0.7_L5_up	/pscratch/sd/s/sanzharb/tc_nqs/phase3d/hy0.0/magnetic_hz0.7/L5	2026-09-09T13:44:44Z
58117284	0.0	magnetic_hz0.7	5	chain_up	1.1	p3d_hy0.0_m0.7_L5_up	/pscratch/sd/s/sanzharb/tc_nqs/phase3d/hy0.0/magnetic_hz0.7/L5	2026-09-09T13:44:44Z
58117284	0.0	magnetic_hz0.7	5	chain_up	1.15	p3d_hy0.0_m0.7_L5_up	/pscratch/sd/s/sanzharb/tc_nqs/phase3d/hy0.0/magnetic_hz0.7/L5	2026-09-09T13:44:44Z
58117285	0.0	magnetic_hz0.7	5	chain_dn	1.15	p3d_hy0.0_m0.7_L5_dn	/pscratch/sd/s/sanzharb/tc_nqs/phase3d/hy0.0/magnetic_hz0.7/L5	2026-09-09T13:44:45Z
58117285	0.0	magnetic_hz0.7	5	chain_dn	1.1	p3d_hy0.0_m0.7_L5_dn	/pscratch/sd/s/sanzharb/tc_nqs/phase3d/hy0.0/magnetic_hz0.7/L5	2026-09-09T13:44:45Z
58117285	0.0	magnetic_hz0.7	5	chain_dn	1.05	p3d_hy0.0_m0.7_L5_dn	/pscratch/sd/s/sanzharb/tc_nqs/phase3d/hy0.0/magnetic_hz0.7/L5	2026-09-09T13:44:45Z
58117285	0.0	magnetic_hz0.7	5	chain_dn	1.0	p3d_hy0.0_m0.7_L5_dn	/pscratch/sd/s/sanzharb/tc_nqs/phase3d/hy0.0/magnetic_hz0.7/L5	2026-09-09T13:44:45Z
58117285	0.0	magnetic_hz0.7	5	chain_dn	0.95	p3d_hy0.0_m0.7_L5_dn	/pscratch/sd/s/sanzharb/tc_nqs/phase3d/hy0.0/magnetic_hz0.7/L5	2026-09-09T13:44:45Z
58117285	0.0	magnetic_hz0.7	5	chain_dn	0.85	p3d_hy0.0_m0.7_L5_dn	/pscratch/sd/s/sanzharb/tc_nqs/phase3d/hy0.0/magnetic_hz0.7/L5	2026-09-09T13:44:45Z
58117286	0.0	magnetic_hz0.7	6	chain_up	0.85	p3d_hy0.0_m0.7_L6_up	/pscratch/sd/s/sanzharb/tc_nqs/phase3d/hy0.0/magnetic_hz0.7/L6	2026-09-09T13:44:47Z
58117286	0.0	magnetic_hz0.7	6	chain_up	0.95	p3d_hy0.0_m0.7_L6_up	/pscratch/sd/s/sanzharb/tc_nqs/phase3d/hy0.0/magnetic_hz0.7/L6	2026-09-09T13:44:47Z
58117286	0.0	magnetic_hz0.7	6	chain_up	1.0	p3d_hy0.0_m0.7_L6_up	/pscratch/sd/s/sanzharb/tc_nqs/phase3d/hy0.0/magnetic_hz0.7/L6	2026-09-09T13:44:47Z
58117286	0.0	magnetic_hz0.7	6	chain_up	1.05	p3d_hy0.0_m0.7_L6_up	/pscratch/sd/s/sanzharb/tc_nqs/phase3d/hy0.0/magnetic_hz0.7/L6	2026-09-09T13:44:47Z
58117286	0.0	magnetic_hz0.7	6	chain_up	1.1	p3d_hy0.0_m0.7_L6_up	/pscratch/sd/s/sanzharb/tc_nqs/phase3d/hy0.0/magnetic_hz0.7/L6	2026-09-09T13:44:47Z
58117286	0.0	magnetic_hz0.7	6	chain_up	1.15	p3d_hy0.0_m0.7_L6_up	/pscratch/sd/s/sanzharb/tc_nqs/phase3d/hy0.0/magnetic_hz0.7/L6	2026-09-09T13:44:47Z
58117288	0.0	magnetic_hz0.7	6	chain_dn	1.15	p3d_hy0.0_m0.7_L6_dn	/pscratch/sd/s/sanzharb/tc_nqs/phase3d/hy0.0/magnetic_hz0.7/L6	2026-09-09T13:44:47Z
58117288	0.0	magnetic_hz0.7	6	chain_dn	1.1	p3d_hy0.0_m0.7_L6_dn	/pscratch/sd/s/sanzharb/tc_nqs/phase3d/hy0.0/magnetic_hz0.7/L6	2026-09-09T13:44:47Z
58117288	0.0	magnetic_hz0.7	6	chain_dn	1.05	p3d_hy0.0_m0.7_L6_dn	/pscratch/sd/s/sanzharb/tc_nqs/phase3d/hy0.0/magnetic_hz0.7/L6	2026-09-09T13:44:47Z
58117288	0.0	magnetic_hz0.7	6	chain_dn	1.0	p3d_hy0.0_m0.7_L6_dn	/pscratch/sd/s/sanzharb/tc_nqs/phase3d/hy0.0/magnetic_hz0.7/L6	2026-09-09T13:44:47Z
58117288	0.0	magnetic_hz0.7	6	chain_dn	0.95	p3d_hy0.0_m0.7_L6_dn	/pscratch/sd/s/sanzharb/tc_nqs/phase3d/hy0.0/magnetic_hz0.7/L6	2026-09-09T13:44:47Z
58117288	0.0	magnetic_hz0.7	6	chain_dn	0.85	p3d_hy0.0_m0.7_L6_dn	/pscratch/sd/s/sanzharb/tc_nqs/phase3d/hy0.0/magnetic_hz0.7/L6	2026-09-09T13:44:47Z
58117289	0.0	magnetic_hz1.0	5	chain_up	1.05	p3d_hy0.0_m1.0_L5_up	/pscratch/sd/s/sanzharb/tc_nqs/phase3d/hy0.0/magnetic_hz1.0/L5	2026-09-09T13:44:49Z
58117289	0.0	magnetic_hz1.0	5	chain_up	1.15	p3d_hy0.0_m1.0_L5_up	/pscratch/sd/s/sanzharb/tc_nqs/phase3d/hy0.0/magnetic_hz1.0/L5	2026-09-09T13:44:49Z
58117289	0.0	magnetic_hz1.0	5	chain_up	1.2	p3d_hy0.0_m1.0_L5_up	/pscratch/sd/s/sanzharb/tc_nqs/phase3d/hy0.0/magnetic_hz1.0/L5	2026-09-09T13:44:49Z
58117289	0.0	magnetic_hz1.0	5	chain_up	1.25	p3d_hy0.0_m1.0_L5_up	/pscratch/sd/s/sanzharb/tc_nqs/phase3d/hy0.0/magnetic_hz1.0/L5	2026-09-09T13:44:49Z
58117289	0.0	magnetic_hz1.0	5	chain_up	1.3	p3d_hy0.0_m1.0_L5_up	/pscratch/sd/s/sanzharb/tc_nqs/phase3d/hy0.0/magnetic_hz1.0/L5	2026-09-09T13:44:49Z
58117289	0.0	magnetic_hz1.0	5	chain_up	1.35	p3d_hy0.0_m1.0_L5_up	/pscratch/sd/s/sanzharb/tc_nqs/phase3d/hy0.0/magnetic_hz1.0/L5	2026-09-09T13:44:49Z
58117290	0.0	magnetic_hz1.0	5	chain_dn	1.35	p3d_hy0.0_m1.0_L5_dn	/pscratch/sd/s/sanzharb/tc_nqs/phase3d/hy0.0/magnetic_hz1.0/L5	2026-09-09T13:44:50Z
58117290	0.0	magnetic_hz1.0	5	chain_dn	1.3	p3d_hy0.0_m1.0_L5_dn	/pscratch/sd/s/sanzharb/tc_nqs/phase3d/hy0.0/magnetic_hz1.0/L5	2026-09-09T13:44:50Z
58117290	0.0	magnetic_hz1.0	5	chain_dn	1.25	p3d_hy0.0_m1.0_L5_dn	/pscratch/sd/s/sanzharb/tc_nqs/phase3d/hy0.0/magnetic_hz1.0/L5	2026-09-09T13:44:50Z
58117290	0.0	magnetic_hz1.0	5	chain_dn	1.2	p3d_hy0.0_m1.0_L5_dn	/pscratch/sd/s/sanzharb/tc_nqs/phase3d/hy0.0/magnetic_hz1.0/L5	2026-09-09T13:44:50Z
58117290	0.0	magnetic_hz1.0	5	chain_dn	1.15	p3d_hy0.0_m1.0_L5_dn	/pscratch/sd/s/sanzharb/tc_nqs/phase3d/hy0.0/magnetic_hz1.0/L5	2026-09-09T13:44:50Z
58117290	0.0	magnetic_hz1.0	5	chain_dn	1.05	p3d_hy0.0_m1.0_L5_dn	/pscratch/sd/s/sanzharb/tc_nqs/phase3d/hy0.0/magnetic_hz1.0/L5	2026-09-09T13:44:50Z
58117291	0.0	magnetic_hz1.0	6	chain_up	1.05	p3d_hy0.0_m1.0_L6_up	/pscratch/sd/s/sanzharb/tc_nqs/phase3d/hy0.0/magnetic_hz1.0/L6	2026-09-09T13:44:52Z
58117291	0.0	magnetic_hz1.0	6	chain_up	1.15	p3d_hy0.0_m1.0_L6_up	/pscratch/sd/s/sanzharb/tc_nqs/phase3d/hy0.0/magnetic_hz1.0/L6	2026-09-09T13:44:52Z
58117291	0.0	magnetic_hz1.0	6	chain_up	1.2	p3d_hy0.0_m1.0_L6_up	/pscratch/sd/s/sanzharb/tc_nqs/phase3d/hy0.0/magnetic_hz1.0/L6	2026-09-09T13:44:52Z
58117291	0.0	magnetic_hz1.0	6	chain_up	1.25	p3d_hy0.0_m1.0_L6_up	/pscratch/sd/s/sanzharb/tc_nqs/phase3d/hy0.0/magnetic_hz1.0/L6	2026-09-09T13:44:52Z
58117291	0.0	magnetic_hz1.0	6	chain_up	1.3	p3d_hy0.0_m1.0_L6_up	/pscratch/sd/s/sanzharb/tc_nqs/phase3d/hy0.0/magnetic_hz1.0/L6	2026-09-09T13:44:52Z
58117291	0.0	magnetic_hz1.0	6	chain_up	1.35	p3d_hy0.0_m1.0_L6_up	/pscratch/sd/s/sanzharb/tc_nqs/phase3d/hy0.0/magnetic_hz1.0/L6	2026-09-09T13:44:52Z
58117292	0.0	magnetic_hz1.0	6	chain_dn	1.35	p3d_hy0.0_m1.0_L6_dn	/pscratch/sd/s/sanzharb/tc_nqs/phase3d/hy0.0/magnetic_hz1.0/L6	2026-09-09T13:44:52Z
58117292	0.0	magnetic_hz1.0	6	chain_dn	1.3	p3d_hy0.0_m1.0_L6_dn	/pscratch/sd/s/sanzharb/tc_nqs/phase3d/hy0.0/magnetic_hz1.0/L6	2026-09-09T13:44:52Z
58117292	0.0	magnetic_hz1.0	6	chain_dn	1.25	p3d_hy0.0_m1.0_L6_dn	/pscratch/sd/s/sanzharb/tc_nqs/phase3d/hy0.0/magnetic_hz1.0/L6	2026-09-09T13:44:52Z
58117292	0.0	magnetic_hz1.0	6	chain_dn	1.2	p3d_hy0.0_m1.0_L6_dn	/pscratch/sd/s/sanzharb/tc_nqs/phase3d/hy0.0/magnetic_hz1.0/L6	2026-09-09T13:44:52Z
58117292	0.0	magnetic_hz1.0	6	chain_dn	1.15	p3d_hy0.0_m1.0_L6_dn	/pscratch/sd/s/sanzharb/tc_nqs/phase3d/hy0.0/magnetic_hz1.0/L6	2026-09-09T13:44:52Z
58117292	0.0	magnetic_hz1.0	6	chain_dn	1.05	p3d_hy0.0_m1.0_L6_dn	/pscratch/sd/s/sanzharb/tc_nqs/phase3d/hy0.0/magnetic_hz1.0/L6	2026-09-09T13:44:52Z
58117554	0.2	electric_hx0.0	4	cold	0.17	p3d_hy0.2_e0.0_L4	/pscratch/sd/s/sanzharb/tc_nqs/phase3d/hy0.2/electric_hx0.0/L4	2026-09-09T13:47:41Z
58117555	0.2	electric_hx0.0	4	cold	0.23	p3d_hy0.2_e0.0_L4	/pscratch/sd/s/sanzharb/tc_nqs/phase3d/hy0.2/electric_hx0.0/L4	2026-09-09T13:47:41Z
58117557	0.2	electric_hx0.0	4	cold	0.26	p3d_hy0.2_e0.0_L4	/pscratch/sd/s/sanzharb/tc_nqs/phase3d/hy0.2/electric_hx0.0/L4	2026-09-09T13:47:41Z
58117558	0.2	electric_hx0.0	4	cold	0.29	p3d_hy0.2_e0.0_L4	/pscratch/sd/s/sanzharb/tc_nqs/phase3d/hy0.2/electric_hx0.0/L4	2026-09-09T13:47:41Z
58117559	0.2	electric_hx0.0	4	cold	0.32	p3d_hy0.2_e0.0_L4	/pscratch/sd/s/sanzharb/tc_nqs/phase3d/hy0.2/electric_hx0.0/L4	2026-09-09T13:47:41Z
58117560	0.2	electric_hx0.0	4	cold	0.35	p3d_hy0.2_e0.0_L4	/pscratch/sd/s/sanzharb/tc_nqs/phase3d/hy0.2/electric_hx0.0/L4	2026-09-09T13:47:41Z
58117561	0.2	electric_hx0.0	4	cold	0.41	p3d_hy0.2_e0.0_L4	/pscratch/sd/s/sanzharb/tc_nqs/phase3d/hy0.2/electric_hx0.0/L4	2026-09-09T13:47:41Z
58117562	0.2	electric_hx0.5	4	cold	0.19	p3d_hy0.2_e0.5_L4	/pscratch/sd/s/sanzharb/tc_nqs/phase3d/hy0.2/electric_hx0.5/L4	2026-09-09T13:47:42Z
58117563	0.2	electric_hx0.5	4	cold	0.25	p3d_hy0.2_e0.5_L4	/pscratch/sd/s/sanzharb/tc_nqs/phase3d/hy0.2/electric_hx0.5/L4	2026-09-09T13:47:42Z
58117564	0.2	electric_hx0.5	4	cold	0.28	p3d_hy0.2_e0.5_L4	/pscratch/sd/s/sanzharb/tc_nqs/phase3d/hy0.2/electric_hx0.5/L4	2026-09-09T13:47:42Z
58117565	0.2	electric_hx0.5	4	cold	0.31	p3d_hy0.2_e0.5_L4	/pscratch/sd/s/sanzharb/tc_nqs/phase3d/hy0.2/electric_hx0.5/L4	2026-09-09T13:47:42Z
58117566	0.2	electric_hx0.5	4	cold	0.34	p3d_hy0.2_e0.5_L4	/pscratch/sd/s/sanzharb/tc_nqs/phase3d/hy0.2/electric_hx0.5/L4	2026-09-09T13:47:42Z
58117567	0.2	electric_hx0.5	4	cold	0.37	p3d_hy0.2_e0.5_L4	/pscratch/sd/s/sanzharb/tc_nqs/phase3d/hy0.2/electric_hx0.5/L4	2026-09-09T13:47:42Z
58117568	0.2	electric_hx0.5	4	cold	0.43	p3d_hy0.2_e0.5_L4	/pscratch/sd/s/sanzharb/tc_nqs/phase3d/hy0.2/electric_hx0.5/L4	2026-09-09T13:47:42Z
58117569	0.2	electric_hx0.8	4	cold	0.25	p3d_hy0.2_e0.8_L4	/pscratch/sd/s/sanzharb/tc_nqs/phase3d/hy0.2/electric_hx0.8/L4	2026-09-09T13:47:42Z
58117570	0.2	electric_hx0.8	4	cold	0.31	p3d_hy0.2_e0.8_L4	/pscratch/sd/s/sanzharb/tc_nqs/phase3d/hy0.2/electric_hx0.8/L4	2026-09-09T13:47:42Z
58117571	0.2	electric_hx0.8	4	cold	0.34	p3d_hy0.2_e0.8_L4	/pscratch/sd/s/sanzharb/tc_nqs/phase3d/hy0.2/electric_hx0.8/L4	2026-09-09T13:47:42Z
58117572	0.2	electric_hx0.8	4	cold	0.37	p3d_hy0.2_e0.8_L4	/pscratch/sd/s/sanzharb/tc_nqs/phase3d/hy0.2/electric_hx0.8/L4	2026-09-09T13:47:42Z
58117573	0.2	electric_hx0.8	4	cold	0.4	p3d_hy0.2_e0.8_L4	/pscratch/sd/s/sanzharb/tc_nqs/phase3d/hy0.2/electric_hx0.8/L4	2026-09-09T13:47:42Z
58117574	0.2	electric_hx0.8	4	cold	0.43	p3d_hy0.2_e0.8_L4	/pscratch/sd/s/sanzharb/tc_nqs/phase3d/hy0.2/electric_hx0.8/L4	2026-09-09T13:47:42Z
58117575	0.2	electric_hx0.8	4	cold	0.49	p3d_hy0.2_e0.8_L4	/pscratch/sd/s/sanzharb/tc_nqs/phase3d/hy0.2/electric_hx0.8/L4	2026-09-09T13:47:42Z
58117576	0.2	magnetic_hz0.0	4	chain_up	0.6	p3d_hy0.2_m0.0_L4_up	/pscratch/sd/s/sanzharb/tc_nqs/phase3d/hy0.2/magnetic_hz0.0/L4	2026-09-09T13:47:43Z
58117576	0.2	magnetic_hz0.0	4	chain_up	0.7	p3d_hy0.2_m0.0_L4_up	/pscratch/sd/s/sanzharb/tc_nqs/phase3d/hy0.2/magnetic_hz0.0/L4	2026-09-09T13:47:43Z
58117576	0.2	magnetic_hz0.0	4	chain_up	0.8	p3d_hy0.2_m0.0_L4_up	/pscratch/sd/s/sanzharb/tc_nqs/phase3d/hy0.2/magnetic_hz0.0/L4	2026-09-09T13:47:43Z
58117576	0.2	magnetic_hz0.0	4	chain_up	0.85	p3d_hy0.2_m0.0_L4_up	/pscratch/sd/s/sanzharb/tc_nqs/phase3d/hy0.2/magnetic_hz0.0/L4	2026-09-09T13:47:43Z
58117576	0.2	magnetic_hz0.0	4	chain_up	0.9	p3d_hy0.2_m0.0_L4_up	/pscratch/sd/s/sanzharb/tc_nqs/phase3d/hy0.2/magnetic_hz0.0/L4	2026-09-09T13:47:43Z
58117576	0.2	magnetic_hz0.0	4	chain_up	0.95	p3d_hy0.2_m0.0_L4_up	/pscratch/sd/s/sanzharb/tc_nqs/phase3d/hy0.2/magnetic_hz0.0/L4	2026-09-09T13:47:43Z
58117576	0.2	magnetic_hz0.0	4	chain_up	1.0	p3d_hy0.2_m0.0_L4_up	/pscratch/sd/s/sanzharb/tc_nqs/phase3d/hy0.2/magnetic_hz0.0/L4	2026-09-09T13:47:43Z
58117577	0.2	magnetic_hz0.0	4	chain_dn	1.25	p3d_hy0.2_m0.0_L4_dn	/pscratch/sd/s/sanzharb/tc_nqs/phase3d/hy0.2/magnetic_hz0.0/L4	2026-09-09T13:47:43Z
58117577	0.2	magnetic_hz0.0	4	chain_dn	1.15	p3d_hy0.2_m0.0_L4_dn	/pscratch/sd/s/sanzharb/tc_nqs/phase3d/hy0.2/magnetic_hz0.0/L4	2026-09-09T13:47:43Z
58117577	0.2	magnetic_hz0.0	4	chain_dn	1.05	p3d_hy0.2_m0.0_L4_dn	/pscratch/sd/s/sanzharb/tc_nqs/phase3d/hy0.2/magnetic_hz0.0/L4	2026-09-09T13:47:43Z
58117577	0.2	magnetic_hz0.0	4	chain_dn	1.0	p3d_hy0.2_m0.0_L4_dn	/pscratch/sd/s/sanzharb/tc_nqs/phase3d/hy0.2/magnetic_hz0.0/L4	2026-09-09T13:47:43Z
58117577	0.2	magnetic_hz0.0	4	chain_dn	0.95	p3d_hy0.2_m0.0_L4_dn	/pscratch/sd/s/sanzharb/tc_nqs/phase3d/hy0.2/magnetic_hz0.0/L4	2026-09-09T13:47:43Z
58117577	0.2	magnetic_hz0.0	4	chain_dn	0.9	p3d_hy0.2_m0.0_L4_dn	/pscratch/sd/s/sanzharb/tc_nqs/phase3d/hy0.2/magnetic_hz0.0/L4	2026-09-09T13:47:43Z
58117577	0.2	magnetic_hz0.0	4	chain_dn	0.85	p3d_hy0.2_m0.0_L4_dn	/pscratch/sd/s/sanzharb/tc_nqs/phase3d/hy0.2/magnetic_hz0.0/L4	2026-09-09T13:47:43Z
58117578	0.2	magnetic_hz0.2	4	chain_up	0.6	p3d_hy0.2_m0.2_L4_up	/pscratch/sd/s/sanzharb/tc_nqs/phase3d/hy0.2/magnetic_hz0.2/L4	2026-09-09T13:47:43Z
58117578	0.2	magnetic_hz0.2	4	chain_up	0.7	p3d_hy0.2_m0.2_L4_up	/pscratch/sd/s/sanzharb/tc_nqs/phase3d/hy0.2/magnetic_hz0.2/L4	2026-09-09T13:47:43Z
58117578	0.2	magnetic_hz0.2	4	chain_up	0.8	p3d_hy0.2_m0.2_L4_up	/pscratch/sd/s/sanzharb/tc_nqs/phase3d/hy0.2/magnetic_hz0.2/L4	2026-09-09T13:47:43Z
58117578	0.2	magnetic_hz0.2	4	chain_up	0.85	p3d_hy0.2_m0.2_L4_up	/pscratch/sd/s/sanzharb/tc_nqs/phase3d/hy0.2/magnetic_hz0.2/L4	2026-09-09T13:47:43Z
58117578	0.2	magnetic_hz0.2	4	chain_up	0.9	p3d_hy0.2_m0.2_L4_up	/pscratch/sd/s/sanzharb/tc_nqs/phase3d/hy0.2/magnetic_hz0.2/L4	2026-09-09T13:47:43Z
58117578	0.2	magnetic_hz0.2	4	chain_up	0.95	p3d_hy0.2_m0.2_L4_up	/pscratch/sd/s/sanzharb/tc_nqs/phase3d/hy0.2/magnetic_hz0.2/L4	2026-09-09T13:47:43Z
58117578	0.2	magnetic_hz0.2	4	chain_up	1.0	p3d_hy0.2_m0.2_L4_up	/pscratch/sd/s/sanzharb/tc_nqs/phase3d/hy0.2/magnetic_hz0.2/L4	2026-09-09T13:47:43Z
58117579	0.2	magnetic_hz0.2	4	chain_dn	1.25	p3d_hy0.2_m0.2_L4_dn	/pscratch/sd/s/sanzharb/tc_nqs/phase3d/hy0.2/magnetic_hz0.2/L4	2026-09-09T13:47:43Z
58117579	0.2	magnetic_hz0.2	4	chain_dn	1.15	p3d_hy0.2_m0.2_L4_dn	/pscratch/sd/s/sanzharb/tc_nqs/phase3d/hy0.2/magnetic_hz0.2/L4	2026-09-09T13:47:43Z
58117579	0.2	magnetic_hz0.2	4	chain_dn	1.05	p3d_hy0.2_m0.2_L4_dn	/pscratch/sd/s/sanzharb/tc_nqs/phase3d/hy0.2/magnetic_hz0.2/L4	2026-09-09T13:47:43Z
58117579	0.2	magnetic_hz0.2	4	chain_dn	1.0	p3d_hy0.2_m0.2_L4_dn	/pscratch/sd/s/sanzharb/tc_nqs/phase3d/hy0.2/magnetic_hz0.2/L4	2026-09-09T13:47:43Z
58117579	0.2	magnetic_hz0.2	4	chain_dn	0.95	p3d_hy0.2_m0.2_L4_dn	/pscratch/sd/s/sanzharb/tc_nqs/phase3d/hy0.2/magnetic_hz0.2/L4	2026-09-09T13:47:43Z
58117579	0.2	magnetic_hz0.2	4	chain_dn	0.9	p3d_hy0.2_m0.2_L4_dn	/pscratch/sd/s/sanzharb/tc_nqs/phase3d/hy0.2/magnetic_hz0.2/L4	2026-09-09T13:47:43Z
58117579	0.2	magnetic_hz0.2	4	chain_dn	0.85	p3d_hy0.2_m0.2_L4_dn	/pscratch/sd/s/sanzharb/tc_nqs/phase3d/hy0.2/magnetic_hz0.2/L4	2026-09-09T13:47:43Z
58117580	0.2	magnetic_hz0.4	4	chain_up	0.5	p3d_hy0.2_m0.4_L4_up	/pscratch/sd/s/sanzharb/tc_nqs/phase3d/hy0.2/magnetic_hz0.4/L4	2026-09-09T13:47:43Z
58117580	0.2	magnetic_hz0.4	4	chain_up	0.7	p3d_hy0.2_m0.4_L4_up	/pscratch/sd/s/sanzharb/tc_nqs/phase3d/hy0.2/magnetic_hz0.4/L4	2026-09-09T13:47:43Z
58117580	0.2	magnetic_hz0.4	4	chain_up	0.8	p3d_hy0.2_m0.4_L4_up	/pscratch/sd/s/sanzharb/tc_nqs/phase3d/hy0.2/magnetic_hz0.4/L4	2026-09-09T13:47:43Z
58117580	0.2	magnetic_hz0.4	4	chain_up	0.85	p3d_hy0.2_m0.4_L4_up	/pscratch/sd/s/sanzharb/tc_nqs/phase3d/hy0.2/magnetic_hz0.4/L4	2026-09-09T13:47:43Z
58117580	0.2	magnetic_hz0.4	4	chain_up	0.9	p3d_hy0.2_m0.4_L4_up	/pscratch/sd/s/sanzharb/tc_nqs/phase3d/hy0.2/magnetic_hz0.4/L4	2026-09-09T13:47:43Z
58117580	0.2	magnetic_hz0.4	4	chain_up	0.95	p3d_hy0.2_m0.4_L4_up	/pscratch/sd/s/sanzharb/tc_nqs/phase3d/hy0.2/magnetic_hz0.4/L4	2026-09-09T13:47:43Z
58117580	0.2	magnetic_hz0.4	4	chain_up	1.0	p3d_hy0.2_m0.4_L4_up	/pscratch/sd/s/sanzharb/tc_nqs/phase3d/hy0.2/magnetic_hz0.4/L4	2026-09-09T13:47:43Z
58117581	0.2	magnetic_hz0.4	4	chain_dn	1.3	p3d_hy0.2_m0.4_L4_dn	/pscratch/sd/s/sanzharb/tc_nqs/phase3d/hy0.2/magnetic_hz0.4/L4	2026-09-09T13:47:43Z
58117581	0.2	magnetic_hz0.4	4	chain_dn	1.1	p3d_hy0.2_m0.4_L4_dn	/pscratch/sd/s/sanzharb/tc_nqs/phase3d/hy0.2/magnetic_hz0.4/L4	2026-09-09T13:47:43Z
58117581	0.2	magnetic_hz0.4	4	chain_dn	1.0	p3d_hy0.2_m0.4_L4_dn	/pscratch/sd/s/sanzharb/tc_nqs/phase3d/hy0.2/magnetic_hz0.4/L4	2026-09-09T13:47:43Z
58117581	0.2	magnetic_hz0.4	4	chain_dn	0.95	p3d_hy0.2_m0.4_L4_dn	/pscratch/sd/s/sanzharb/tc_nqs/phase3d/hy0.2/magnetic_hz0.4/L4	2026-09-09T13:47:43Z
58117581	0.2	magnetic_hz0.4	4	chain_dn	0.9	p3d_hy0.2_m0.4_L4_dn	/pscratch/sd/s/sanzharb/tc_nqs/phase3d/hy0.2/magnetic_hz0.4/L4	2026-09-09T13:47:43Z
58117581	0.2	magnetic_hz0.4	4	chain_dn	0.85	p3d_hy0.2_m0.4_L4_dn	/pscratch/sd/s/sanzharb/tc_nqs/phase3d/hy0.2/magnetic_hz0.4/L4	2026-09-09T13:47:43Z
58117581	0.2	magnetic_hz0.4	4	chain_dn	0.8	p3d_hy0.2_m0.4_L4_dn	/pscratch/sd/s/sanzharb/tc_nqs/phase3d/hy0.2/magnetic_hz0.4/L4	2026-09-09T13:47:43Z
58117582	0.2	magnetic_hz0.7	4	chain_up	0.6	p3d_hy0.2_m0.7_L4_up	/pscratch/sd/s/sanzharb/tc_nqs/phase3d/hy0.2/magnetic_hz0.7/L4	2026-09-09T13:47:43Z
58117582	0.2	magnetic_hz0.7	4	chain_up	0.85	p3d_hy0.2_m0.7_L4_up	/pscratch/sd/s/sanzharb/tc_nqs/phase3d/hy0.2/magnetic_hz0.7/L4	2026-09-09T13:47:43Z
58117582	0.2	magnetic_hz0.7	4	chain_up	0.95	p3d_hy0.2_m0.7_L4_up	/pscratch/sd/s/sanzharb/tc_nqs/phase3d/hy0.2/magnetic_hz0.7/L4	2026-09-09T13:47:43Z
58117582	0.2	magnetic_hz0.7	4	chain_up	1.0	p3d_hy0.2_m0.7_L4_up	/pscratch/sd/s/sanzharb/tc_nqs/phase3d/hy0.2/magnetic_hz0.7/L4	2026-09-09T13:47:43Z
58117582	0.2	magnetic_hz0.7	4	chain_up	1.05	p3d_hy0.2_m0.7_L4_up	/pscratch/sd/s/sanzharb/tc_nqs/phase3d/hy0.2/magnetic_hz0.7/L4	2026-09-09T13:47:43Z
58117582	0.2	magnetic_hz0.7	4	chain_up	1.1	p3d_hy0.2_m0.7_L4_up	/pscratch/sd/s/sanzharb/tc_nqs/phase3d/hy0.2/magnetic_hz0.7/L4	2026-09-09T13:47:43Z
58117582	0.2	magnetic_hz0.7	4	chain_up	1.15	p3d_hy0.2_m0.7_L4_up	/pscratch/sd/s/sanzharb/tc_nqs/phase3d/hy0.2/magnetic_hz0.7/L4	2026-09-09T13:47:43Z
58117583	0.2	magnetic_hz0.7	4	chain_dn	1.5	p3d_hy0.2_m0.7_L4_dn	/pscratch/sd/s/sanzharb/tc_nqs/phase3d/hy0.2/magnetic_hz0.7/L4	2026-09-09T13:47:43Z
58117583	0.2	magnetic_hz0.7	4	chain_dn	1.25	p3d_hy0.2_m0.7_L4_dn	/pscratch/sd/s/sanzharb/tc_nqs/phase3d/hy0.2/magnetic_hz0.7/L4	2026-09-09T13:47:43Z
58117583	0.2	magnetic_hz0.7	4	chain_dn	1.15	p3d_hy0.2_m0.7_L4_dn	/pscratch/sd/s/sanzharb/tc_nqs/phase3d/hy0.2/magnetic_hz0.7/L4	2026-09-09T13:47:43Z
58117583	0.2	magnetic_hz0.7	4	chain_dn	1.1	p3d_hy0.2_m0.7_L4_dn	/pscratch/sd/s/sanzharb/tc_nqs/phase3d/hy0.2/magnetic_hz0.7/L4	2026-09-09T13:47:43Z
58117583	0.2	magnetic_hz0.7	4	chain_dn	1.05	p3d_hy0.2_m0.7_L4_dn	/pscratch/sd/s/sanzharb/tc_nqs/phase3d/hy0.2/magnetic_hz0.7/L4	2026-09-09T13:47:43Z
58117583	0.2	magnetic_hz0.7	4	chain_dn	1.0	p3d_hy0.2_m0.7_L4_dn	/pscratch/sd/s/sanzharb/tc_nqs/phase3d/hy0.2/magnetic_hz0.7/L4	2026-09-09T13:47:43Z
58117583	0.2	magnetic_hz0.7	4	chain_dn	0.95	p3d_hy0.2_m0.7_L4_dn	/pscratch/sd/s/sanzharb/tc_nqs/phase3d/hy0.2/magnetic_hz0.7/L4	2026-09-09T13:47:43Z
58117584	0.2	magnetic_hz1.0	4	chain_up	0.8	p3d_hy0.2_m1.0_L4_up	/pscratch/sd/s/sanzharb/tc_nqs/phase3d/hy0.2/magnetic_hz1.0/L4	2026-09-09T13:47:43Z
58117584	0.2	magnetic_hz1.0	4	chain_up	1.05	p3d_hy0.2_m1.0_L4_up	/pscratch/sd/s/sanzharb/tc_nqs/phase3d/hy0.2/magnetic_hz1.0/L4	2026-09-09T13:47:43Z
58117584	0.2	magnetic_hz1.0	4	chain_up	1.15	p3d_hy0.2_m1.0_L4_up	/pscratch/sd/s/sanzharb/tc_nqs/phase3d/hy0.2/magnetic_hz1.0/L4	2026-09-09T13:47:43Z
58117584	0.2	magnetic_hz1.0	4	chain_up	1.2	p3d_hy0.2_m1.0_L4_up	/pscratch/sd/s/sanzharb/tc_nqs/phase3d/hy0.2/magnetic_hz1.0/L4	2026-09-09T13:47:43Z
58117584	0.2	magnetic_hz1.0	4	chain_up	1.25	p3d_hy0.2_m1.0_L4_up	/pscratch/sd/s/sanzharb/tc_nqs/phase3d/hy0.2/magnetic_hz1.0/L4	2026-09-09T13:47:43Z
58117584	0.2	magnetic_hz1.0	4	chain_up	1.3	p3d_hy0.2_m1.0_L4_up	/pscratch/sd/s/sanzharb/tc_nqs/phase3d/hy0.2/magnetic_hz1.0/L4	2026-09-09T13:47:43Z
58117584	0.2	magnetic_hz1.0	4	chain_up	1.35	p3d_hy0.2_m1.0_L4_up	/pscratch/sd/s/sanzharb/tc_nqs/phase3d/hy0.2/magnetic_hz1.0/L4	2026-09-09T13:47:43Z
58117585	0.2	magnetic_hz1.0	4	chain_dn	1.7	p3d_hy0.2_m1.0_L4_dn	/pscratch/sd/s/sanzharb/tc_nqs/phase3d/hy0.2/magnetic_hz1.0/L4	2026-09-09T13:47:43Z
58117585	0.2	magnetic_hz1.0	4	chain_dn	1.45	p3d_hy0.2_m1.0_L4_dn	/pscratch/sd/s/sanzharb/tc_nqs/phase3d/hy0.2/magnetic_hz1.0/L4	2026-09-09T13:47:43Z
58117585	0.2	magnetic_hz1.0	4	chain_dn	1.35	p3d_hy0.2_m1.0_L4_dn	/pscratch/sd/s/sanzharb/tc_nqs/phase3d/hy0.2/magnetic_hz1.0/L4	2026-09-09T13:47:43Z
58117585	0.2	magnetic_hz1.0	4	chain_dn	1.3	p3d_hy0.2_m1.0_L4_dn	/pscratch/sd/s/sanzharb/tc_nqs/phase3d/hy0.2/magnetic_hz1.0/L4	2026-09-09T13:47:43Z
58117585	0.2	magnetic_hz1.0	4	chain_dn	1.25	p3d_hy0.2_m1.0_L4_dn	/pscratch/sd/s/sanzharb/tc_nqs/phase3d/hy0.2/magnetic_hz1.0/L4	2026-09-09T13:47:43Z
58117585	0.2	magnetic_hz1.0	4	chain_dn	1.2	p3d_hy0.2_m1.0_L4_dn	/pscratch/sd/s/sanzharb/tc_nqs/phase3d/hy0.2/magnetic_hz1.0/L4	2026-09-09T13:47:43Z
58117585	0.2	magnetic_hz1.0	4	chain_dn	1.15	p3d_hy0.2_m1.0_L4_dn	/pscratch/sd/s/sanzharb/tc_nqs/phase3d/hy0.2/magnetic_hz1.0/L4	2026-09-09T13:47:43Z
58117587	0.4	electric_hx0.0	4	cold	0.16	p3d_hy0.4_e0.0_L4	/pscratch/sd/s/sanzharb/tc_nqs/phase3d/hy0.4/electric_hx0.0/L4	2026-09-09T13:47:46Z
58117588	0.4	electric_hx0.0	4	cold	0.22	p3d_hy0.4_e0.0_L4	/pscratch/sd/s/sanzharb/tc_nqs/phase3d/hy0.4/electric_hx0.0/L4	2026-09-09T13:47:49Z
58117589	0.4	electric_hx0.0	4	cold	0.25	p3d_hy0.4_e0.0_L4	/pscratch/sd/s/sanzharb/tc_nqs/phase3d/hy0.4/electric_hx0.0/L4	2026-09-09T13:47:49Z
58117590	0.4	electric_hx0.0	4	cold	0.28	p3d_hy0.4_e0.0_L4	/pscratch/sd/s/sanzharb/tc_nqs/phase3d/hy0.4/electric_hx0.0/L4	2026-09-09T13:47:53Z
58117591	0.4	electric_hx0.0	4	cold	0.31	p3d_hy0.4_e0.0_L4	/pscratch/sd/s/sanzharb/tc_nqs/phase3d/hy0.4/electric_hx0.0/L4	2026-09-09T13:47:53Z
58117592	0.4	electric_hx0.0	4	cold	0.34	p3d_hy0.4_e0.0_L4	/pscratch/sd/s/sanzharb/tc_nqs/phase3d/hy0.4/electric_hx0.0/L4	2026-09-09T13:47:53Z
58117593	0.4	electric_hx0.0	4	cold	0.4	p3d_hy0.4_e0.0_L4	/pscratch/sd/s/sanzharb/tc_nqs/phase3d/hy0.4/electric_hx0.0/L4	2026-09-09T13:47:55Z
58117594	0.4	electric_hx0.5	4	cold	0.18	p3d_hy0.4_e0.5_L4	/pscratch/sd/s/sanzharb/tc_nqs/phase3d/hy0.4/electric_hx0.5/L4	2026-09-09T13:47:57Z
58117595	0.4	electric_hx0.5	4	cold	0.24	p3d_hy0.4_e0.5_L4	/pscratch/sd/s/sanzharb/tc_nqs/phase3d/hy0.4/electric_hx0.5/L4	2026-09-09T13:47:59Z
58122892	0.4	electric_hx0.5	4	cold	0.27	p3d_hy0.4_e0.5_L4	/pscratch/sd/s/sanzharb/tc_nqs/phase3d/hy0.4/electric_hx0.5/L4	2026-09-09T16:35:25Z
58124260	0.4	electric_hx0.5	4	cold	0.3	p3d_hy0.4_e0.5_L4	/pscratch/sd/s/sanzharb/tc_nqs/phase3d/hy0.4/electric_hx0.5/L4	2026-09-09T17:35:16Z
58124262	0.4	electric_hx0.5	4	cold	0.33	p3d_hy0.4_e0.5_L4	/pscratch/sd/s/sanzharb/tc_nqs/phase3d/hy0.4/electric_hx0.5/L4	2026-09-09T17:35:18Z
58125634	0.4	electric_hx0.5	4	cold	0.36	p3d_hy0.4_e0.5_L4	/pscratch/sd/s/sanzharb/tc_nqs/phase3d/hy0.4/electric_hx0.5/L4	2026-09-09T18:35:17Z
58125635	0.4	electric_hx0.5	4	cold	0.42	p3d_hy0.4_e0.5_L4	/pscratch/sd/s/sanzharb/tc_nqs/phase3d/hy0.4/electric_hx0.5/L4	2026-09-09T18:35:18Z
58115595	0.0	magnetic_hz0.0	4	chain_up	0.8	p3d_hy0.0_m0.0_L4_up	/pscratch/sd/s/sanzharb/tc_nqs/phase3d/hy0.0/magnetic_hz0.0/L4	2026-09-09T12:36:17Z
58115595	0.0	magnetic_hz0.0	4	chain_up	0.85	p3d_hy0.0_m0.0_L4_up	/pscratch/sd/s/sanzharb/tc_nqs/phase3d/hy0.0/magnetic_hz0.0/L4	2026-09-09T12:36:17Z
58115595	0.0	magnetic_hz0.0	4	chain_up	0.9	p3d_hy0.0_m0.0_L4_up	/pscratch/sd/s/sanzharb/tc_nqs/phase3d/hy0.0/magnetic_hz0.0/L4	2026-09-09T12:36:17Z
58115595	0.0	magnetic_hz0.0	4	chain_up	0.95	p3d_hy0.0_m0.0_L4_up	/pscratch/sd/s/sanzharb/tc_nqs/phase3d/hy0.0/magnetic_hz0.0/L4	2026-09-09T12:36:17Z
58115595	0.0	magnetic_hz0.0	4	chain_up	1.0	p3d_hy0.0_m0.0_L4_up	/pscratch/sd/s/sanzharb/tc_nqs/phase3d/hy0.0/magnetic_hz0.0/L4	2026-09-09T12:36:17Z
58137003	0.0	magnetic_hz0.4	6	chain_dn	1.05	p3d_hy0.0_m0.4_L6_dn	/pscratch/sd/s/sanzharb/tc_nqs/phase3d/hy0.0/magnetic_hz0.4/L6	2026-09-10T02:15:16Z
58137003	0.0	magnetic_hz0.4	6	chain_dn	1.0	p3d_hy0.0_m0.4_L6_dn	/pscratch/sd/s/sanzharb/tc_nqs/phase3d/hy0.0/magnetic_hz0.4/L6	2026-09-10T02:15:16Z
58137003	0.0	magnetic_hz0.4	6	chain_dn	0.95	p3d_hy0.0_m0.4_L6_dn	/pscratch/sd/s/sanzharb/tc_nqs/phase3d/hy0.0/magnetic_hz0.4/L6	2026-09-10T02:15:16Z
58137003	0.0	magnetic_hz0.4	6	chain_dn	0.9	p3d_hy0.0_m0.4_L6_dn	/pscratch/sd/s/sanzharb/tc_nqs/phase3d/hy0.0/magnetic_hz0.4/L6	2026-09-10T02:15:16Z
58137003	0.0	magnetic_hz0.4	6	chain_dn	0.85	p3d_hy0.0_m0.4_L6_dn	/pscratch/sd/s/sanzharb/tc_nqs/phase3d/hy0.0/magnetic_hz0.4/L6	2026-09-10T02:15:16Z
58137003	0.0	magnetic_hz0.4	6	chain_dn	0.8	p3d_hy0.0_m0.4_L6_dn	/pscratch/sd/s/sanzharb/tc_nqs/phase3d/hy0.0/magnetic_hz0.4/L6	2026-09-10T02:15:16Z
58137003	0.0	magnetic_hz0.4	6	chain_dn	0.75	p3d_hy0.0_m0.4_L6_dn	/pscratch/sd/s/sanzharb/tc_nqs/phase3d/hy0.0/magnetic_hz0.4/L6	2026-09-10T02:15:16Z
58137003	0.0	magnetic_hz0.4	6	chain_dn	0.7	p3d_hy0.0_m0.4_L6_dn	/pscratch/sd/s/sanzharb/tc_nqs/phase3d/hy0.0/magnetic_hz0.4/L6	2026-09-10T02:15:16Z
58137515	0.4	electric_hx0.8	4	cold	0.24	p3d_hy0.4_e0.8_L4	/pscratch/sd/s/sanzharb/tc_nqs/phase3d/hy0.4/electric_hx0.8/L4	2026-09-10T02:35:19Z
58137516	0.4	electric_hx0.8	4	cold	0.3	p3d_hy0.4_e0.8_L4	/pscratch/sd/s/sanzharb/tc_nqs/phase3d/hy0.4/electric_hx0.8/L4	2026-09-10T02:35:19Z
58137517	0.4	electric_hx0.8	4	cold	0.33	p3d_hy0.4_e0.8_L4	/pscratch/sd/s/sanzharb/tc_nqs/phase3d/hy0.4/electric_hx0.8/L4	2026-09-10T02:35:19Z
58137518	0.4	electric_hx0.8	4	cold	0.36	p3d_hy0.4_e0.8_L4	/pscratch/sd/s/sanzharb/tc_nqs/phase3d/hy0.4/electric_hx0.8/L4	2026-09-10T02:35:22Z
58137519	0.4	electric_hx0.8	4	cold	0.39	p3d_hy0.4_e0.8_L4	/pscratch/sd/s/sanzharb/tc_nqs/phase3d/hy0.4/electric_hx0.8/L4	2026-09-10T02:35:22Z
58137520	0.4	electric_hx0.8	4	cold	0.42	p3d_hy0.4_e0.8_L4	/pscratch/sd/s/sanzharb/tc_nqs/phase3d/hy0.4/electric_hx0.8/L4	2026-09-10T02:35:22Z
58127182	0.0	magnetic_hz0.7	5	chain_dn	1.5	p3d_hy0.0_m0.7_L5_dn	/pscratch/sd/s/sanzharb/tc_nqs/phase3d/hy0.0/magnetic_hz0.7/L5	2026-09-09T19:40:48Z
58127183	0.0	magnetic_hz0.4	6	chain_dn	1.3	p3d_hy0.0_m0.4_L6_dn	/pscratch/sd/s/sanzharb/tc_nqs/phase3d/hy0.0/magnetic_hz0.4/L6	2026-09-09T19:40:50Z
58127185	0.0	magnetic_hz0.0	6	chain_dn	1.25	p3d_hy0.0_m0.0_L6_dn	/pscratch/sd/s/sanzharb/tc_nqs/phase3d/hy0.0/magnetic_hz0.0/L6	2026-09-09T19:40:52Z
58162676	0.4	electric_hx0.8	4	cold	0.48	p3d_hy0.4_e0.8_L4	/pscratch/sd/s/sanzharb/tc_nqs/phase3d/hy0.4/electric_hx0.8/L4	2026-09-10T14:40:09Z
58162677	0.4	magnetic_hz0.0	4	chain_up	0.6	p3d_hy0.4_m0.0_L4_up	/pscratch/sd/s/sanzharb/tc_nqs/phase3d/hy0.4/magnetic_hz0.0/L4	2026-09-10T14:40:09Z
58162677	0.4	magnetic_hz0.0	4	chain_up	0.7	p3d_hy0.4_m0.0_L4_up	/pscratch/sd/s/sanzharb/tc_nqs/phase3d/hy0.4/magnetic_hz0.0/L4	2026-09-10T14:40:09Z
58162677	0.4	magnetic_hz0.0	4	chain_up	0.8	p3d_hy0.4_m0.0_L4_up	/pscratch/sd/s/sanzharb/tc_nqs/phase3d/hy0.4/magnetic_hz0.0/L4	2026-09-10T14:40:09Z
58162677	0.4	magnetic_hz0.0	4	chain_up	0.85	p3d_hy0.4_m0.0_L4_up	/pscratch/sd/s/sanzharb/tc_nqs/phase3d/hy0.4/magnetic_hz0.0/L4	2026-09-10T14:40:09Z
58162677	0.4	magnetic_hz0.0	4	chain_up	0.9	p3d_hy0.4_m0.0_L4_up	/pscratch/sd/s/sanzharb/tc_nqs/phase3d/hy0.4/magnetic_hz0.0/L4	2026-09-10T14:40:09Z
58162677	0.4	magnetic_hz0.0	4	chain_up	0.95	p3d_hy0.4_m0.0_L4_up	/pscratch/sd/s/sanzharb/tc_nqs/phase3d/hy0.4/magnetic_hz0.0/L4	2026-09-10T14:40:09Z
58162677	0.4	magnetic_hz0.0	4	chain_up	1.0	p3d_hy0.4_m0.0_L4_up	/pscratch/sd/s/sanzharb/tc_nqs/phase3d/hy0.4/magnetic_hz0.0/L4	2026-09-10T14:40:09Z
58162678	0.4	magnetic_hz0.0	4	chain_dn	1.25	p3d_hy0.4_m0.0_L4_dn	/pscratch/sd/s/sanzharb/tc_nqs/phase3d/hy0.4/magnetic_hz0.0/L4	2026-09-10T14:40:13Z
58162678	0.4	magnetic_hz0.0	4	chain_dn	1.15	p3d_hy0.4_m0.0_L4_dn	/pscratch/sd/s/sanzharb/tc_nqs/phase3d/hy0.4/magnetic_hz0.0/L4	2026-09-10T14:40:13Z
58162678	0.4	magnetic_hz0.0	4	chain_dn	1.05	p3d_hy0.4_m0.0_L4_dn	/pscratch/sd/s/sanzharb/tc_nqs/phase3d/hy0.4/magnetic_hz0.0/L4	2026-09-10T14:40:13Z
58162678	0.4	magnetic_hz0.0	4	chain_dn	1.0	p3d_hy0.4_m0.0_L4_dn	/pscratch/sd/s/sanzharb/tc_nqs/phase3d/hy0.4/magnetic_hz0.0/L4	2026-09-10T14:40:13Z
58162678	0.4	magnetic_hz0.0	4	chain_dn	0.95	p3d_hy0.4_m0.0_L4_dn	/pscratch/sd/s/sanzharb/tc_nqs/phase3d/hy0.4/magnetic_hz0.0/L4	2026-09-10T14:40:13Z
58162678	0.4	magnetic_hz0.0	4	chain_dn	0.9	p3d_hy0.4_m0.0_L4_dn	/pscratch/sd/s/sanzharb/tc_nqs/phase3d/hy0.4/magnetic_hz0.0/L4	2026-09-10T14:40:13Z
58162678	0.4	magnetic_hz0.0	4	chain_dn	0.85	p3d_hy0.4_m0.0_L4_dn	/pscratch/sd/s/sanzharb/tc_nqs/phase3d/hy0.4/magnetic_hz0.0/L4	2026-09-10T14:40:13Z
58162679	0.4	magnetic_hz0.2	4	chain_up	0.6	p3d_hy0.4_m0.2_L4_up	/pscratch/sd/s/sanzharb/tc_nqs/phase3d/hy0.4/magnetic_hz0.2/L4	2026-09-10T14:40:13Z
58162679	0.4	magnetic_hz0.2	4	chain_up	0.7	p3d_hy0.4_m0.2_L4_up	/pscratch/sd/s/sanzharb/tc_nqs/phase3d/hy0.4/magnetic_hz0.2/L4	2026-09-10T14:40:13Z
58162679	0.4	magnetic_hz0.2	4	chain_up	0.8	p3d_hy0.4_m0.2_L4_up	/pscratch/sd/s/sanzharb/tc_nqs/phase3d/hy0.4/magnetic_hz0.2/L4	2026-09-10T14:40:13Z
58162679	0.4	magnetic_hz0.2	4	chain_up	0.85	p3d_hy0.4_m0.2_L4_up	/pscratch/sd/s/sanzharb/tc_nqs/phase3d/hy0.4/magnetic_hz0.2/L4	2026-09-10T14:40:13Z
58162679	0.4	magnetic_hz0.2	4	chain_up	0.9	p3d_hy0.4_m0.2_L4_up	/pscratch/sd/s/sanzharb/tc_nqs/phase3d/hy0.4/magnetic_hz0.2/L4	2026-09-10T14:40:13Z
58162679	0.4	magnetic_hz0.2	4	chain_up	0.95	p3d_hy0.4_m0.2_L4_up	/pscratch/sd/s/sanzharb/tc_nqs/phase3d/hy0.4/magnetic_hz0.2/L4	2026-09-10T14:40:13Z
58162679	0.4	magnetic_hz0.2	4	chain_up	1.0	p3d_hy0.4_m0.2_L4_up	/pscratch/sd/s/sanzharb/tc_nqs/phase3d/hy0.4/magnetic_hz0.2/L4	2026-09-10T14:40:13Z
58162680	0.4	magnetic_hz0.2	4	chain_dn	1.25	p3d_hy0.4_m0.2_L4_dn	/pscratch/sd/s/sanzharb/tc_nqs/phase3d/hy0.4/magnetic_hz0.2/L4	2026-09-10T14:40:16Z
58162680	0.4	magnetic_hz0.2	4	chain_dn	1.15	p3d_hy0.4_m0.2_L4_dn	/pscratch/sd/s/sanzharb/tc_nqs/phase3d/hy0.4/magnetic_hz0.2/L4	2026-09-10T14:40:16Z
58162680	0.4	magnetic_hz0.2	4	chain_dn	1.05	p3d_hy0.4_m0.2_L4_dn	/pscratch/sd/s/sanzharb/tc_nqs/phase3d/hy0.4/magnetic_hz0.2/L4	2026-09-10T14:40:16Z
58162680	0.4	magnetic_hz0.2	4	chain_dn	1.0	p3d_hy0.4_m0.2_L4_dn	/pscratch/sd/s/sanzharb/tc_nqs/phase3d/hy0.4/magnetic_hz0.2/L4	2026-09-10T14:40:16Z
58162680	0.4	magnetic_hz0.2	4	chain_dn	0.95	p3d_hy0.4_m0.2_L4_dn	/pscratch/sd/s/sanzharb/tc_nqs/phase3d/hy0.4/magnetic_hz0.2/L4	2026-09-10T14:40:16Z
58162680	0.4	magnetic_hz0.2	4	chain_dn	0.9	p3d_hy0.4_m0.2_L4_dn	/pscratch/sd/s/sanzharb/tc_nqs/phase3d/hy0.4/magnetic_hz0.2/L4	2026-09-10T14:40:16Z
58162680	0.4	magnetic_hz0.2	4	chain_dn	0.85	p3d_hy0.4_m0.2_L4_dn	/pscratch/sd/s/sanzharb/tc_nqs/phase3d/hy0.4/magnetic_hz0.2/L4	2026-09-10T14:40:16Z
58162681	0.4	magnetic_hz0.4	4	chain_up	0.5	p3d_hy0.4_m0.4_L4_up	/pscratch/sd/s/sanzharb/tc_nqs/phase3d/hy0.4/magnetic_hz0.4/L4	2026-09-10T14:40:16Z
58162681	0.4	magnetic_hz0.4	4	chain_up	0.7	p3d_hy0.4_m0.4_L4_up	/pscratch/sd/s/sanzharb/tc_nqs/phase3d/hy0.4/magnetic_hz0.4/L4	2026-09-10T14:40:16Z
58162681	0.4	magnetic_hz0.4	4	chain_up	0.8	p3d_hy0.4_m0.4_L4_up	/pscratch/sd/s/sanzharb/tc_nqs/phase3d/hy0.4/magnetic_hz0.4/L4	2026-09-10T14:40:16Z
58162681	0.4	magnetic_hz0.4	4	chain_up	0.85	p3d_hy0.4_m0.4_L4_up	/pscratch/sd/s/sanzharb/tc_nqs/phase3d/hy0.4/magnetic_hz0.4/L4	2026-09-10T14:40:16Z
58162681	0.4	magnetic_hz0.4	4	chain_up	0.9	p3d_hy0.4_m0.4_L4_up	/pscratch/sd/s/sanzharb/tc_nqs/phase3d/hy0.4/magnetic_hz0.4/L4	2026-09-10T14:40:16Z
58162681	0.4	magnetic_hz0.4	4	chain_up	0.95	p3d_hy0.4_m0.4_L4_up	/pscratch/sd/s/sanzharb/tc_nqs/phase3d/hy0.4/magnetic_hz0.4/L4	2026-09-10T14:40:16Z
58162681	0.4	magnetic_hz0.4	4	chain_up	1.0	p3d_hy0.4_m0.4_L4_up	/pscratch/sd/s/sanzharb/tc_nqs/phase3d/hy0.4/magnetic_hz0.4/L4	2026-09-10T14:40:16Z
58162682	0.4	magnetic_hz0.4	4	chain_dn	1.3	p3d_hy0.4_m0.4_L4_dn	/pscratch/sd/s/sanzharb/tc_nqs/phase3d/hy0.4/magnetic_hz0.4/L4	2026-09-10T14:40:18Z
58162682	0.4	magnetic_hz0.4	4	chain_dn	1.1	p3d_hy0.4_m0.4_L4_dn	/pscratch/sd/s/sanzharb/tc_nqs/phase3d/hy0.4/magnetic_hz0.4/L4	2026-09-10T14:40:18Z
58162682	0.4	magnetic_hz0.4	4	chain_dn	1.0	p3d_hy0.4_m0.4_L4_dn	/pscratch/sd/s/sanzharb/tc_nqs/phase3d/hy0.4/magnetic_hz0.4/L4	2026-09-10T14:40:18Z
58162682	0.4	magnetic_hz0.4	4	chain_dn	0.95	p3d_hy0.4_m0.4_L4_dn	/pscratch/sd/s/sanzharb/tc_nqs/phase3d/hy0.4/magnetic_hz0.4/L4	2026-09-10T14:40:18Z
58162682	0.4	magnetic_hz0.4	4	chain_dn	0.9	p3d_hy0.4_m0.4_L4_dn	/pscratch/sd/s/sanzharb/tc_nqs/phase3d/hy0.4/magnetic_hz0.4/L4	2026-09-10T14:40:18Z
58162682	0.4	magnetic_hz0.4	4	chain_dn	0.85	p3d_hy0.4_m0.4_L4_dn	/pscratch/sd/s/sanzharb/tc_nqs/phase3d/hy0.4/magnetic_hz0.4/L4	2026-09-10T14:40:18Z
58162682	0.4	magnetic_hz0.4	4	chain_dn	0.8	p3d_hy0.4_m0.4_L4_dn	/pscratch/sd/s/sanzharb/tc_nqs/phase3d/hy0.4/magnetic_hz0.4/L4	2026-09-10T14:40:18Z
58162684	0.4	magnetic_hz0.7	4	chain_up	0.6	p3d_hy0.4_m0.7_L4_up	/pscratch/sd/s/sanzharb/tc_nqs/phase3d/hy0.4/magnetic_hz0.7/L4	2026-09-10T14:40:18Z
58162684	0.4	magnetic_hz0.7	4	chain_up	0.85	p3d_hy0.4_m0.7_L4_up	/pscratch/sd/s/sanzharb/tc_nqs/phase3d/hy0.4/magnetic_hz0.7/L4	2026-09-10T14:40:18Z
58162684	0.4	magnetic_hz0.7	4	chain_up	0.95	p3d_hy0.4_m0.7_L4_up	/pscratch/sd/s/sanzharb/tc_nqs/phase3d/hy0.4/magnetic_hz0.7/L4	2026-09-10T14:40:18Z
58162684	0.4	magnetic_hz0.7	4	chain_up	1.0	p3d_hy0.4_m0.7_L4_up	/pscratch/sd/s/sanzharb/tc_nqs/phase3d/hy0.4/magnetic_hz0.7/L4	2026-09-10T14:40:18Z
58162684	0.4	magnetic_hz0.7	4	chain_up	1.05	p3d_hy0.4_m0.7_L4_up	/pscratch/sd/s/sanzharb/tc_nqs/phase3d/hy0.4/magnetic_hz0.7/L4	2026-09-10T14:40:18Z
58162684	0.4	magnetic_hz0.7	4	chain_up	1.1	p3d_hy0.4_m0.7_L4_up	/pscratch/sd/s/sanzharb/tc_nqs/phase3d/hy0.4/magnetic_hz0.7/L4	2026-09-10T14:40:18Z
58162684	0.4	magnetic_hz0.7	4	chain_up	1.15	p3d_hy0.4_m0.7_L4_up	/pscratch/sd/s/sanzharb/tc_nqs/phase3d/hy0.4/magnetic_hz0.7/L4	2026-09-10T14:40:18Z
58162685	0.4	magnetic_hz0.7	4	chain_dn	1.5	p3d_hy0.4_m0.7_L4_dn	/pscratch/sd/s/sanzharb/tc_nqs/phase3d/hy0.4/magnetic_hz0.7/L4	2026-09-10T14:40:20Z
58162685	0.4	magnetic_hz0.7	4	chain_dn	1.25	p3d_hy0.4_m0.7_L4_dn	/pscratch/sd/s/sanzharb/tc_nqs/phase3d/hy0.4/magnetic_hz0.7/L4	2026-09-10T14:40:20Z
58162685	0.4	magnetic_hz0.7	4	chain_dn	1.15	p3d_hy0.4_m0.7_L4_dn	/pscratch/sd/s/sanzharb/tc_nqs/phase3d/hy0.4/magnetic_hz0.7/L4	2026-09-10T14:40:20Z
58162685	0.4	magnetic_hz0.7	4	chain_dn	1.1	p3d_hy0.4_m0.7_L4_dn	/pscratch/sd/s/sanzharb/tc_nqs/phase3d/hy0.4/magnetic_hz0.7/L4	2026-09-10T14:40:21Z
58162685	0.4	magnetic_hz0.7	4	chain_dn	1.05	p3d_hy0.4_m0.7_L4_dn	/pscratch/sd/s/sanzharb/tc_nqs/phase3d/hy0.4/magnetic_hz0.7/L4	2026-09-10T14:40:21Z
58162685	0.4	magnetic_hz0.7	4	chain_dn	1.0	p3d_hy0.4_m0.7_L4_dn	/pscratch/sd/s/sanzharb/tc_nqs/phase3d/hy0.4/magnetic_hz0.7/L4	2026-09-10T14:40:21Z
58162685	0.4	magnetic_hz0.7	4	chain_dn	0.95	p3d_hy0.4_m0.7_L4_dn	/pscratch/sd/s/sanzharb/tc_nqs/phase3d/hy0.4/magnetic_hz0.7/L4	2026-09-10T14:40:21Z
58162687	0.4	magnetic_hz1.0	4	chain_up	0.8	p3d_hy0.4_m1.0_L4_up	/pscratch/sd/s/sanzharb/tc_nqs/phase3d/hy0.4/magnetic_hz1.0/L4	2026-09-10T14:40:21Z
58162687	0.4	magnetic_hz1.0	4	chain_up	1.05	p3d_hy0.4_m1.0_L4_up	/pscratch/sd/s/sanzharb/tc_nqs/phase3d/hy0.4/magnetic_hz1.0/L4	2026-09-10T14:40:21Z
58162687	0.4	magnetic_hz1.0	4	chain_up	1.15	p3d_hy0.4_m1.0_L4_up	/pscratch/sd/s/sanzharb/tc_nqs/phase3d/hy0.4/magnetic_hz1.0/L4	2026-09-10T14:40:21Z
58162687	0.4	magnetic_hz1.0	4	chain_up	1.2	p3d_hy0.4_m1.0_L4_up	/pscratch/sd/s/sanzharb/tc_nqs/phase3d/hy0.4/magnetic_hz1.0/L4	2026-09-10T14:40:21Z
58162687	0.4	magnetic_hz1.0	4	chain_up	1.25	p3d_hy0.4_m1.0_L4_up	/pscratch/sd/s/sanzharb/tc_nqs/phase3d/hy0.4/magnetic_hz1.0/L4	2026-09-10T14:40:21Z
58162687	0.4	magnetic_hz1.0	4	chain_up	1.3	p3d_hy0.4_m1.0_L4_up	/pscratch/sd/s/sanzharb/tc_nqs/phase3d/hy0.4/magnetic_hz1.0/L4	2026-09-10T14:40:21Z
58162687	0.4	magnetic_hz1.0	4	chain_up	1.35	p3d_hy0.4_m1.0_L4_up	/pscratch/sd/s/sanzharb/tc_nqs/phase3d/hy0.4/magnetic_hz1.0/L4	2026-09-10T14:40:21Z
58162688	0.4	magnetic_hz1.0	4	chain_dn	1.7	p3d_hy0.4_m1.0_L4_dn	/pscratch/sd/s/sanzharb/tc_nqs/phase3d/hy0.4/magnetic_hz1.0/L4	2026-09-10T14:40:21Z
58162688	0.4	magnetic_hz1.0	4	chain_dn	1.45	p3d_hy0.4_m1.0_L4_dn	/pscratch/sd/s/sanzharb/tc_nqs/phase3d/hy0.4/magnetic_hz1.0/L4	2026-09-10T14:40:21Z
58162688	0.4	magnetic_hz1.0	4	chain_dn	1.35	p3d_hy0.4_m1.0_L4_dn	/pscratch/sd/s/sanzharb/tc_nqs/phase3d/hy0.4/magnetic_hz1.0/L4	2026-09-10T14:40:21Z
58162688	0.4	magnetic_hz1.0	4	chain_dn	1.3	p3d_hy0.4_m1.0_L4_dn	/pscratch/sd/s/sanzharb/tc_nqs/phase3d/hy0.4/magnetic_hz1.0/L4	2026-09-10T14:40:21Z
58162688	0.4	magnetic_hz1.0	4	chain_dn	1.25	p3d_hy0.4_m1.0_L4_dn	/pscratch/sd/s/sanzharb/tc_nqs/phase3d/hy0.4/magnetic_hz1.0/L4	2026-09-10T14:40:21Z
58162688	0.4	magnetic_hz1.0	4	chain_dn	1.2	p3d_hy0.4_m1.0_L4_dn	/pscratch/sd/s/sanzharb/tc_nqs/phase3d/hy0.4/magnetic_hz1.0/L4	2026-09-10T14:40:21Z
58162688	0.4	magnetic_hz1.0	4	chain_dn	1.15	p3d_hy0.4_m1.0_L4_dn	/pscratch/sd/s/sanzharb/tc_nqs/phase3d/hy0.4/magnetic_hz1.0/L4	2026-09-10T14:40:21Z
58165621	0.0	magnetic_hz1.0	5	chain_dn	1.7	p3d_hy0.0_m1.0_L5_dn	/pscratch/sd/s/sanzharb/tc_nqs/phase3d/hy0.0/magnetic_hz1.0/L5	2026-09-10T16:52:46Z
58186387	0.0	electric_hx0.8	5	refine	0.24	p3d_hy0.0_e0.8_L5	/pscratch/sd/s/sanzharb/tc_nqs/phase3d/hy0.0/electric_hx0.8/L5	2026-09-11T05:15:15Z
58186388	0.0	electric_hx0.8	5	refine	0.28	p3d_hy0.0_e0.8_L5	/pscratch/sd/s/sanzharb/tc_nqs/phase3d/hy0.0/electric_hx0.8/L5	2026-09-11T05:15:17Z
58186390	0.0	magnetic_hz0.0	5	chain_up_refine	0.975	p3d_hy0.0_m0.0_L5_up	/pscratch/sd/s/sanzharb/tc_nqs/phase3d/hy0.0/magnetic_hz0.0/L5	2026-09-11T05:15:17Z
58186391	0.0	magnetic_hz0.0	5	chain_dn_refine	0.975	p3d_hy0.0_m0.0_L5_dn	/pscratch/sd/s/sanzharb/tc_nqs/phase3d/hy0.0/magnetic_hz0.0/L5	2026-09-11T05:15:17Z
58188982	0.0	electric_hx0.0	5	cold	0.2	p3d_hy0.0_e0.0_L5	/pscratch/sd/s/sanzharb/tc_nqs/phase3d/hy0.0/electric_hx0.0/L5	2026-09-11T07:28:11Z
58188984	0.0	electric_hx0.8	5	cold	0.23	p3d_hy0.0_e0.8_L5	/pscratch/sd/s/sanzharb/tc_nqs/phase3d/hy0.0/electric_hx0.8/L5	2026-09-11T07:28:15Z
58188986	0.0	electric_hx0.5	6	cold	0.16	p3d_hy0.0_e0.5_L6	/pscratch/sd/s/sanzharb/tc_nqs/phase3d/hy0.0/electric_hx0.5/L6	2026-09-11T07:28:17Z
58188987	0.0	magnetic_hz0.2	5	chain_up	0.75	p3d_hy0.0_m0.2_L5_up	/pscratch/sd/s/sanzharb/tc_nqs/phase3d/hy0.0/magnetic_hz0.2/L5	2026-09-11T07:28:22Z
58188987	0.0	magnetic_hz0.2	5	chain_up	0.8	p3d_hy0.0_m0.2_L5_up	/pscratch/sd/s/sanzharb/tc_nqs/phase3d/hy0.0/magnetic_hz0.2/L5	2026-09-11T07:28:22Z
58188987	0.0	magnetic_hz0.2	5	chain_up	0.85	p3d_hy0.0_m0.2_L5_up	/pscratch/sd/s/sanzharb/tc_nqs/phase3d/hy0.0/magnetic_hz0.2/L5	2026-09-11T07:28:22Z
58188987	0.0	magnetic_hz0.2	5	chain_up	0.9	p3d_hy0.0_m0.2_L5_up	/pscratch/sd/s/sanzharb/tc_nqs/phase3d/hy0.0/magnetic_hz0.2/L5	2026-09-11T07:28:22Z
58188987	0.0	magnetic_hz0.2	5	chain_up	0.95	p3d_hy0.0_m0.2_L5_up	/pscratch/sd/s/sanzharb/tc_nqs/phase3d/hy0.0/magnetic_hz0.2/L5	2026-09-11T07:28:22Z
58188987	0.0	magnetic_hz0.2	5	chain_up	1.0	p3d_hy0.0_m0.2_L5_up	/pscratch/sd/s/sanzharb/tc_nqs/phase3d/hy0.0/magnetic_hz0.2/L5	2026-09-11T07:28:22Z
58229986	0.4	magnetic_hz1.0	4	chain_up_refine	1.325	p3d_hy0.4_m1.0_L4_up	/pscratch/sd/s/sanzharb/tc_nqs/phase3d/hy0.4/magnetic_hz1.0/L4	2026-09-12T07:35:25Z
58229987	0.4	magnetic_hz1.0	4	chain_dn_refine	1.325	p3d_hy0.4_m1.0_L4_dn	/pscratch/sd/s/sanzharb/tc_nqs/phase3d/hy0.4/magnetic_hz1.0/L4	2026-09-12T07:35:29Z
58242169	0.0	magnetic_hz0.0	6	chain_up	0.7	p3d_hy0.0_m0.0_L6_up	/pscratch/sd/s/sanzharb/tc_nqs/phase3d/hy0.0/magnetic_hz0.0/L6	2026-09-12T18:19:33Z
58243243	0.0	electric_hx0.8	6	refine	0.2	p3d_hy0.0_e0.8_L6	/pscratch/sd/s/sanzharb/tc_nqs/phase3d/hy0.0/electric_hx0.8/L6	2026-09-12T19:15:33Z
58243244	0.0	electric_hx0.8	6	refine	0.24	p3d_hy0.0_e0.8_L6	/pscratch/sd/s/sanzharb/tc_nqs/phase3d/hy0.0/electric_hx0.8/L6	2026-09-12T19:15:33Z
58263886	0.0	magnetic_hz0.0	6	chain_up	0.75	p3d_hy0.0_m0.0_L6_up	/pscratch/sd/s/sanzharb/tc_nqs/phase3d/hy0.0/magnetic_hz0.0/L6	2026-09-13T08:29:58Z
58285682	0.0	magnetic_hz0.2	6	chain_up	0.65	p3d_hy0.0_m0.2_L6_up	/pscratch/sd/s/sanzharb/tc_nqs/phase3d/hy0.0/magnetic_hz0.2/L6	2026-09-14T03:27:36Z
58299397	0.0	magnetic_hz0.2	6	chain_up	0.7	p3d_hy0.0_m0.2_L6_up	/pscratch/sd/s/sanzharb/tc_nqs/phase3d/hy0.0/magnetic_hz0.2/L6	2026-09-14T09:34:03Z
58299397	0.0	magnetic_hz0.2	6	chain_up	0.75	p3d_hy0.0_m0.2_L6_up	/pscratch/sd/s/sanzharb/tc_nqs/phase3d/hy0.0/magnetic_hz0.2/L6	2026-09-14T09:34:03Z
58299397	0.0	magnetic_hz0.2	6	chain_up	0.8	p3d_hy0.0_m0.2_L6_up	/pscratch/sd/s/sanzharb/tc_nqs/phase3d/hy0.0/magnetic_hz0.2/L6	2026-09-14T09:34:03Z
58299397	0.0	magnetic_hz0.2	6	chain_up	0.85	p3d_hy0.0_m0.2_L6_up	/pscratch/sd/s/sanzharb/tc_nqs/phase3d/hy0.0/magnetic_hz0.2/L6	2026-09-14T09:34:03Z
58299397	0.0	magnetic_hz0.2	6	chain_up	0.9	p3d_hy0.0_m0.2_L6_up	/pscratch/sd/s/sanzharb/tc_nqs/phase3d/hy0.0/magnetic_hz0.2/L6	2026-09-14T09:34:03Z
58299397	0.0	magnetic_hz0.2	6	chain_up	0.95	p3d_hy0.0_m0.2_L6_up	/pscratch/sd/s/sanzharb/tc_nqs/phase3d/hy0.0/magnetic_hz0.2/L6	2026-09-14T09:34:03Z
58299397	0.0	magnetic_hz0.2	6	chain_up	1.0	p3d_hy0.0_m0.2_L6_up	/pscratch/sd/s/sanzharb/tc_nqs/phase3d/hy0.0/magnetic_hz0.2/L6	2026-09-14T09:34:03Z
58303351	0.0	magnetic_hz0.0	6	chain_up	0.8	p3d_hy0.0_m0.0_L6_up	/pscratch/sd/s/sanzharb/tc_nqs/phase3d/hy0.0/magnetic_hz0.0/L6	2026-09-14T12:15:19Z
58303351	0.0	magnetic_hz0.0	6	chain_up	0.85	p3d_hy0.0_m0.0_L6_up	/pscratch/sd/s/sanzharb/tc_nqs/phase3d/hy0.0/magnetic_hz0.0/L6	2026-09-14T12:15:19Z
58303351	0.0	magnetic_hz0.0	6	chain_up	0.9	p3d_hy0.0_m0.0_L6_up	/pscratch/sd/s/sanzharb/tc_nqs/phase3d/hy0.0/magnetic_hz0.0/L6	2026-09-14T12:15:19Z
58303351	0.0	magnetic_hz0.0	6	chain_up	0.95	p3d_hy0.0_m0.0_L6_up	/pscratch/sd/s/sanzharb/tc_nqs/phase3d/hy0.0/magnetic_hz0.0/L6	2026-09-14T12:15:19Z
58303351	0.0	magnetic_hz0.0	6	chain_up	1.0	p3d_hy0.0_m0.0_L6_up	/pscratch/sd/s/sanzharb/tc_nqs/phase3d/hy0.0/magnetic_hz0.0/L6	2026-09-14T12:15:19Z
58303451	0.0	magnetic_hz1.0	6	chain_dn	1.7	p3d_hy0.0_m1.0_L6_dn	/pscratch/sd/s/sanzharb/tc_nqs/phase3d/hy0.0/magnetic_hz1.0/L6	2026-09-14T12:19:18Z
58362828	0.0	electric_hx0.8	4	refine	0.3151	p3d_hy0.0_e0.8_L4	/pscratch/sd/s/sanzharb/tc_nqs/phase3d/hy0.0/electric_hx0.8/L4	2026-09-15T15:15:24Z
58362829	0.0	electric_hx0.8	4	refine	0.3551	p3d_hy0.0_e0.8_L4	/pscratch/sd/s/sanzharb/tc_nqs/phase3d/hy0.0/electric_hx0.8/L4	2026-09-15T15:15:24Z
58368634	0.0	electric_hx0.8	5	cold	0.25	p3d_hy0.0_e0.8_L5	/pscratch/sd/s/sanzharb/tc_nqs/phase3d/hy0.0/electric_hx0.8/L5	2026-09-15T17:15:18Z
58368638	0.0	electric_hx0.8	5	cold	0.28	p3d_hy0.0_e0.8_L5	/pscratch/sd/s/sanzharb/tc_nqs/phase3d/hy0.0/electric_hx0.8/L5	2026-09-15T17:15:19Z
58368639	0.0	electric_hx0.8	5	cold	0.34	p3d_hy0.0_e0.8_L5	/pscratch/sd/s/sanzharb/tc_nqs/phase3d/hy0.0/electric_hx0.8/L5	2026-09-15T17:15:23Z
58368641	0.0	electric_hx0.8	5	cold	0.37	p3d_hy0.0_e0.8_L5	/pscratch/sd/s/sanzharb/tc_nqs/phase3d/hy0.0/electric_hx0.8/L5	2026-09-15T17:15:23Z
58368642	0.0	electric_hx0.8	6	cold	0.24	p3d_hy0.0_e0.8_L6	/pscratch/sd/s/sanzharb/tc_nqs/phase3d/hy0.0/electric_hx0.8/L6	2026-09-15T17:15:25Z
58368643	0.0	electric_hx0.8	6	cold	0.27	p3d_hy0.0_e0.8_L6	/pscratch/sd/s/sanzharb/tc_nqs/phase3d/hy0.0/electric_hx0.8/L6	2026-09-15T17:15:29Z
58368644	0.0	electric_hx0.8	6	cold	0.33	p3d_hy0.0_e0.8_L6	/pscratch/sd/s/sanzharb/tc_nqs/phase3d/hy0.0/electric_hx0.8/L6	2026-09-15T17:15:32Z
58368645	0.0	electric_hx0.8	6	cold	0.36	p3d_hy0.0_e0.8_L6	/pscratch/sd/s/sanzharb/tc_nqs/phase3d/hy0.0/electric_hx0.8/L6	2026-09-15T17:15:32Z
58477268	0.0	electric_hx0.65	4	cold	0.22	p3d_hy0.0_e0.65_L4	/pscratch/sd/s/sanzharb/tc_nqs/phase3d/hy0.0/electric_hx0.65/L4	2026-09-17T19:09:53Z
58477269	0.0	electric_hx0.65	4	cold	0.28	p3d_hy0.0_e0.65_L4	/pscratch/sd/s/sanzharb/tc_nqs/phase3d/hy0.0/electric_hx0.65/L4	2026-09-17T19:09:53Z
58477270	0.0	electric_hx0.65	4	cold	0.31	p3d_hy0.0_e0.65_L4	/pscratch/sd/s/sanzharb/tc_nqs/phase3d/hy0.0/electric_hx0.65/L4	2026-09-17T19:09:56Z
58477271	0.0	electric_hx0.65	4	cold	0.34	p3d_hy0.0_e0.65_L4	/pscratch/sd/s/sanzharb/tc_nqs/phase3d/hy0.0/electric_hx0.65/L4	2026-09-17T19:09:56Z
58477272	0.0	electric_hx0.65	4	cold	0.37	p3d_hy0.0_e0.65_L4	/pscratch/sd/s/sanzharb/tc_nqs/phase3d/hy0.0/electric_hx0.65/L4	2026-09-17T19:09:56Z
58477273	0.0	electric_hx0.65	4	cold	0.4	p3d_hy0.0_e0.65_L4	/pscratch/sd/s/sanzharb/tc_nqs/phase3d/hy0.0/electric_hx0.65/L4	2026-09-17T19:09:59Z
58477274	0.0	electric_hx0.65	4	cold	0.46	p3d_hy0.0_e0.65_L4	/pscratch/sd/s/sanzharb/tc_nqs/phase3d/hy0.0/electric_hx0.65/L4	2026-09-17T19:10:04Z
58477275	0.0	magnetic_hz0.25	4	chain_up	0.6	p3d_hy0.0_m0.25_L4_up	/pscratch/sd/s/sanzharb/tc_nqs/phase3d/hy0.0/magnetic_hz0.25/L4	2026-09-17T19:10:04Z
58477275	0.0	magnetic_hz0.25	4	chain_up	0.7	p3d_hy0.0_m0.25_L4_up	/pscratch/sd/s/sanzharb/tc_nqs/phase3d/hy0.0/magnetic_hz0.25/L4	2026-09-17T19:10:04Z
58477275	0.0	magnetic_hz0.25	4	chain_up	0.75	p3d_hy0.0_m0.25_L4_up	/pscratch/sd/s/sanzharb/tc_nqs/phase3d/hy0.0/magnetic_hz0.25/L4	2026-09-17T19:10:04Z
58477275	0.0	magnetic_hz0.25	4	chain_up	0.8	p3d_hy0.0_m0.25_L4_up	/pscratch/sd/s/sanzharb/tc_nqs/phase3d/hy0.0/magnetic_hz0.25/L4	2026-09-17T19:10:04Z
58477275	0.0	magnetic_hz0.25	4	chain_up	0.85	p3d_hy0.0_m0.25_L4_up	/pscratch/sd/s/sanzharb/tc_nqs/phase3d/hy0.0/magnetic_hz0.25/L4	2026-09-17T19:10:04Z
58477275	0.0	magnetic_hz0.25	4	chain_up	0.9	p3d_hy0.0_m0.25_L4_up	/pscratch/sd/s/sanzharb/tc_nqs/phase3d/hy0.0/magnetic_hz0.25/L4	2026-09-17T19:10:04Z
58477275	0.0	magnetic_hz0.25	4	chain_up	0.95	p3d_hy0.0_m0.25_L4_up	/pscratch/sd/s/sanzharb/tc_nqs/phase3d/hy0.0/magnetic_hz0.25/L4	2026-09-17T19:10:04Z
58477275	0.0	magnetic_hz0.25	4	chain_up	1.0	p3d_hy0.0_m0.25_L4_up	/pscratch/sd/s/sanzharb/tc_nqs/phase3d/hy0.0/magnetic_hz0.25/L4	2026-09-17T19:10:04Z
58477276	0.0	magnetic_hz0.25	4	chain_dn	1.25	p3d_hy0.0_m0.25_L4_dn	/pscratch/sd/s/sanzharb/tc_nqs/phase3d/hy0.0/magnetic_hz0.25/L4	2026-09-17T19:10:06Z
58477276	0.0	magnetic_hz0.25	4	chain_dn	1.15	p3d_hy0.0_m0.25_L4_dn	/pscratch/sd/s/sanzharb/tc_nqs/phase3d/hy0.0/magnetic_hz0.25/L4	2026-09-17T19:10:06Z
58477276	0.0	magnetic_hz0.25	4	chain_dn	1.05	p3d_hy0.0_m0.25_L4_dn	/pscratch/sd/s/sanzharb/tc_nqs/phase3d/hy0.0/magnetic_hz0.25/L4	2026-09-17T19:10:06Z
58477276	0.0	magnetic_hz0.25	4	chain_dn	1.0	p3d_hy0.0_m0.25_L4_dn	/pscratch/sd/s/sanzharb/tc_nqs/phase3d/hy0.0/magnetic_hz0.25/L4	2026-09-17T19:10:06Z
58477276	0.0	magnetic_hz0.25	4	chain_dn	0.95	p3d_hy0.0_m0.25_L4_dn	/pscratch/sd/s/sanzharb/tc_nqs/phase3d/hy0.0/magnetic_hz0.25/L4	2026-09-17T19:10:06Z
58477276	0.0	magnetic_hz0.25	4	chain_dn	0.9	p3d_hy0.0_m0.25_L4_dn	/pscratch/sd/s/sanzharb/tc_nqs/phase3d/hy0.0/magnetic_hz0.25/L4	2026-09-17T19:10:06Z
58477276	0.0	magnetic_hz0.25	4	chain_dn	0.85	p3d_hy0.0_m0.25_L4_dn	/pscratch/sd/s/sanzharb/tc_nqs/phase3d/hy0.0/magnetic_hz0.25/L4	2026-09-17T19:10:06Z
58477276	0.0	magnetic_hz0.25	4	chain_dn	0.8	p3d_hy0.0_m0.25_L4_dn	/pscratch/sd/s/sanzharb/tc_nqs/phase3d/hy0.0/magnetic_hz0.25/L4	2026-09-17T19:10:06Z
58477276	0.0	magnetic_hz0.25	4	chain_dn	0.75	p3d_hy0.0_m0.25_L4_dn	/pscratch/sd/s/sanzharb/tc_nqs/phase3d/hy0.0/magnetic_hz0.25/L4	2026-09-17T19:10:06Z
58477276	0.0	magnetic_hz0.25	4	chain_dn	0.7	p3d_hy0.0_m0.25_L4_dn	/pscratch/sd/s/sanzharb/tc_nqs/phase3d/hy0.0/magnetic_hz0.25/L4	2026-09-17T19:10:06Z
58477277	0.0	magnetic_hz0.85	4	chain_up	0.7	p3d_hy0.0_m0.85_L4_up	/pscratch/sd/s/sanzharb/tc_nqs/phase3d/hy0.0/magnetic_hz0.85/L4	2026-09-17T19:10:06Z
58477277	0.0	magnetic_hz0.85	4	chain_up	0.8	p3d_hy0.0_m0.85_L4_up	/pscratch/sd/s/sanzharb/tc_nqs/phase3d/hy0.0/magnetic_hz0.85/L4	2026-09-17T19:10:06Z
58477277	0.0	magnetic_hz0.85	4	chain_up	0.9	p3d_hy0.0_m0.85_L4_up	/pscratch/sd/s/sanzharb/tc_nqs/phase3d/hy0.0/magnetic_hz0.85/L4	2026-09-17T19:10:06Z
58477277	0.0	magnetic_hz0.85	4	chain_up	1.0	p3d_hy0.0_m0.85_L4_up	/pscratch/sd/s/sanzharb/tc_nqs/phase3d/hy0.0/magnetic_hz0.85/L4	2026-09-17T19:10:06Z
58477277	0.0	magnetic_hz0.85	4	chain_up	1.1	p3d_hy0.0_m0.85_L4_up	/pscratch/sd/s/sanzharb/tc_nqs/phase3d/hy0.0/magnetic_hz0.85/L4	2026-09-17T19:10:06Z
58477277	0.0	magnetic_hz0.85	4	chain_up	1.15	p3d_hy0.0_m0.85_L4_up	/pscratch/sd/s/sanzharb/tc_nqs/phase3d/hy0.0/magnetic_hz0.85/L4	2026-09-17T19:10:06Z
58477277	0.0	magnetic_hz0.85	4	chain_up	1.2	p3d_hy0.0_m0.85_L4_up	/pscratch/sd/s/sanzharb/tc_nqs/phase3d/hy0.0/magnetic_hz0.85/L4	2026-09-17T19:10:06Z
58477277	0.0	magnetic_hz0.85	4	chain_up	1.25	p3d_hy0.0_m0.85_L4_up	/pscratch/sd/s/sanzharb/tc_nqs/phase3d/hy0.0/magnetic_hz0.85/L4	2026-09-17T19:10:06Z
58477277	0.0	magnetic_hz0.85	4	chain_up	1.3	p3d_hy0.0_m0.85_L4_up	/pscratch/sd/s/sanzharb/tc_nqs/phase3d/hy0.0/magnetic_hz0.85/L4	2026-09-17T19:10:06Z
58477277	0.0	magnetic_hz0.85	4	chain_up	1.35	p3d_hy0.0_m0.85_L4_up	/pscratch/sd/s/sanzharb/tc_nqs/phase3d/hy0.0/magnetic_hz0.85/L4	2026-09-17T19:10:06Z
58477277	0.0	magnetic_hz0.85	4	chain_up	1.4	p3d_hy0.0_m0.85_L4_up	/pscratch/sd/s/sanzharb/tc_nqs/phase3d/hy0.0/magnetic_hz0.85/L4	2026-09-17T19:10:06Z
58477277	0.0	magnetic_hz0.85	4	chain_up	1.45	p3d_hy0.0_m0.85_L4_up	/pscratch/sd/s/sanzharb/tc_nqs/phase3d/hy0.0/magnetic_hz0.85/L4	2026-09-17T19:10:06Z
58477278	0.0	magnetic_hz0.85	4	chain_dn	1.7	p3d_hy0.0_m0.85_L4_dn	/pscratch/sd/s/sanzharb/tc_nqs/phase3d/hy0.0/magnetic_hz0.85/L4	2026-09-17T19:10:09Z
58477278	0.0	magnetic_hz0.85	4	chain_dn	1.6	p3d_hy0.0_m0.85_L4_dn	/pscratch/sd/s/sanzharb/tc_nqs/phase3d/hy0.0/magnetic_hz0.85/L4	2026-09-17T19:10:09Z
58477278	0.0	magnetic_hz0.85	4	chain_dn	1.5	p3d_hy0.0_m0.85_L4_dn	/pscratch/sd/s/sanzharb/tc_nqs/phase3d/hy0.0/magnetic_hz0.85/L4	2026-09-17T19:10:09Z
58477278	0.0	magnetic_hz0.85	4	chain_dn	1.45	p3d_hy0.0_m0.85_L4_dn	/pscratch/sd/s/sanzharb/tc_nqs/phase3d/hy0.0/magnetic_hz0.85/L4	2026-09-17T19:10:09Z
58477278	0.0	magnetic_hz0.85	4	chain_dn	1.4	p3d_hy0.0_m0.85_L4_dn	/pscratch/sd/s/sanzharb/tc_nqs/phase3d/hy0.0/magnetic_hz0.85/L4	2026-09-17T19:10:09Z
58477278	0.0	magnetic_hz0.85	4	chain_dn	1.35	p3d_hy0.0_m0.85_L4_dn	/pscratch/sd/s/sanzharb/tc_nqs/phase3d/hy0.0/magnetic_hz0.85/L4	2026-09-17T19:10:09Z
58477278	0.0	magnetic_hz0.85	4	chain_dn	1.3	p3d_hy0.0_m0.85_L4_dn	/pscratch/sd/s/sanzharb/tc_nqs/phase3d/hy0.0/magnetic_hz0.85/L4	2026-09-17T19:10:09Z
58477278	0.0	magnetic_hz0.85	4	chain_dn	1.25	p3d_hy0.0_m0.85_L4_dn	/pscratch/sd/s/sanzharb/tc_nqs/phase3d/hy0.0/magnetic_hz0.85/L4	2026-09-17T19:10:09Z
58477278	0.0	magnetic_hz0.85	4	chain_dn	1.2	p3d_hy0.0_m0.85_L4_dn	/pscratch/sd/s/sanzharb/tc_nqs/phase3d/hy0.0/magnetic_hz0.85/L4	2026-09-17T19:10:09Z
58477278	0.0	magnetic_hz0.85	4	chain_dn	1.15	p3d_hy0.0_m0.85_L4_dn	/pscratch/sd/s/sanzharb/tc_nqs/phase3d/hy0.0/magnetic_hz0.85/L4	2026-09-17T19:10:09Z
58477280	0.0	magnetic_hz0.0	4	chain_up	0.75	p3d_hy0.0_m0.0_L4_up	/pscratch/sd/s/sanzharb/tc_nqs/phase3d/hy0.0/magnetic_hz0.0/L4	2026-09-17T19:10:09Z
58477285	0.0	magnetic_hz0.0	4	chain_dn	0.8	p3d_hy0.0_m0.0_L4_dn	/pscratch/sd/s/sanzharb/tc_nqs/phase3d/hy0.0/magnetic_hz0.0/L4	2026-09-17T19:10:11Z
58477285	0.0	magnetic_hz0.0	4	chain_dn	0.75	p3d_hy0.0_m0.0_L4_dn	/pscratch/sd/s/sanzharb/tc_nqs/phase3d/hy0.0/magnetic_hz0.0/L4	2026-09-17T19:10:11Z
58477285	0.0	magnetic_hz0.0	4	chain_dn	0.7	p3d_hy0.0_m0.0_L4_dn	/pscratch/sd/s/sanzharb/tc_nqs/phase3d/hy0.0/magnetic_hz0.0/L4	2026-09-17T19:10:11Z
58477286	0.0	magnetic_hz0.2	4	chain_up	0.75	p3d_hy0.0_m0.2_L4_up	/pscratch/sd/s/sanzharb/tc_nqs/phase3d/hy0.0/magnetic_hz0.2/L4	2026-09-17T19:10:13Z
58477298	0.0	magnetic_hz0.2	4	chain_dn	0.8	p3d_hy0.0_m0.2_L4_dn	/pscratch/sd/s/sanzharb/tc_nqs/phase3d/hy0.0/magnetic_hz0.2/L4	2026-09-17T19:10:15Z
58477298	0.0	magnetic_hz0.2	4	chain_dn	0.75	p3d_hy0.0_m0.2_L4_dn	/pscratch/sd/s/sanzharb/tc_nqs/phase3d/hy0.0/magnetic_hz0.2/L4	2026-09-17T19:10:15Z
58477298	0.0	magnetic_hz0.2	4	chain_dn	0.7	p3d_hy0.0_m0.2_L4_dn	/pscratch/sd/s/sanzharb/tc_nqs/phase3d/hy0.0/magnetic_hz0.2/L4	2026-09-17T19:10:15Z
58477300	0.0	magnetic_hz0.4	4	chain_up	0.75	p3d_hy0.0_m0.4_L4_up	/pscratch/sd/s/sanzharb/tc_nqs/phase3d/hy0.0/magnetic_hz0.4/L4	2026-09-17T19:10:15Z
58477301	0.0	magnetic_hz0.4	4	chain_dn	0.75	p3d_hy0.0_m0.4_L4_dn	/pscratch/sd/s/sanzharb/tc_nqs/phase3d/hy0.0/magnetic_hz0.4/L4	2026-09-17T19:10:16Z
58477301	0.0	magnetic_hz0.4	4	chain_dn	0.7	p3d_hy0.0_m0.4_L4_dn	/pscratch/sd/s/sanzharb/tc_nqs/phase3d/hy0.0/magnetic_hz0.4/L4	2026-09-17T19:10:16Z
58477302	0.0	magnetic_hz0.7	4	chain_up	1.2	p3d_hy0.0_m0.7_L4_up	/pscratch/sd/s/sanzharb/tc_nqs/phase3d/hy0.0/magnetic_hz0.7/L4	2026-09-17T19:10:16Z
58477302	0.0	magnetic_hz0.7	4	chain_up	1.25	p3d_hy0.0_m0.7_L4_up	/pscratch/sd/s/sanzharb/tc_nqs/phase3d/hy0.0/magnetic_hz0.7/L4	2026-09-17T19:10:16Z
58477302	0.0	magnetic_hz0.7	4	chain_up	1.3	p3d_hy0.0_m0.7_L4_up	/pscratch/sd/s/sanzharb/tc_nqs/phase3d/hy0.0/magnetic_hz0.7/L4	2026-09-17T19:10:16Z
58477302	0.0	magnetic_hz0.7	4	chain_up	1.35	p3d_hy0.0_m0.7_L4_up	/pscratch/sd/s/sanzharb/tc_nqs/phase3d/hy0.0/magnetic_hz0.7/L4	2026-09-17T19:10:16Z
58477303	0.0	magnetic_hz0.7	4	chain_dn	1.35	p3d_hy0.0_m0.7_L4_dn	/pscratch/sd/s/sanzharb/tc_nqs/phase3d/hy0.0/magnetic_hz0.7/L4	2026-09-17T19:10:16Z
58477303	0.0	magnetic_hz0.7	4	chain_dn	1.3	p3d_hy0.0_m0.7_L4_dn	/pscratch/sd/s/sanzharb/tc_nqs/phase3d/hy0.0/magnetic_hz0.7/L4	2026-09-17T19:10:16Z
58477303	0.0	magnetic_hz0.7	4	chain_dn	1.2	p3d_hy0.0_m0.7_L4_dn	/pscratch/sd/s/sanzharb/tc_nqs/phase3d/hy0.0/magnetic_hz0.7/L4	2026-09-17T19:10:16Z
58477304	0.0	magnetic_hz1.0	4	chain_up	1.4	p3d_hy0.0_m1.0_L4_up	/pscratch/sd/s/sanzharb/tc_nqs/phase3d/hy0.0/magnetic_hz1.0/L4	2026-09-17T19:10:16Z
58477304	0.0	magnetic_hz1.0	4	chain_up	1.45	p3d_hy0.0_m1.0_L4_up	/pscratch/sd/s/sanzharb/tc_nqs/phase3d/hy0.0/magnetic_hz1.0/L4	2026-09-17T19:10:16Z
58477304	0.0	magnetic_hz1.0	4	chain_up	1.5	p3d_hy0.0_m1.0_L4_up	/pscratch/sd/s/sanzharb/tc_nqs/phase3d/hy0.0/magnetic_hz1.0/L4	2026-09-17T19:10:16Z
58477304	0.0	magnetic_hz1.0	4	chain_up	1.55	p3d_hy0.0_m1.0_L4_up	/pscratch/sd/s/sanzharb/tc_nqs/phase3d/hy0.0/magnetic_hz1.0/L4	2026-09-17T19:10:16Z
58477304	0.0	magnetic_hz1.0	4	chain_up	1.6	p3d_hy0.0_m1.0_L4_up	/pscratch/sd/s/sanzharb/tc_nqs/phase3d/hy0.0/magnetic_hz1.0/L4	2026-09-17T19:10:16Z
58477305	0.0	magnetic_hz1.0	4	chain_dn	1.6	p3d_hy0.0_m1.0_L4_dn	/pscratch/sd/s/sanzharb/tc_nqs/phase3d/hy0.0/magnetic_hz1.0/L4	2026-09-17T19:10:16Z
58477305	0.0	magnetic_hz1.0	4	chain_dn	1.55	p3d_hy0.0_m1.0_L4_dn	/pscratch/sd/s/sanzharb/tc_nqs/phase3d/hy0.0/magnetic_hz1.0/L4	2026-09-17T19:10:16Z
58477305	0.0	magnetic_hz1.0	4	chain_dn	1.5	p3d_hy0.0_m1.0_L4_dn	/pscratch/sd/s/sanzharb/tc_nqs/phase3d/hy0.0/magnetic_hz1.0/L4	2026-09-17T19:10:16Z
58477305	0.0	magnetic_hz1.0	4	chain_dn	1.4	p3d_hy0.0_m1.0_L4_dn	/pscratch/sd/s/sanzharb/tc_nqs/phase3d/hy0.0/magnetic_hz1.0/L4	2026-09-17T19:10:16Z
58477322	0.2	electric_hx0.65	4	cold	0.21	p3d_hy0.2_e0.65_L4	/pscratch/sd/s/sanzharb/tc_nqs/phase3d/hy0.2/electric_hx0.65/L4	2026-09-17T19:10:38Z
58477323	0.2	electric_hx0.65	4	cold	0.27	p3d_hy0.2_e0.65_L4	/pscratch/sd/s/sanzharb/tc_nqs/phase3d/hy0.2/electric_hx0.65/L4	2026-09-17T19:10:38Z
58477324	0.2	electric_hx0.65	4	cold	0.3	p3d_hy0.2_e0.65_L4	/pscratch/sd/s/sanzharb/tc_nqs/phase3d/hy0.2/electric_hx0.65/L4	2026-09-17T19:10:38Z
58477325	0.2	electric_hx0.65	4	cold	0.33	p3d_hy0.2_e0.65_L4	/pscratch/sd/s/sanzharb/tc_nqs/phase3d/hy0.2/electric_hx0.65/L4	2026-09-17T19:10:38Z
58477326	0.2	electric_hx0.65	4	cold	0.36	p3d_hy0.2_e0.65_L4	/pscratch/sd/s/sanzharb/tc_nqs/phase3d/hy0.2/electric_hx0.65/L4	2026-09-17T19:10:38Z
58477327	0.2	electric_hx0.65	4	cold	0.39	p3d_hy0.2_e0.65_L4	/pscratch/sd/s/sanzharb/tc_nqs/phase3d/hy0.2/electric_hx0.65/L4	2026-09-17T19:10:38Z
58477328	0.2	electric_hx0.65	4	cold	0.45	p3d_hy0.2_e0.65_L4	/pscratch/sd/s/sanzharb/tc_nqs/phase3d/hy0.2/electric_hx0.65/L4	2026-09-17T19:10:38Z
58477329	0.2	magnetic_hz0.25	4	chain_up	0.6	p3d_hy0.2_m0.25_L4_up	/pscratch/sd/s/sanzharb/tc_nqs/phase3d/hy0.2/magnetic_hz0.25/L4	2026-09-17T19:10:39Z
58477329	0.2	magnetic_hz0.25	4	chain_up	0.7	p3d_hy0.2_m0.25_L4_up	/pscratch/sd/s/sanzharb/tc_nqs/phase3d/hy0.2/magnetic_hz0.25/L4	2026-09-17T19:10:39Z
58477329	0.2	magnetic_hz0.25	4	chain_up	0.75	p3d_hy0.2_m0.25_L4_up	/pscratch/sd/s/sanzharb/tc_nqs/phase3d/hy0.2/magnetic_hz0.25/L4	2026-09-17T19:10:39Z
58477329	0.2	magnetic_hz0.25	4	chain_up	0.8	p3d_hy0.2_m0.25_L4_up	/pscratch/sd/s/sanzharb/tc_nqs/phase3d/hy0.2/magnetic_hz0.25/L4	2026-09-17T19:10:39Z
58477329	0.2	magnetic_hz0.25	4	chain_up	0.85	p3d_hy0.2_m0.25_L4_up	/pscratch/sd/s/sanzharb/tc_nqs/phase3d/hy0.2/magnetic_hz0.25/L4	2026-09-17T19:10:39Z
58477329	0.2	magnetic_hz0.25	4	chain_up	0.9	p3d_hy0.2_m0.25_L4_up	/pscratch/sd/s/sanzharb/tc_nqs/phase3d/hy0.2/magnetic_hz0.25/L4	2026-09-17T19:10:39Z
58477329	0.2	magnetic_hz0.25	4	chain_up	0.95	p3d_hy0.2_m0.25_L4_up	/pscratch/sd/s/sanzharb/tc_nqs/phase3d/hy0.2/magnetic_hz0.25/L4	2026-09-17T19:10:39Z
58477329	0.2	magnetic_hz0.25	4	chain_up	1.0	p3d_hy0.2_m0.25_L4_up	/pscratch/sd/s/sanzharb/tc_nqs/phase3d/hy0.2/magnetic_hz0.25/L4	2026-09-17T19:10:39Z
58477330	0.2	magnetic_hz0.25	4	chain_dn	1.25	p3d_hy0.2_m0.25_L4_dn	/pscratch/sd/s/sanzharb/tc_nqs/phase3d/hy0.2/magnetic_hz0.25/L4	2026-09-17T19:10:39Z
58477330	0.2	magnetic_hz0.25	4	chain_dn	1.15	p3d_hy0.2_m0.25_L4_dn	/pscratch/sd/s/sanzharb/tc_nqs/phase3d/hy0.2/magnetic_hz0.25/L4	2026-09-17T19:10:39Z
58477330	0.2	magnetic_hz0.25	4	chain_dn	1.05	p3d_hy0.2_m0.25_L4_dn	/pscratch/sd/s/sanzharb/tc_nqs/phase3d/hy0.2/magnetic_hz0.25/L4	2026-09-17T19:10:39Z
58477330	0.2	magnetic_hz0.25	4	chain_dn	1.0	p3d_hy0.2_m0.25_L4_dn	/pscratch/sd/s/sanzharb/tc_nqs/phase3d/hy0.2/magnetic_hz0.25/L4	2026-09-17T19:10:39Z
58477330	0.2	magnetic_hz0.25	4	chain_dn	0.95	p3d_hy0.2_m0.25_L4_dn	/pscratch/sd/s/sanzharb/tc_nqs/phase3d/hy0.2/magnetic_hz0.25/L4	2026-09-17T19:10:39Z
58477330	0.2	magnetic_hz0.25	4	chain_dn	0.9	p3d_hy0.2_m0.25_L4_dn	/pscratch/sd/s/sanzharb/tc_nqs/phase3d/hy0.2/magnetic_hz0.25/L4	2026-09-17T19:10:39Z
58477330	0.2	magnetic_hz0.25	4	chain_dn	0.85	p3d_hy0.2_m0.25_L4_dn	/pscratch/sd/s/sanzharb/tc_nqs/phase3d/hy0.2/magnetic_hz0.25/L4	2026-09-17T19:10:39Z
58477330	0.2	magnetic_hz0.25	4	chain_dn	0.8	p3d_hy0.2_m0.25_L4_dn	/pscratch/sd/s/sanzharb/tc_nqs/phase3d/hy0.2/magnetic_hz0.25/L4	2026-09-17T19:10:39Z
58477330	0.2	magnetic_hz0.25	4	chain_dn	0.75	p3d_hy0.2_m0.25_L4_dn	/pscratch/sd/s/sanzharb/tc_nqs/phase3d/hy0.2/magnetic_hz0.25/L4	2026-09-17T19:10:39Z
58477330	0.2	magnetic_hz0.25	4	chain_dn	0.7	p3d_hy0.2_m0.25_L4_dn	/pscratch/sd/s/sanzharb/tc_nqs/phase3d/hy0.2/magnetic_hz0.25/L4	2026-09-17T19:10:39Z
58477331	0.2	magnetic_hz0.85	4	chain_up	0.7	p3d_hy0.2_m0.85_L4_up	/pscratch/sd/s/sanzharb/tc_nqs/phase3d/hy0.2/magnetic_hz0.85/L4	2026-09-17T19:10:39Z
58477331	0.2	magnetic_hz0.85	4	chain_up	0.8	p3d_hy0.2_m0.85_L4_up	/pscratch/sd/s/sanzharb/tc_nqs/phase3d/hy0.2/magnetic_hz0.85/L4	2026-09-17T19:10:39Z
58477331	0.2	magnetic_hz0.85	4	chain_up	0.9	p3d_hy0.2_m0.85_L4_up	/pscratch/sd/s/sanzharb/tc_nqs/phase3d/hy0.2/magnetic_hz0.85/L4	2026-09-17T19:10:39Z
58477331	0.2	magnetic_hz0.85	4	chain_up	1.0	p3d_hy0.2_m0.85_L4_up	/pscratch/sd/s/sanzharb/tc_nqs/phase3d/hy0.2/magnetic_hz0.85/L4	2026-09-17T19:10:39Z
58477331	0.2	magnetic_hz0.85	4	chain_up	1.1	p3d_hy0.2_m0.85_L4_up	/pscratch/sd/s/sanzharb/tc_nqs/phase3d/hy0.2/magnetic_hz0.85/L4	2026-09-17T19:10:39Z
58477331	0.2	magnetic_hz0.85	4	chain_up	1.15	p3d_hy0.2_m0.85_L4_up	/pscratch/sd/s/sanzharb/tc_nqs/phase3d/hy0.2/magnetic_hz0.85/L4	2026-09-17T19:10:39Z
58477331	0.2	magnetic_hz0.85	4	chain_up	1.2	p3d_hy0.2_m0.85_L4_up	/pscratch/sd/s/sanzharb/tc_nqs/phase3d/hy0.2/magnetic_hz0.85/L4	2026-09-17T19:10:39Z
58477331	0.2	magnetic_hz0.85	4	chain_up	1.25	p3d_hy0.2_m0.85_L4_up	/pscratch/sd/s/sanzharb/tc_nqs/phase3d/hy0.2/magnetic_hz0.85/L4	2026-09-17T19:10:39Z
58477331	0.2	magnetic_hz0.85	4	chain_up	1.3	p3d_hy0.2_m0.85_L4_up	/pscratch/sd/s/sanzharb/tc_nqs/phase3d/hy0.2/magnetic_hz0.85/L4	2026-09-17T19:10:39Z
58477331	0.2	magnetic_hz0.85	4	chain_up	1.35	p3d_hy0.2_m0.85_L4_up	/pscratch/sd/s/sanzharb/tc_nqs/phase3d/hy0.2/magnetic_hz0.85/L4	2026-09-17T19:10:39Z
58477331	0.2	magnetic_hz0.85	4	chain_up	1.4	p3d_hy0.2_m0.85_L4_up	/pscratch/sd/s/sanzharb/tc_nqs/phase3d/hy0.2/magnetic_hz0.85/L4	2026-09-17T19:10:39Z
58477331	0.2	magnetic_hz0.85	4	chain_up	1.45	p3d_hy0.2_m0.85_L4_up	/pscratch/sd/s/sanzharb/tc_nqs/phase3d/hy0.2/magnetic_hz0.85/L4	2026-09-17T19:10:39Z
58477332	0.2	magnetic_hz0.85	4	chain_dn	1.7	p3d_hy0.2_m0.85_L4_dn	/pscratch/sd/s/sanzharb/tc_nqs/phase3d/hy0.2/magnetic_hz0.85/L4	2026-09-17T19:10:39Z
58477332	0.2	magnetic_hz0.85	4	chain_dn	1.6	p3d_hy0.2_m0.85_L4_dn	/pscratch/sd/s/sanzharb/tc_nqs/phase3d/hy0.2/magnetic_hz0.85/L4	2026-09-17T19:10:39Z
58477332	0.2	magnetic_hz0.85	4	chain_dn	1.5	p3d_hy0.2_m0.85_L4_dn	/pscratch/sd/s/sanzharb/tc_nqs/phase3d/hy0.2/magnetic_hz0.85/L4	2026-09-17T19:10:39Z
58477332	0.2	magnetic_hz0.85	4	chain_dn	1.45	p3d_hy0.2_m0.85_L4_dn	/pscratch/sd/s/sanzharb/tc_nqs/phase3d/hy0.2/magnetic_hz0.85/L4	2026-09-17T19:10:39Z
58477332	0.2	magnetic_hz0.85	4	chain_dn	1.4	p3d_hy0.2_m0.85_L4_dn	/pscratch/sd/s/sanzharb/tc_nqs/phase3d/hy0.2/magnetic_hz0.85/L4	2026-09-17T19:10:39Z
58477332	0.2	magnetic_hz0.85	4	chain_dn	1.35	p3d_hy0.2_m0.85_L4_dn	/pscratch/sd/s/sanzharb/tc_nqs/phase3d/hy0.2/magnetic_hz0.85/L4	2026-09-17T19:10:39Z
58477332	0.2	magnetic_hz0.85	4	chain_dn	1.3	p3d_hy0.2_m0.85_L4_dn	/pscratch/sd/s/sanzharb/tc_nqs/phase3d/hy0.2/magnetic_hz0.85/L4	2026-09-17T19:10:39Z
58477332	0.2	magnetic_hz0.85	4	chain_dn	1.25	p3d_hy0.2_m0.85_L4_dn	/pscratch/sd/s/sanzharb/tc_nqs/phase3d/hy0.2/magnetic_hz0.85/L4	2026-09-17T19:10:39Z
58477332	0.2	magnetic_hz0.85	4	chain_dn	1.2	p3d_hy0.2_m0.85_L4_dn	/pscratch/sd/s/sanzharb/tc_nqs/phase3d/hy0.2/magnetic_hz0.85/L4	2026-09-17T19:10:39Z
58477332	0.2	magnetic_hz0.85	4	chain_dn	1.15	p3d_hy0.2_m0.85_L4_dn	/pscratch/sd/s/sanzharb/tc_nqs/phase3d/hy0.2/magnetic_hz0.85/L4	2026-09-17T19:10:39Z
58477333	0.2	magnetic_hz0.0	4	chain_up	0.75	p3d_hy0.2_m0.0_L4_up	/pscratch/sd/s/sanzharb/tc_nqs/phase3d/hy0.2/magnetic_hz0.0/L4	2026-09-17T19:10:40Z
58477334	0.2	magnetic_hz0.0	4	chain_dn	0.8	p3d_hy0.2_m0.0_L4_dn	/pscratch/sd/s/sanzharb/tc_nqs/phase3d/hy0.2/magnetic_hz0.0/L4	2026-09-17T19:10:40Z
58477334	0.2	magnetic_hz0.0	4	chain_dn	0.75	p3d_hy0.2_m0.0_L4_dn	/pscratch/sd/s/sanzharb/tc_nqs/phase3d/hy0.2/magnetic_hz0.0/L4	2026-09-17T19:10:40Z
58477334	0.2	magnetic_hz0.0	4	chain_dn	0.7	p3d_hy0.2_m0.0_L4_dn	/pscratch/sd/s/sanzharb/tc_nqs/phase3d/hy0.2/magnetic_hz0.0/L4	2026-09-17T19:10:40Z
58477336	0.2	magnetic_hz0.2	4	chain_up	0.75	p3d_hy0.2_m0.2_L4_up	/pscratch/sd/s/sanzharb/tc_nqs/phase3d/hy0.2/magnetic_hz0.2/L4	2026-09-17T19:10:40Z
58477338	0.2	magnetic_hz0.2	4	chain_dn	0.8	p3d_hy0.2_m0.2_L4_dn	/pscratch/sd/s/sanzharb/tc_nqs/phase3d/hy0.2/magnetic_hz0.2/L4	2026-09-17T19:10:40Z
58477338	0.2	magnetic_hz0.2	4	chain_dn	0.75	p3d_hy0.2_m0.2_L4_dn	/pscratch/sd/s/sanzharb/tc_nqs/phase3d/hy0.2/magnetic_hz0.2/L4	2026-09-17T19:10:40Z
58477338	0.2	magnetic_hz0.2	4	chain_dn	0.7	p3d_hy0.2_m0.2_L4_dn	/pscratch/sd/s/sanzharb/tc_nqs/phase3d/hy0.2/magnetic_hz0.2/L4	2026-09-17T19:10:40Z
58477339	0.2	magnetic_hz0.4	4	chain_up	0.75	p3d_hy0.2_m0.4_L4_up	/pscratch/sd/s/sanzharb/tc_nqs/phase3d/hy0.2/magnetic_hz0.4/L4	2026-09-17T19:10:40Z
58477340	0.2	magnetic_hz0.4	4	chain_dn	0.75	p3d_hy0.2_m0.4_L4_dn	/pscratch/sd/s/sanzharb/tc_nqs/phase3d/hy0.2/magnetic_hz0.4/L4	2026-09-17T19:10:40Z
58477340	0.2	magnetic_hz0.4	4	chain_dn	0.7	p3d_hy0.2_m0.4_L4_dn	/pscratch/sd/s/sanzharb/tc_nqs/phase3d/hy0.2/magnetic_hz0.4/L4	2026-09-17T19:10:40Z
58477341	0.2	magnetic_hz0.7	4	chain_up	1.2	p3d_hy0.2_m0.7_L4_up	/pscratch/sd/s/sanzharb/tc_nqs/phase3d/hy0.2/magnetic_hz0.7/L4	2026-09-17T19:10:41Z
58477341	0.2	magnetic_hz0.7	4	chain_up	1.25	p3d_hy0.2_m0.7_L4_up	/pscratch/sd/s/sanzharb/tc_nqs/phase3d/hy0.2/magnetic_hz0.7/L4	2026-09-17T19:10:41Z
58477341	0.2	magnetic_hz0.7	4	chain_up	1.3	p3d_hy0.2_m0.7_L4_up	/pscratch/sd/s/sanzharb/tc_nqs/phase3d/hy0.2/magnetic_hz0.7/L4	2026-09-17T19:10:41Z
58477341	0.2	magnetic_hz0.7	4	chain_up	1.35	p3d_hy0.2_m0.7_L4_up	/pscratch/sd/s/sanzharb/tc_nqs/phase3d/hy0.2/magnetic_hz0.7/L4	2026-09-17T19:10:41Z
58477343	0.2	magnetic_hz0.7	4	chain_dn	1.35	p3d_hy0.2_m0.7_L4_dn	/pscratch/sd/s/sanzharb/tc_nqs/phase3d/hy0.2/magnetic_hz0.7/L4	2026-09-17T19:10:41Z
58477343	0.2	magnetic_hz0.7	4	chain_dn	1.3	p3d_hy0.2_m0.7_L4_dn	/pscratch/sd/s/sanzharb/tc_nqs/phase3d/hy0.2/magnetic_hz0.7/L4	2026-09-17T19:10:41Z
58477343	0.2	magnetic_hz0.7	4	chain_dn	1.2	p3d_hy0.2_m0.7_L4_dn	/pscratch/sd/s/sanzharb/tc_nqs/phase3d/hy0.2/magnetic_hz0.7/L4	2026-09-17T19:10:41Z
58477344	0.2	magnetic_hz1.0	4	chain_up	1.4	p3d_hy0.2_m1.0_L4_up	/pscratch/sd/s/sanzharb/tc_nqs/phase3d/hy0.2/magnetic_hz1.0/L4	2026-09-17T19:10:41Z
58477344	0.2	magnetic_hz1.0	4	chain_up	1.45	p3d_hy0.2_m1.0_L4_up	/pscratch/sd/s/sanzharb/tc_nqs/phase3d/hy0.2/magnetic_hz1.0/L4	2026-09-17T19:10:41Z
58477344	0.2	magnetic_hz1.0	4	chain_up	1.5	p3d_hy0.2_m1.0_L4_up	/pscratch/sd/s/sanzharb/tc_nqs/phase3d/hy0.2/magnetic_hz1.0/L4	2026-09-17T19:10:41Z
58477344	0.2	magnetic_hz1.0	4	chain_up	1.55	p3d_hy0.2_m1.0_L4_up	/pscratch/sd/s/sanzharb/tc_nqs/phase3d/hy0.2/magnetic_hz1.0/L4	2026-09-17T19:10:41Z
58477344	0.2	magnetic_hz1.0	4	chain_up	1.6	p3d_hy0.2_m1.0_L4_up	/pscratch/sd/s/sanzharb/tc_nqs/phase3d/hy0.2/magnetic_hz1.0/L4	2026-09-17T19:10:41Z
58477345	0.2	magnetic_hz1.0	4	chain_dn	1.6	p3d_hy0.2_m1.0_L4_dn	/pscratch/sd/s/sanzharb/tc_nqs/phase3d/hy0.2/magnetic_hz1.0/L4	2026-09-17T19:10:41Z
58477345	0.2	magnetic_hz1.0	4	chain_dn	1.55	p3d_hy0.2_m1.0_L4_dn	/pscratch/sd/s/sanzharb/tc_nqs/phase3d/hy0.2/magnetic_hz1.0/L4	2026-09-17T19:10:41Z
58477345	0.2	magnetic_hz1.0	4	chain_dn	1.5	p3d_hy0.2_m1.0_L4_dn	/pscratch/sd/s/sanzharb/tc_nqs/phase3d/hy0.2/magnetic_hz1.0/L4	2026-09-17T19:10:41Z
58477345	0.2	magnetic_hz1.0	4	chain_dn	1.4	p3d_hy0.2_m1.0_L4_dn	/pscratch/sd/s/sanzharb/tc_nqs/phase3d/hy0.2/magnetic_hz1.0/L4	2026-09-17T19:10:41Z
58477347	0.4	electric_hx0.65	4	cold	0.2	p3d_hy0.4_e0.65_L4	/pscratch/sd/s/sanzharb/tc_nqs/phase3d/hy0.4/electric_hx0.65/L4	2026-09-17T19:10:48Z
58477348	0.4	electric_hx0.65	4	cold	0.26	p3d_hy0.4_e0.65_L4	/pscratch/sd/s/sanzharb/tc_nqs/phase3d/hy0.4/electric_hx0.65/L4	2026-09-17T19:10:48Z
58477349	0.4	electric_hx0.65	4	cold	0.29	p3d_hy0.4_e0.65_L4	/pscratch/sd/s/sanzharb/tc_nqs/phase3d/hy0.4/electric_hx0.65/L4	2026-09-17T19:10:51Z
58477353	0.4	electric_hx0.65	4	cold	0.32	p3d_hy0.4_e0.65_L4	/pscratch/sd/s/sanzharb/tc_nqs/phase3d/hy0.4/electric_hx0.65/L4	2026-09-17T19:10:51Z
58477354	0.4	electric_hx0.65	4	cold	0.35	p3d_hy0.4_e0.65_L4	/pscratch/sd/s/sanzharb/tc_nqs/phase3d/hy0.4/electric_hx0.65/L4	2026-09-17T19:10:53Z
58477355	0.4	electric_hx0.65	4	cold	0.38	p3d_hy0.4_e0.65_L4	/pscratch/sd/s/sanzharb/tc_nqs/phase3d/hy0.4/electric_hx0.65/L4	2026-09-17T19:10:53Z
58477356	0.4	electric_hx0.65	4	cold	0.44	p3d_hy0.4_e0.65_L4	/pscratch/sd/s/sanzharb/tc_nqs/phase3d/hy0.4/electric_hx0.65/L4	2026-09-17T19:10:53Z
58477357	0.4	magnetic_hz0.25	4	chain_up	0.6	p3d_hy0.4_m0.25_L4_up	/pscratch/sd/s/sanzharb/tc_nqs/phase3d/hy0.4/magnetic_hz0.25/L4	2026-09-17T19:10:55Z
58477357	0.4	magnetic_hz0.25	4	chain_up	0.7	p3d_hy0.4_m0.25_L4_up	/pscratch/sd/s/sanzharb/tc_nqs/phase3d/hy0.4/magnetic_hz0.25/L4	2026-09-17T19:10:55Z
58477357	0.4	magnetic_hz0.25	4	chain_up	0.75	p3d_hy0.4_m0.25_L4_up	/pscratch/sd/s/sanzharb/tc_nqs/phase3d/hy0.4/magnetic_hz0.25/L4	2026-09-17T19:10:55Z
58477357	0.4	magnetic_hz0.25	4	chain_up	0.8	p3d_hy0.4_m0.25_L4_up	/pscratch/sd/s/sanzharb/tc_nqs/phase3d/hy0.4/magnetic_hz0.25/L4	2026-09-17T19:10:55Z
58477357	0.4	magnetic_hz0.25	4	chain_up	0.85	p3d_hy0.4_m0.25_L4_up	/pscratch/sd/s/sanzharb/tc_nqs/phase3d/hy0.4/magnetic_hz0.25/L4	2026-09-17T19:10:55Z
58477357	0.4	magnetic_hz0.25	4	chain_up	0.9	p3d_hy0.4_m0.25_L4_up	/pscratch/sd/s/sanzharb/tc_nqs/phase3d/hy0.4/magnetic_hz0.25/L4	2026-09-17T19:10:55Z
58477357	0.4	magnetic_hz0.25	4	chain_up	0.95	p3d_hy0.4_m0.25_L4_up	/pscratch/sd/s/sanzharb/tc_nqs/phase3d/hy0.4/magnetic_hz0.25/L4	2026-09-17T19:10:55Z
58477357	0.4	magnetic_hz0.25	4	chain_up	1.0	p3d_hy0.4_m0.25_L4_up	/pscratch/sd/s/sanzharb/tc_nqs/phase3d/hy0.4/magnetic_hz0.25/L4	2026-09-17T19:10:55Z
58477358	0.4	magnetic_hz0.25	4	chain_dn	1.25	p3d_hy0.4_m0.25_L4_dn	/pscratch/sd/s/sanzharb/tc_nqs/phase3d/hy0.4/magnetic_hz0.25/L4	2026-09-17T19:10:57Z
58477358	0.4	magnetic_hz0.25	4	chain_dn	1.15	p3d_hy0.4_m0.25_L4_dn	/pscratch/sd/s/sanzharb/tc_nqs/phase3d/hy0.4/magnetic_hz0.25/L4	2026-09-17T19:10:57Z
58477358	0.4	magnetic_hz0.25	4	chain_dn	1.05	p3d_hy0.4_m0.25_L4_dn	/pscratch/sd/s/sanzharb/tc_nqs/phase3d/hy0.4/magnetic_hz0.25/L4	2026-09-17T19:10:57Z
58477358	0.4	magnetic_hz0.25	4	chain_dn	1.0	p3d_hy0.4_m0.25_L4_dn	/pscratch/sd/s/sanzharb/tc_nqs/phase3d/hy0.4/magnetic_hz0.25/L4	2026-09-17T19:10:57Z
58477358	0.4	magnetic_hz0.25	4	chain_dn	0.95	p3d_hy0.4_m0.25_L4_dn	/pscratch/sd/s/sanzharb/tc_nqs/phase3d/hy0.4/magnetic_hz0.25/L4	2026-09-17T19:10:57Z
58477358	0.4	magnetic_hz0.25	4	chain_dn	0.9	p3d_hy0.4_m0.25_L4_dn	/pscratch/sd/s/sanzharb/tc_nqs/phase3d/hy0.4/magnetic_hz0.25/L4	2026-09-17T19:10:57Z
58477358	0.4	magnetic_hz0.25	4	chain_dn	0.85	p3d_hy0.4_m0.25_L4_dn	/pscratch/sd/s/sanzharb/tc_nqs/phase3d/hy0.4/magnetic_hz0.25/L4	2026-09-17T19:10:57Z
58477358	0.4	magnetic_hz0.25	4	chain_dn	0.8	p3d_hy0.4_m0.25_L4_dn	/pscratch/sd/s/sanzharb/tc_nqs/phase3d/hy0.4/magnetic_hz0.25/L4	2026-09-17T19:10:57Z
58477358	0.4	magnetic_hz0.25	4	chain_dn	0.75	p3d_hy0.4_m0.25_L4_dn	/pscratch/sd/s/sanzharb/tc_nqs/phase3d/hy0.4/magnetic_hz0.25/L4	2026-09-17T19:10:57Z
58477358	0.4	magnetic_hz0.25	4	chain_dn	0.7	p3d_hy0.4_m0.25_L4_dn	/pscratch/sd/s/sanzharb/tc_nqs/phase3d/hy0.4/magnetic_hz0.25/L4	2026-09-17T19:10:57Z
58477360	0.4	magnetic_hz0.85	4	chain_up	0.7	p3d_hy0.4_m0.85_L4_up	/pscratch/sd/s/sanzharb/tc_nqs/phase3d/hy0.4/magnetic_hz0.85/L4	2026-09-17T19:10:57Z
58477360	0.4	magnetic_hz0.85	4	chain_up	0.8	p3d_hy0.4_m0.85_L4_up	/pscratch/sd/s/sanzharb/tc_nqs/phase3d/hy0.4/magnetic_hz0.85/L4	2026-09-17T19:10:57Z
58477360	0.4	magnetic_hz0.85	4	chain_up	0.9	p3d_hy0.4_m0.85_L4_up	/pscratch/sd/s/sanzharb/tc_nqs/phase3d/hy0.4/magnetic_hz0.85/L4	2026-09-17T19:10:57Z
58477360	0.4	magnetic_hz0.85	4	chain_up	1.0	p3d_hy0.4_m0.85_L4_up	/pscratch/sd/s/sanzharb/tc_nqs/phase3d/hy0.4/magnetic_hz0.85/L4	2026-09-17T19:10:57Z
58477360	0.4	magnetic_hz0.85	4	chain_up	1.1	p3d_hy0.4_m0.85_L4_up	/pscratch/sd/s/sanzharb/tc_nqs/phase3d/hy0.4/magnetic_hz0.85/L4	2026-09-17T19:10:57Z
58477360	0.4	magnetic_hz0.85	4	chain_up	1.15	p3d_hy0.4_m0.85_L4_up	/pscratch/sd/s/sanzharb/tc_nqs/phase3d/hy0.4/magnetic_hz0.85/L4	2026-09-17T19:10:57Z
58477360	0.4	magnetic_hz0.85	4	chain_up	1.2	p3d_hy0.4_m0.85_L4_up	/pscratch/sd/s/sanzharb/tc_nqs/phase3d/hy0.4/magnetic_hz0.85/L4	2026-09-17T19:10:57Z
58477360	0.4	magnetic_hz0.85	4	chain_up	1.25	p3d_hy0.4_m0.85_L4_up	/pscratch/sd/s/sanzharb/tc_nqs/phase3d/hy0.4/magnetic_hz0.85/L4	2026-09-17T19:10:58Z
58477360	0.4	magnetic_hz0.85	4	chain_up	1.3	p3d_hy0.4_m0.85_L4_up	/pscratch/sd/s/sanzharb/tc_nqs/phase3d/hy0.4/magnetic_hz0.85/L4	2026-09-17T19:10:58Z
58477360	0.4	magnetic_hz0.85	4	chain_up	1.35	p3d_hy0.4_m0.85_L4_up	/pscratch/sd/s/sanzharb/tc_nqs/phase3d/hy0.4/magnetic_hz0.85/L4	2026-09-17T19:10:58Z
58477360	0.4	magnetic_hz0.85	4	chain_up	1.4	p3d_hy0.4_m0.85_L4_up	/pscratch/sd/s/sanzharb/tc_nqs/phase3d/hy0.4/magnetic_hz0.85/L4	2026-09-17T19:10:58Z
58477360	0.4	magnetic_hz0.85	4	chain_up	1.45	p3d_hy0.4_m0.85_L4_up	/pscratch/sd/s/sanzharb/tc_nqs/phase3d/hy0.4/magnetic_hz0.85/L4	2026-09-17T19:10:58Z
58477361	0.4	magnetic_hz0.85	4	chain_dn	1.7	p3d_hy0.4_m0.85_L4_dn	/pscratch/sd/s/sanzharb/tc_nqs/phase3d/hy0.4/magnetic_hz0.85/L4	2026-09-17T19:11:00Z
58477361	0.4	magnetic_hz0.85	4	chain_dn	1.6	p3d_hy0.4_m0.85_L4_dn	/pscratch/sd/s/sanzharb/tc_nqs/phase3d/hy0.4/magnetic_hz0.85/L4	2026-09-17T19:11:00Z
58477361	0.4	magnetic_hz0.85	4	chain_dn	1.5	p3d_hy0.4_m0.85_L4_dn	/pscratch/sd/s/sanzharb/tc_nqs/phase3d/hy0.4/magnetic_hz0.85/L4	2026-09-17T19:11:00Z
58477361	0.4	magnetic_hz0.85	4	chain_dn	1.45	p3d_hy0.4_m0.85_L4_dn	/pscratch/sd/s/sanzharb/tc_nqs/phase3d/hy0.4/magnetic_hz0.85/L4	2026-09-17T19:11:00Z
58477361	0.4	magnetic_hz0.85	4	chain_dn	1.4	p3d_hy0.4_m0.85_L4_dn	/pscratch/sd/s/sanzharb/tc_nqs/phase3d/hy0.4/magnetic_hz0.85/L4	2026-09-17T19:11:00Z
58477361	0.4	magnetic_hz0.85	4	chain_dn	1.35	p3d_hy0.4_m0.85_L4_dn	/pscratch/sd/s/sanzharb/tc_nqs/phase3d/hy0.4/magnetic_hz0.85/L4	2026-09-17T19:11:00Z
58477361	0.4	magnetic_hz0.85	4	chain_dn	1.3	p3d_hy0.4_m0.85_L4_dn	/pscratch/sd/s/sanzharb/tc_nqs/phase3d/hy0.4/magnetic_hz0.85/L4	2026-09-17T19:11:00Z
58477361	0.4	magnetic_hz0.85	4	chain_dn	1.25	p3d_hy0.4_m0.85_L4_dn	/pscratch/sd/s/sanzharb/tc_nqs/phase3d/hy0.4/magnetic_hz0.85/L4	2026-09-17T19:11:00Z
58477361	0.4	magnetic_hz0.85	4	chain_dn	1.2	p3d_hy0.4_m0.85_L4_dn	/pscratch/sd/s/sanzharb/tc_nqs/phase3d/hy0.4/magnetic_hz0.85/L4	2026-09-17T19:11:00Z
58477361	0.4	magnetic_hz0.85	4	chain_dn	1.15	p3d_hy0.4_m0.85_L4_dn	/pscratch/sd/s/sanzharb/tc_nqs/phase3d/hy0.4/magnetic_hz0.85/L4	2026-09-17T19:11:00Z
58477362	0.4	magnetic_hz0.0	4	chain_up	0.75	p3d_hy0.4_m0.0_L4_up	/pscratch/sd/s/sanzharb/tc_nqs/phase3d/hy0.4/magnetic_hz0.0/L4	2026-09-17T19:11:02Z
58477363	0.4	magnetic_hz0.0	4	chain_dn	0.8	p3d_hy0.4_m0.0_L4_dn	/pscratch/sd/s/sanzharb/tc_nqs/phase3d/hy0.4/magnetic_hz0.0/L4	2026-09-17T19:11:04Z
58477363	0.4	magnetic_hz0.0	4	chain_dn	0.75	p3d_hy0.4_m0.0_L4_dn	/pscratch/sd/s/sanzharb/tc_nqs/phase3d/hy0.4/magnetic_hz0.0/L4	2026-09-17T19:11:04Z
58477363	0.4	magnetic_hz0.0	4	chain_dn	0.7	p3d_hy0.4_m0.0_L4_dn	/pscratch/sd/s/sanzharb/tc_nqs/phase3d/hy0.4/magnetic_hz0.0/L4	2026-09-17T19:11:04Z
58477365	0.4	magnetic_hz0.2	4	chain_up	0.75	p3d_hy0.4_m0.2_L4_up	/pscratch/sd/s/sanzharb/tc_nqs/phase3d/hy0.4/magnetic_hz0.2/L4	2026-09-17T19:11:04Z
58477367	0.4	magnetic_hz0.2	4	chain_dn	0.8	p3d_hy0.4_m0.2_L4_dn	/pscratch/sd/s/sanzharb/tc_nqs/phase3d/hy0.4/magnetic_hz0.2/L4	2026-09-17T19:11:06Z
58477367	0.4	magnetic_hz0.2	4	chain_dn	0.75	p3d_hy0.4_m0.2_L4_dn	/pscratch/sd/s/sanzharb/tc_nqs/phase3d/hy0.4/magnetic_hz0.2/L4	2026-09-17T19:11:06Z
58477367	0.4	magnetic_hz0.2	4	chain_dn	0.7	p3d_hy0.4_m0.2_L4_dn	/pscratch/sd/s/sanzharb/tc_nqs/phase3d/hy0.4/magnetic_hz0.2/L4	2026-09-17T19:11:06Z
58477368	0.4	magnetic_hz0.4	4	chain_up	0.75	p3d_hy0.4_m0.4_L4_up	/pscratch/sd/s/sanzharb/tc_nqs/phase3d/hy0.4/magnetic_hz0.4/L4	2026-09-17T19:11:07Z
58477369	0.4	magnetic_hz0.4	4	chain_dn	0.75	p3d_hy0.4_m0.4_L4_dn	/pscratch/sd/s/sanzharb/tc_nqs/phase3d/hy0.4/magnetic_hz0.4/L4	2026-09-17T19:11:09Z
58477369	0.4	magnetic_hz0.4	4	chain_dn	0.7	p3d_hy0.4_m0.4_L4_dn	/pscratch/sd/s/sanzharb/tc_nqs/phase3d/hy0.4/magnetic_hz0.4/L4	2026-09-17T19:11:09Z
58477371	0.4	magnetic_hz0.7	4	chain_up	1.2	p3d_hy0.4_m0.7_L4_up	/pscratch/sd/s/sanzharb/tc_nqs/phase3d/hy0.4/magnetic_hz0.7/L4	2026-09-17T19:11:09Z
58477371	0.4	magnetic_hz0.7	4	chain_up	1.25	p3d_hy0.4_m0.7_L4_up	/pscratch/sd/s/sanzharb/tc_nqs/phase3d/hy0.4/magnetic_hz0.7/L4	2026-09-17T19:11:09Z
58477371	0.4	magnetic_hz0.7	4	chain_up	1.3	p3d_hy0.4_m0.7_L4_up	/pscratch/sd/s/sanzharb/tc_nqs/phase3d/hy0.4/magnetic_hz0.7/L4	2026-09-17T19:11:09Z
58477371	0.4	magnetic_hz0.7	4	chain_up	1.35	p3d_hy0.4_m0.7_L4_up	/pscratch/sd/s/sanzharb/tc_nqs/phase3d/hy0.4/magnetic_hz0.7/L4	2026-09-17T19:11:09Z
58477373	0.4	magnetic_hz0.7	4	chain_dn	1.35	p3d_hy0.4_m0.7_L4_dn	/pscratch/sd/s/sanzharb/tc_nqs/phase3d/hy0.4/magnetic_hz0.7/L4	2026-09-17T19:11:09Z
58477373	0.4	magnetic_hz0.7	4	chain_dn	1.3	p3d_hy0.4_m0.7_L4_dn	/pscratch/sd/s/sanzharb/tc_nqs/phase3d/hy0.4/magnetic_hz0.7/L4	2026-09-17T19:11:09Z
58477373	0.4	magnetic_hz0.7	4	chain_dn	1.2	p3d_hy0.4_m0.7_L4_dn	/pscratch/sd/s/sanzharb/tc_nqs/phase3d/hy0.4/magnetic_hz0.7/L4	2026-09-17T19:11:09Z
58477374	0.4	magnetic_hz1.0	4	chain_up	1.4	p3d_hy0.4_m1.0_L4_up	/pscratch/sd/s/sanzharb/tc_nqs/phase3d/hy0.4/magnetic_hz1.0/L4	2026-09-17T19:11:11Z
58477374	0.4	magnetic_hz1.0	4	chain_up	1.45	p3d_hy0.4_m1.0_L4_up	/pscratch/sd/s/sanzharb/tc_nqs/phase3d/hy0.4/magnetic_hz1.0/L4	2026-09-17T19:11:11Z
58477374	0.4	magnetic_hz1.0	4	chain_up	1.5	p3d_hy0.4_m1.0_L4_up	/pscratch/sd/s/sanzharb/tc_nqs/phase3d/hy0.4/magnetic_hz1.0/L4	2026-09-17T19:11:11Z
58477374	0.4	magnetic_hz1.0	4	chain_up	1.55	p3d_hy0.4_m1.0_L4_up	/pscratch/sd/s/sanzharb/tc_nqs/phase3d/hy0.4/magnetic_hz1.0/L4	2026-09-17T19:11:11Z
58477374	0.4	magnetic_hz1.0	4	chain_up	1.6	p3d_hy0.4_m1.0_L4_up	/pscratch/sd/s/sanzharb/tc_nqs/phase3d/hy0.4/magnetic_hz1.0/L4	2026-09-17T19:11:11Z
58477377	0.4	magnetic_hz1.0	4	chain_dn	1.6	p3d_hy0.4_m1.0_L4_dn	/pscratch/sd/s/sanzharb/tc_nqs/phase3d/hy0.4/magnetic_hz1.0/L4	2026-09-17T19:11:13Z
58477377	0.4	magnetic_hz1.0	4	chain_dn	1.55	p3d_hy0.4_m1.0_L4_dn	/pscratch/sd/s/sanzharb/tc_nqs/phase3d/hy0.4/magnetic_hz1.0/L4	2026-09-17T19:11:13Z
58477377	0.4	magnetic_hz1.0	4	chain_dn	1.5	p3d_hy0.4_m1.0_L4_dn	/pscratch/sd/s/sanzharb/tc_nqs/phase3d/hy0.4/magnetic_hz1.0/L4	2026-09-17T19:11:13Z
58477377	0.4	magnetic_hz1.0	4	chain_dn	1.4	p3d_hy0.4_m1.0_L4_dn	/pscratch/sd/s/sanzharb/tc_nqs/phase3d/hy0.4/magnetic_hz1.0/L4	2026-09-17T19:11:13Z
58477382	0.6	electric_hx0.0	4	cold	0.13	p3d_hy0.6_e0.0_L4	/pscratch/sd/s/sanzharb/tc_nqs/phase3d/hy0.6/electric_hx0.0/L4	2026-09-17T19:11:17Z
58477383	0.6	electric_hx0.0	4	cold	0.19	p3d_hy0.6_e0.0_L4	/pscratch/sd/s/sanzharb/tc_nqs/phase3d/hy0.6/electric_hx0.0/L4	2026-09-17T19:11:18Z
58477384	0.6	electric_hx0.0	4	cold	0.22	p3d_hy0.6_e0.0_L4	/pscratch/sd/s/sanzharb/tc_nqs/phase3d/hy0.6/electric_hx0.0/L4	2026-09-17T19:11:18Z
58477393	0.6	electric_hx0.0	4	cold	0.25	p3d_hy0.6_e0.0_L4	/pscratch/sd/s/sanzharb/tc_nqs/phase3d/hy0.6/electric_hx0.0/L4	2026-09-17T19:11:18Z
58477395	0.6	electric_hx0.0	4	cold	0.28	p3d_hy0.6_e0.0_L4	/pscratch/sd/s/sanzharb/tc_nqs/phase3d/hy0.6/electric_hx0.0/L4	2026-09-17T19:11:19Z
58477396	0.6	electric_hx0.0	4	cold	0.31	p3d_hy0.6_e0.0_L4	/pscratch/sd/s/sanzharb/tc_nqs/phase3d/hy0.6/electric_hx0.0/L4	2026-09-17T19:11:19Z
58477397	0.6	electric_hx0.0	4	cold	0.37	p3d_hy0.6_e0.0_L4	/pscratch/sd/s/sanzharb/tc_nqs/phase3d/hy0.6/electric_hx0.0/L4	2026-09-17T19:11:19Z
58477398	0.6	electric_hx0.5	4	cold	0.15	p3d_hy0.6_e0.5_L4	/pscratch/sd/s/sanzharb/tc_nqs/phase3d/hy0.6/electric_hx0.5/L4	2026-09-17T19:11:19Z
58477399	0.6	electric_hx0.5	4	cold	0.21	p3d_hy0.6_e0.5_L4	/pscratch/sd/s/sanzharb/tc_nqs/phase3d/hy0.6/electric_hx0.5/L4	2026-09-17T19:11:19Z
58477400	0.6	electric_hx0.5	4	cold	0.24	p3d_hy0.6_e0.5_L4	/pscratch/sd/s/sanzharb/tc_nqs/phase3d/hy0.6/electric_hx0.5/L4	2026-09-17T19:11:19Z
58477401	0.6	electric_hx0.5	4	cold	0.27	p3d_hy0.6_e0.5_L4	/pscratch/sd/s/sanzharb/tc_nqs/phase3d/hy0.6/electric_hx0.5/L4	2026-09-17T19:11:19Z
58477402	0.6	electric_hx0.5	4	cold	0.3	p3d_hy0.6_e0.5_L4	/pscratch/sd/s/sanzharb/tc_nqs/phase3d/hy0.6/electric_hx0.5/L4	2026-09-17T19:11:19Z
58477403	0.6	electric_hx0.5	4	cold	0.33	p3d_hy0.6_e0.5_L4	/pscratch/sd/s/sanzharb/tc_nqs/phase3d/hy0.6/electric_hx0.5/L4	2026-09-17T19:11:20Z
58477404	0.6	electric_hx0.5	4	cold	0.39	p3d_hy0.6_e0.5_L4	/pscratch/sd/s/sanzharb/tc_nqs/phase3d/hy0.6/electric_hx0.5/L4	2026-09-17T19:11:20Z
58477405	0.6	electric_hx0.65	4	cold	0.17	p3d_hy0.6_e0.65_L4	/pscratch/sd/s/sanzharb/tc_nqs/phase3d/hy0.6/electric_hx0.65/L4	2026-09-17T19:11:20Z
58477406	0.6	electric_hx0.65	4	cold	0.23	p3d_hy0.6_e0.65_L4	/pscratch/sd/s/sanzharb/tc_nqs/phase3d/hy0.6/electric_hx0.65/L4	2026-09-17T19:11:20Z
58477408	0.6	electric_hx0.65	4	cold	0.26	p3d_hy0.6_e0.65_L4	/pscratch/sd/s/sanzharb/tc_nqs/phase3d/hy0.6/electric_hx0.65/L4	2026-09-17T19:11:20Z
58477410	0.6	electric_hx0.65	4	cold	0.29	p3d_hy0.6_e0.65_L4	/pscratch/sd/s/sanzharb/tc_nqs/phase3d/hy0.6/electric_hx0.65/L4	2026-09-17T19:11:20Z
58477414	0.6	electric_hx0.65	4	cold	0.35	p3d_hy0.6_e0.65_L4	/pscratch/sd/s/sanzharb/tc_nqs/phase3d/hy0.6/electric_hx0.65/L4	2026-09-17T19:11:20Z
58477416	0.6	electric_hx0.65	4	cold	0.41	p3d_hy0.6_e0.65_L4	/pscratch/sd/s/sanzharb/tc_nqs/phase3d/hy0.6/electric_hx0.65/L4	2026-09-17T19:11:21Z
58477417	0.6	electric_hx0.8	4	cold	0.21	p3d_hy0.6_e0.8_L4	/pscratch/sd/s/sanzharb/tc_nqs/phase3d/hy0.6/electric_hx0.8/L4	2026-09-17T19:11:21Z
58477420	0.6	electric_hx0.8	4	cold	0.27	p3d_hy0.6_e0.8_L4	/pscratch/sd/s/sanzharb/tc_nqs/phase3d/hy0.6/electric_hx0.8/L4	2026-09-17T19:11:21Z
58477422	0.6	electric_hx0.8	4	cold	0.3	p3d_hy0.6_e0.8_L4	/pscratch/sd/s/sanzharb/tc_nqs/phase3d/hy0.6/electric_hx0.8/L4	2026-09-17T19:11:21Z
58477425	0.6	electric_hx0.8	4	cold	0.33	p3d_hy0.6_e0.8_L4	/pscratch/sd/s/sanzharb/tc_nqs/phase3d/hy0.6/electric_hx0.8/L4	2026-09-17T19:11:21Z
58477427	0.6	electric_hx0.8	4	cold	0.36	p3d_hy0.6_e0.8_L4	/pscratch/sd/s/sanzharb/tc_nqs/phase3d/hy0.6/electric_hx0.8/L4	2026-09-17T19:11:21Z
58477429	0.6	electric_hx0.8	4	cold	0.39	p3d_hy0.6_e0.8_L4	/pscratch/sd/s/sanzharb/tc_nqs/phase3d/hy0.6/electric_hx0.8/L4	2026-09-17T19:11:21Z
58477431	0.6	electric_hx0.8	4	cold	0.45	p3d_hy0.6_e0.8_L4	/pscratch/sd/s/sanzharb/tc_nqs/phase3d/hy0.6/electric_hx0.8/L4	2026-09-17T19:11:22Z
58477438	0.6	magnetic_hz0.0	4	chain_up	0.6	p3d_hy0.6_m0.0_L4_up	/pscratch/sd/s/sanzharb/tc_nqs/phase3d/hy0.6/magnetic_hz0.0/L4	2026-09-17T19:11:23Z
58477438	0.6	magnetic_hz0.0	4	chain_up	0.7	p3d_hy0.6_m0.0_L4_up	/pscratch/sd/s/sanzharb/tc_nqs/phase3d/hy0.6/magnetic_hz0.0/L4	2026-09-17T19:11:23Z
58477438	0.6	magnetic_hz0.0	4	chain_up	0.75	p3d_hy0.6_m0.0_L4_up	/pscratch/sd/s/sanzharb/tc_nqs/phase3d/hy0.6/magnetic_hz0.0/L4	2026-09-17T19:11:23Z
58477438	0.6	magnetic_hz0.0	4	chain_up	0.8	p3d_hy0.6_m0.0_L4_up	/pscratch/sd/s/sanzharb/tc_nqs/phase3d/hy0.6/magnetic_hz0.0/L4	2026-09-17T19:11:23Z
58477438	0.6	magnetic_hz0.0	4	chain_up	0.85	p3d_hy0.6_m0.0_L4_up	/pscratch/sd/s/sanzharb/tc_nqs/phase3d/hy0.6/magnetic_hz0.0/L4	2026-09-17T19:11:23Z
58477438	0.6	magnetic_hz0.0	4	chain_up	0.9	p3d_hy0.6_m0.0_L4_up	/pscratch/sd/s/sanzharb/tc_nqs/phase3d/hy0.6/magnetic_hz0.0/L4	2026-09-17T19:11:23Z
58477438	0.6	magnetic_hz0.0	4	chain_up	0.95	p3d_hy0.6_m0.0_L4_up	/pscratch/sd/s/sanzharb/tc_nqs/phase3d/hy0.6/magnetic_hz0.0/L4	2026-09-17T19:11:23Z
58477438	0.6	magnetic_hz0.0	4	chain_up	1.0	p3d_hy0.6_m0.0_L4_up	/pscratch/sd/s/sanzharb/tc_nqs/phase3d/hy0.6/magnetic_hz0.0/L4	2026-09-17T19:11:23Z
58477443	0.6	magnetic_hz0.2	4	chain_up	0.6	p3d_hy0.6_m0.2_L4_up	/pscratch/sd/s/sanzharb/tc_nqs/phase3d/hy0.6/magnetic_hz0.2/L4	2026-09-17T19:11:23Z
58477443	0.6	magnetic_hz0.2	4	chain_up	0.7	p3d_hy0.6_m0.2_L4_up	/pscratch/sd/s/sanzharb/tc_nqs/phase3d/hy0.6/magnetic_hz0.2/L4	2026-09-17T19:11:23Z
58477443	0.6	magnetic_hz0.2	4	chain_up	0.75	p3d_hy0.6_m0.2_L4_up	/pscratch/sd/s/sanzharb/tc_nqs/phase3d/hy0.6/magnetic_hz0.2/L4	2026-09-17T19:11:23Z
58477443	0.6	magnetic_hz0.2	4	chain_up	0.8	p3d_hy0.6_m0.2_L4_up	/pscratch/sd/s/sanzharb/tc_nqs/phase3d/hy0.6/magnetic_hz0.2/L4	2026-09-17T19:11:23Z
58477443	0.6	magnetic_hz0.2	4	chain_up	0.85	p3d_hy0.6_m0.2_L4_up	/pscratch/sd/s/sanzharb/tc_nqs/phase3d/hy0.6/magnetic_hz0.2/L4	2026-09-17T19:11:23Z
58477443	0.6	magnetic_hz0.2	4	chain_up	0.9	p3d_hy0.6_m0.2_L4_up	/pscratch/sd/s/sanzharb/tc_nqs/phase3d/hy0.6/magnetic_hz0.2/L4	2026-09-17T19:11:23Z
58477443	0.6	magnetic_hz0.2	4	chain_up	0.95	p3d_hy0.6_m0.2_L4_up	/pscratch/sd/s/sanzharb/tc_nqs/phase3d/hy0.6/magnetic_hz0.2/L4	2026-09-17T19:11:23Z
58477443	0.6	magnetic_hz0.2	4	chain_up	1.0	p3d_hy0.6_m0.2_L4_up	/pscratch/sd/s/sanzharb/tc_nqs/phase3d/hy0.6/magnetic_hz0.2/L4	2026-09-17T19:11:23Z
58477446	0.6	magnetic_hz0.2	4	chain_dn	1.25	p3d_hy0.6_m0.2_L4_dn	/pscratch/sd/s/sanzharb/tc_nqs/phase3d/hy0.6/magnetic_hz0.2/L4	2026-09-17T19:11:23Z
58477446	0.6	magnetic_hz0.2	4	chain_dn	1.15	p3d_hy0.6_m0.2_L4_dn	/pscratch/sd/s/sanzharb/tc_nqs/phase3d/hy0.6/magnetic_hz0.2/L4	2026-09-17T19:11:23Z
58477446	0.6	magnetic_hz0.2	4	chain_dn	1.05	p3d_hy0.6_m0.2_L4_dn	/pscratch/sd/s/sanzharb/tc_nqs/phase3d/hy0.6/magnetic_hz0.2/L4	2026-09-17T19:11:23Z
58477446	0.6	magnetic_hz0.2	4	chain_dn	1.0	p3d_hy0.6_m0.2_L4_dn	/pscratch/sd/s/sanzharb/tc_nqs/phase3d/hy0.6/magnetic_hz0.2/L4	2026-09-17T19:11:23Z
58477446	0.6	magnetic_hz0.2	4	chain_dn	0.95	p3d_hy0.6_m0.2_L4_dn	/pscratch/sd/s/sanzharb/tc_nqs/phase3d/hy0.6/magnetic_hz0.2/L4	2026-09-17T19:11:23Z
58477446	0.6	magnetic_hz0.2	4	chain_dn	0.9	p3d_hy0.6_m0.2_L4_dn	/pscratch/sd/s/sanzharb/tc_nqs/phase3d/hy0.6/magnetic_hz0.2/L4	2026-09-17T19:11:23Z
58477446	0.6	magnetic_hz0.2	4	chain_dn	0.85	p3d_hy0.6_m0.2_L4_dn	/pscratch/sd/s/sanzharb/tc_nqs/phase3d/hy0.6/magnetic_hz0.2/L4	2026-09-17T19:11:23Z
58477446	0.6	magnetic_hz0.2	4	chain_dn	0.8	p3d_hy0.6_m0.2_L4_dn	/pscratch/sd/s/sanzharb/tc_nqs/phase3d/hy0.6/magnetic_hz0.2/L4	2026-09-17T19:11:23Z
58477446	0.6	magnetic_hz0.2	4	chain_dn	0.75	p3d_hy0.6_m0.2_L4_dn	/pscratch/sd/s/sanzharb/tc_nqs/phase3d/hy0.6/magnetic_hz0.2/L4	2026-09-17T19:11:23Z
58477446	0.6	magnetic_hz0.2	4	chain_dn	0.7	p3d_hy0.6_m0.2_L4_dn	/pscratch/sd/s/sanzharb/tc_nqs/phase3d/hy0.6/magnetic_hz0.2/L4	2026-09-17T19:11:23Z
58477448	0.6	magnetic_hz0.25	4	chain_up	0.6	p3d_hy0.6_m0.25_L4_up	/pscratch/sd/s/sanzharb/tc_nqs/phase3d/hy0.6/magnetic_hz0.25/L4	2026-09-17T19:11:23Z
58477448	0.6	magnetic_hz0.25	4	chain_up	0.7	p3d_hy0.6_m0.25_L4_up	/pscratch/sd/s/sanzharb/tc_nqs/phase3d/hy0.6/magnetic_hz0.25/L4	2026-09-17T19:11:23Z
58477448	0.6	magnetic_hz0.25	4	chain_up	0.75	p3d_hy0.6_m0.25_L4_up	/pscratch/sd/s/sanzharb/tc_nqs/phase3d/hy0.6/magnetic_hz0.25/L4	2026-09-17T19:11:23Z
58477448	0.6	magnetic_hz0.25	4	chain_up	0.8	p3d_hy0.6_m0.25_L4_up	/pscratch/sd/s/sanzharb/tc_nqs/phase3d/hy0.6/magnetic_hz0.25/L4	2026-09-17T19:11:23Z
58477448	0.6	magnetic_hz0.25	4	chain_up	0.85	p3d_hy0.6_m0.25_L4_up	/pscratch/sd/s/sanzharb/tc_nqs/phase3d/hy0.6/magnetic_hz0.25/L4	2026-09-17T19:11:23Z
58477448	0.6	magnetic_hz0.25	4	chain_up	0.9	p3d_hy0.6_m0.25_L4_up	/pscratch/sd/s/sanzharb/tc_nqs/phase3d/hy0.6/magnetic_hz0.25/L4	2026-09-17T19:11:23Z
58477448	0.6	magnetic_hz0.25	4	chain_up	0.95	p3d_hy0.6_m0.25_L4_up	/pscratch/sd/s/sanzharb/tc_nqs/phase3d/hy0.6/magnetic_hz0.25/L4	2026-09-17T19:11:23Z
58477448	0.6	magnetic_hz0.25	4	chain_up	1.0	p3d_hy0.6_m0.25_L4_up	/pscratch/sd/s/sanzharb/tc_nqs/phase3d/hy0.6/magnetic_hz0.25/L4	2026-09-17T19:11:23Z
58477451	0.6	magnetic_hz0.25	4	chain_dn	1.25	p3d_hy0.6_m0.25_L4_dn	/pscratch/sd/s/sanzharb/tc_nqs/phase3d/hy0.6/magnetic_hz0.25/L4	2026-09-17T19:11:23Z
58477451	0.6	magnetic_hz0.25	4	chain_dn	1.15	p3d_hy0.6_m0.25_L4_dn	/pscratch/sd/s/sanzharb/tc_nqs/phase3d/hy0.6/magnetic_hz0.25/L4	2026-09-17T19:11:23Z
58477451	0.6	magnetic_hz0.25	4	chain_dn	1.05	p3d_hy0.6_m0.25_L4_dn	/pscratch/sd/s/sanzharb/tc_nqs/phase3d/hy0.6/magnetic_hz0.25/L4	2026-09-17T19:11:23Z
58477451	0.6	magnetic_hz0.25	4	chain_dn	1.0	p3d_hy0.6_m0.25_L4_dn	/pscratch/sd/s/sanzharb/tc_nqs/phase3d/hy0.6/magnetic_hz0.25/L4	2026-09-17T19:11:23Z
58477451	0.6	magnetic_hz0.25	4	chain_dn	0.95	p3d_hy0.6_m0.25_L4_dn	/pscratch/sd/s/sanzharb/tc_nqs/phase3d/hy0.6/magnetic_hz0.25/L4	2026-09-17T19:11:23Z
58477451	0.6	magnetic_hz0.25	4	chain_dn	0.9	p3d_hy0.6_m0.25_L4_dn	/pscratch/sd/s/sanzharb/tc_nqs/phase3d/hy0.6/magnetic_hz0.25/L4	2026-09-17T19:11:23Z
58477451	0.6	magnetic_hz0.25	4	chain_dn	0.85	p3d_hy0.6_m0.25_L4_dn	/pscratch/sd/s/sanzharb/tc_nqs/phase3d/hy0.6/magnetic_hz0.25/L4	2026-09-17T19:11:23Z
58477451	0.6	magnetic_hz0.25	4	chain_dn	0.8	p3d_hy0.6_m0.25_L4_dn	/pscratch/sd/s/sanzharb/tc_nqs/phase3d/hy0.6/magnetic_hz0.25/L4	2026-09-17T19:11:23Z
58477451	0.6	magnetic_hz0.25	4	chain_dn	0.75	p3d_hy0.6_m0.25_L4_dn	/pscratch/sd/s/sanzharb/tc_nqs/phase3d/hy0.6/magnetic_hz0.25/L4	2026-09-17T19:11:23Z
58477451	0.6	magnetic_hz0.25	4	chain_dn	0.7	p3d_hy0.6_m0.25_L4_dn	/pscratch/sd/s/sanzharb/tc_nqs/phase3d/hy0.6/magnetic_hz0.25/L4	2026-09-17T19:11:23Z
58477454	0.6	magnetic_hz0.4	4	chain_up	0.5	p3d_hy0.6_m0.4_L4_up	/pscratch/sd/s/sanzharb/tc_nqs/phase3d/hy0.6/magnetic_hz0.4/L4	2026-09-17T19:11:24Z
58477454	0.6	magnetic_hz0.4	4	chain_up	0.6	p3d_hy0.6_m0.4_L4_up	/pscratch/sd/s/sanzharb/tc_nqs/phase3d/hy0.6/magnetic_hz0.4/L4	2026-09-17T19:11:24Z
58477454	0.6	magnetic_hz0.4	4	chain_up	0.7	p3d_hy0.6_m0.4_L4_up	/pscratch/sd/s/sanzharb/tc_nqs/phase3d/hy0.6/magnetic_hz0.4/L4	2026-09-17T19:11:24Z
58477454	0.6	magnetic_hz0.4	4	chain_up	0.75	p3d_hy0.6_m0.4_L4_up	/pscratch/sd/s/sanzharb/tc_nqs/phase3d/hy0.6/magnetic_hz0.4/L4	2026-09-17T19:11:24Z
58477454	0.6	magnetic_hz0.4	4	chain_up	0.8	p3d_hy0.6_m0.4_L4_up	/pscratch/sd/s/sanzharb/tc_nqs/phase3d/hy0.6/magnetic_hz0.4/L4	2026-09-17T19:11:24Z
58477454	0.6	magnetic_hz0.4	4	chain_up	0.85	p3d_hy0.6_m0.4_L4_up	/pscratch/sd/s/sanzharb/tc_nqs/phase3d/hy0.6/magnetic_hz0.4/L4	2026-09-17T19:11:24Z
58477454	0.6	magnetic_hz0.4	4	chain_up	0.9	p3d_hy0.6_m0.4_L4_up	/pscratch/sd/s/sanzharb/tc_nqs/phase3d/hy0.6/magnetic_hz0.4/L4	2026-09-17T19:11:24Z
58477454	0.6	magnetic_hz0.4	4	chain_up	0.95	p3d_hy0.6_m0.4_L4_up	/pscratch/sd/s/sanzharb/tc_nqs/phase3d/hy0.6/magnetic_hz0.4/L4	2026-09-17T19:11:24Z
58477454	0.6	magnetic_hz0.4	4	chain_up	1.0	p3d_hy0.6_m0.4_L4_up	/pscratch/sd/s/sanzharb/tc_nqs/phase3d/hy0.6/magnetic_hz0.4/L4	2026-09-17T19:11:24Z
58477457	0.6	magnetic_hz0.4	4	chain_dn	1.3	p3d_hy0.6_m0.4_L4_dn	/pscratch/sd/s/sanzharb/tc_nqs/phase3d/hy0.6/magnetic_hz0.4/L4	2026-09-17T19:11:24Z
58477457	0.6	magnetic_hz0.4	4	chain_dn	1.2	p3d_hy0.6_m0.4_L4_dn	/pscratch/sd/s/sanzharb/tc_nqs/phase3d/hy0.6/magnetic_hz0.4/L4	2026-09-17T19:11:24Z
58477457	0.6	magnetic_hz0.4	4	chain_dn	1.1	p3d_hy0.6_m0.4_L4_dn	/pscratch/sd/s/sanzharb/tc_nqs/phase3d/hy0.6/magnetic_hz0.4/L4	2026-09-17T19:11:24Z
58477457	0.6	magnetic_hz0.4	4	chain_dn	1.0	p3d_hy0.6_m0.4_L4_dn	/pscratch/sd/s/sanzharb/tc_nqs/phase3d/hy0.6/magnetic_hz0.4/L4	2026-09-17T19:11:24Z
58477457	0.6	magnetic_hz0.4	4	chain_dn	0.95	p3d_hy0.6_m0.4_L4_dn	/pscratch/sd/s/sanzharb/tc_nqs/phase3d/hy0.6/magnetic_hz0.4/L4	2026-09-17T19:11:24Z
58477457	0.6	magnetic_hz0.4	4	chain_dn	0.9	p3d_hy0.6_m0.4_L4_dn	/pscratch/sd/s/sanzharb/tc_nqs/phase3d/hy0.6/magnetic_hz0.4/L4	2026-09-17T19:11:24Z
58477457	0.6	magnetic_hz0.4	4	chain_dn	0.85	p3d_hy0.6_m0.4_L4_dn	/pscratch/sd/s/sanzharb/tc_nqs/phase3d/hy0.6/magnetic_hz0.4/L4	2026-09-17T19:11:24Z
58477457	0.6	magnetic_hz0.4	4	chain_dn	0.8	p3d_hy0.6_m0.4_L4_dn	/pscratch/sd/s/sanzharb/tc_nqs/phase3d/hy0.6/magnetic_hz0.4/L4	2026-09-17T19:11:24Z
58477457	0.6	magnetic_hz0.4	4	chain_dn	0.75	p3d_hy0.6_m0.4_L4_dn	/pscratch/sd/s/sanzharb/tc_nqs/phase3d/hy0.6/magnetic_hz0.4/L4	2026-09-17T19:11:24Z
58477457	0.6	magnetic_hz0.4	4	chain_dn	0.7	p3d_hy0.6_m0.4_L4_dn	/pscratch/sd/s/sanzharb/tc_nqs/phase3d/hy0.6/magnetic_hz0.4/L4	2026-09-17T19:11:24Z
58477458	0.6	magnetic_hz0.7	4	chain_up	0.6	p3d_hy0.6_m0.7_L4_up	/pscratch/sd/s/sanzharb/tc_nqs/phase3d/hy0.6/magnetic_hz0.7/L4	2026-09-17T19:11:24Z
58477458	0.6	magnetic_hz0.7	4	chain_up	0.7	p3d_hy0.6_m0.7_L4_up	/pscratch/sd/s/sanzharb/tc_nqs/phase3d/hy0.6/magnetic_hz0.7/L4	2026-09-17T19:11:24Z
58477458	0.6	magnetic_hz0.7	4	chain_up	0.8	p3d_hy0.6_m0.7_L4_up	/pscratch/sd/s/sanzharb/tc_nqs/phase3d/hy0.6/magnetic_hz0.7/L4	2026-09-17T19:11:24Z
58477458	0.6	magnetic_hz0.7	4	chain_up	0.9	p3d_hy0.6_m0.7_L4_up	/pscratch/sd/s/sanzharb/tc_nqs/phase3d/hy0.6/magnetic_hz0.7/L4	2026-09-17T19:11:24Z
58477458	0.6	magnetic_hz0.7	4	chain_up	1.0	p3d_hy0.6_m0.7_L4_up	/pscratch/sd/s/sanzharb/tc_nqs/phase3d/hy0.6/magnetic_hz0.7/L4	2026-09-17T19:11:24Z
58477458	0.6	magnetic_hz0.7	4	chain_up	1.05	p3d_hy0.6_m0.7_L4_up	/pscratch/sd/s/sanzharb/tc_nqs/phase3d/hy0.6/magnetic_hz0.7/L4	2026-09-17T19:11:24Z
58477458	0.6	magnetic_hz0.7	4	chain_up	1.1	p3d_hy0.6_m0.7_L4_up	/pscratch/sd/s/sanzharb/tc_nqs/phase3d/hy0.6/magnetic_hz0.7/L4	2026-09-17T19:11:24Z
58477458	0.6	magnetic_hz0.7	4	chain_up	1.15	p3d_hy0.6_m0.7_L4_up	/pscratch/sd/s/sanzharb/tc_nqs/phase3d/hy0.6/magnetic_hz0.7/L4	2026-09-17T19:11:24Z
58477458	0.6	magnetic_hz0.7	4	chain_up	1.2	p3d_hy0.6_m0.7_L4_up	/pscratch/sd/s/sanzharb/tc_nqs/phase3d/hy0.6/magnetic_hz0.7/L4	2026-09-17T19:11:24Z
58477458	0.6	magnetic_hz0.7	4	chain_up	1.25	p3d_hy0.6_m0.7_L4_up	/pscratch/sd/s/sanzharb/tc_nqs/phase3d/hy0.6/magnetic_hz0.7/L4	2026-09-17T19:11:24Z
58477458	0.6	magnetic_hz0.7	4	chain_up	1.3	p3d_hy0.6_m0.7_L4_up	/pscratch/sd/s/sanzharb/tc_nqs/phase3d/hy0.6/magnetic_hz0.7/L4	2026-09-17T19:11:24Z
58477458	0.6	magnetic_hz0.7	4	chain_up	1.35	p3d_hy0.6_m0.7_L4_up	/pscratch/sd/s/sanzharb/tc_nqs/phase3d/hy0.6/magnetic_hz0.7/L4	2026-09-17T19:11:24Z
58477459	0.6	magnetic_hz0.7	4	chain_dn	1.5	p3d_hy0.6_m0.7_L4_dn	/pscratch/sd/s/sanzharb/tc_nqs/phase3d/hy0.6/magnetic_hz0.7/L4	2026-09-17T19:11:24Z
58477459	0.6	magnetic_hz0.7	4	chain_dn	1.4	p3d_hy0.6_m0.7_L4_dn	/pscratch/sd/s/sanzharb/tc_nqs/phase3d/hy0.6/magnetic_hz0.7/L4	2026-09-17T19:11:24Z
58477459	0.6	magnetic_hz0.7	4	chain_dn	1.35	p3d_hy0.6_m0.7_L4_dn	/pscratch/sd/s/sanzharb/tc_nqs/phase3d/hy0.6/magnetic_hz0.7/L4	2026-09-17T19:11:24Z
58477459	0.6	magnetic_hz0.7	4	chain_dn	1.3	p3d_hy0.6_m0.7_L4_dn	/pscratch/sd/s/sanzharb/tc_nqs/phase3d/hy0.6/magnetic_hz0.7/L4	2026-09-17T19:11:24Z
58477459	0.6	magnetic_hz0.7	4	chain_dn	1.25	p3d_hy0.6_m0.7_L4_dn	/pscratch/sd/s/sanzharb/tc_nqs/phase3d/hy0.6/magnetic_hz0.7/L4	2026-09-17T19:11:24Z
58477459	0.6	magnetic_hz0.7	4	chain_dn	1.2	p3d_hy0.6_m0.7_L4_dn	/pscratch/sd/s/sanzharb/tc_nqs/phase3d/hy0.6/magnetic_hz0.7/L4	2026-09-17T19:11:24Z
58477459	0.6	magnetic_hz0.7	4	chain_dn	1.15	p3d_hy0.6_m0.7_L4_dn	/pscratch/sd/s/sanzharb/tc_nqs/phase3d/hy0.6/magnetic_hz0.7/L4	2026-09-17T19:11:24Z
58477459	0.6	magnetic_hz0.7	4	chain_dn	1.1	p3d_hy0.6_m0.7_L4_dn	/pscratch/sd/s/sanzharb/tc_nqs/phase3d/hy0.6/magnetic_hz0.7/L4	2026-09-17T19:11:24Z
58477459	0.6	magnetic_hz0.7	4	chain_dn	1.05	p3d_hy0.6_m0.7_L4_dn	/pscratch/sd/s/sanzharb/tc_nqs/phase3d/hy0.6/magnetic_hz0.7/L4	2026-09-17T19:11:24Z
58477460	0.6	magnetic_hz0.85	4	chain_up	0.7	p3d_hy0.6_m0.85_L4_up	/pscratch/sd/s/sanzharb/tc_nqs/phase3d/hy0.6/magnetic_hz0.85/L4	2026-09-17T19:11:24Z
58477460	0.6	magnetic_hz0.85	4	chain_up	0.8	p3d_hy0.6_m0.85_L4_up	/pscratch/sd/s/sanzharb/tc_nqs/phase3d/hy0.6/magnetic_hz0.85/L4	2026-09-17T19:11:24Z
58477460	0.6	magnetic_hz0.85	4	chain_up	0.9	p3d_hy0.6_m0.85_L4_up	/pscratch/sd/s/sanzharb/tc_nqs/phase3d/hy0.6/magnetic_hz0.85/L4	2026-09-17T19:11:24Z
58477460	0.6	magnetic_hz0.85	4	chain_up	1.0	p3d_hy0.6_m0.85_L4_up	/pscratch/sd/s/sanzharb/tc_nqs/phase3d/hy0.6/magnetic_hz0.85/L4	2026-09-17T19:11:24Z
58477460	0.6	magnetic_hz0.85	4	chain_up	1.1	p3d_hy0.6_m0.85_L4_up	/pscratch/sd/s/sanzharb/tc_nqs/phase3d/hy0.6/magnetic_hz0.85/L4	2026-09-17T19:11:24Z
58477460	0.6	magnetic_hz0.85	4	chain_up	1.15	p3d_hy0.6_m0.85_L4_up	/pscratch/sd/s/sanzharb/tc_nqs/phase3d/hy0.6/magnetic_hz0.85/L4	2026-09-17T19:11:24Z
58477460	0.6	magnetic_hz0.85	4	chain_up	1.2	p3d_hy0.6_m0.85_L4_up	/pscratch/sd/s/sanzharb/tc_nqs/phase3d/hy0.6/magnetic_hz0.85/L4	2026-09-17T19:11:24Z
58477460	0.6	magnetic_hz0.85	4	chain_up	1.25	p3d_hy0.6_m0.85_L4_up	/pscratch/sd/s/sanzharb/tc_nqs/phase3d/hy0.6/magnetic_hz0.85/L4	2026-09-17T19:11:24Z
58477460	0.6	magnetic_hz0.85	4	chain_up	1.3	p3d_hy0.6_m0.85_L4_up	/pscratch/sd/s/sanzharb/tc_nqs/phase3d/hy0.6/magnetic_hz0.85/L4	2026-09-17T19:11:24Z
58477460	0.6	magnetic_hz0.85	4	chain_up	1.35	p3d_hy0.6_m0.85_L4_up	/pscratch/sd/s/sanzharb/tc_nqs/phase3d/hy0.6/magnetic_hz0.85/L4	2026-09-17T19:11:24Z
58477460	0.6	magnetic_hz0.85	4	chain_up	1.4	p3d_hy0.6_m0.85_L4_up	/pscratch/sd/s/sanzharb/tc_nqs/phase3d/hy0.6/magnetic_hz0.85/L4	2026-09-17T19:11:24Z
58477460	0.6	magnetic_hz0.85	4	chain_up	1.45	p3d_hy0.6_m0.85_L4_up	/pscratch/sd/s/sanzharb/tc_nqs/phase3d/hy0.6/magnetic_hz0.85/L4	2026-09-17T19:11:24Z
58477461	0.6	magnetic_hz0.85	4	chain_dn	1.7	p3d_hy0.6_m0.85_L4_dn	/pscratch/sd/s/sanzharb/tc_nqs/phase3d/hy0.6/magnetic_hz0.85/L4	2026-09-17T19:11:24Z
58477461	0.6	magnetic_hz0.85	4	chain_dn	1.6	p3d_hy0.6_m0.85_L4_dn	/pscratch/sd/s/sanzharb/tc_nqs/phase3d/hy0.6/magnetic_hz0.85/L4	2026-09-17T19:11:24Z
58477461	0.6	magnetic_hz0.85	4	chain_dn	1.5	p3d_hy0.6_m0.85_L4_dn	/pscratch/sd/s/sanzharb/tc_nqs/phase3d/hy0.6/magnetic_hz0.85/L4	2026-09-17T19:11:24Z
58477461	0.6	magnetic_hz0.85	4	chain_dn	1.45	p3d_hy0.6_m0.85_L4_dn	/pscratch/sd/s/sanzharb/tc_nqs/phase3d/hy0.6/magnetic_hz0.85/L4	2026-09-17T19:11:24Z
58477461	0.6	magnetic_hz0.85	4	chain_dn	1.4	p3d_hy0.6_m0.85_L4_dn	/pscratch/sd/s/sanzharb/tc_nqs/phase3d/hy0.6/magnetic_hz0.85/L4	2026-09-17T19:11:24Z
58477461	0.6	magnetic_hz0.85	4	chain_dn	1.35	p3d_hy0.6_m0.85_L4_dn	/pscratch/sd/s/sanzharb/tc_nqs/phase3d/hy0.6/magnetic_hz0.85/L4	2026-09-17T19:11:24Z
58477461	0.6	magnetic_hz0.85	4	chain_dn	1.3	p3d_hy0.6_m0.85_L4_dn	/pscratch/sd/s/sanzharb/tc_nqs/phase3d/hy0.6/magnetic_hz0.85/L4	2026-09-17T19:11:24Z
58477461	0.6	magnetic_hz0.85	4	chain_dn	1.25	p3d_hy0.6_m0.85_L4_dn	/pscratch/sd/s/sanzharb/tc_nqs/phase3d/hy0.6/magnetic_hz0.85/L4	2026-09-17T19:11:24Z
58477461	0.6	magnetic_hz0.85	4	chain_dn	1.2	p3d_hy0.6_m0.85_L4_dn	/pscratch/sd/s/sanzharb/tc_nqs/phase3d/hy0.6/magnetic_hz0.85/L4	2026-09-17T19:11:24Z
58477461	0.6	magnetic_hz0.85	4	chain_dn	1.15	p3d_hy0.6_m0.85_L4_dn	/pscratch/sd/s/sanzharb/tc_nqs/phase3d/hy0.6/magnetic_hz0.85/L4	2026-09-17T19:11:24Z
58477462	0.6	magnetic_hz1.0	4	chain_up	0.8	p3d_hy0.6_m1.0_L4_up	/pscratch/sd/s/sanzharb/tc_nqs/phase3d/hy0.6/magnetic_hz1.0/L4	2026-09-17T19:11:24Z
58477462	0.6	magnetic_hz1.0	4	chain_up	0.9	p3d_hy0.6_m1.0_L4_up	/pscratch/sd/s/sanzharb/tc_nqs/phase3d/hy0.6/magnetic_hz1.0/L4	2026-09-17T19:11:24Z
58477462	0.6	magnetic_hz1.0	4	chain_up	1.0	p3d_hy0.6_m1.0_L4_up	/pscratch/sd/s/sanzharb/tc_nqs/phase3d/hy0.6/magnetic_hz1.0/L4	2026-09-17T19:11:24Z
58477462	0.6	magnetic_hz1.0	4	chain_up	1.1	p3d_hy0.6_m1.0_L4_up	/pscratch/sd/s/sanzharb/tc_nqs/phase3d/hy0.6/magnetic_hz1.0/L4	2026-09-17T19:11:25Z
58477462	0.6	magnetic_hz1.0	4	chain_up	1.2	p3d_hy0.6_m1.0_L4_up	/pscratch/sd/s/sanzharb/tc_nqs/phase3d/hy0.6/magnetic_hz1.0/L4	2026-09-17T19:11:25Z
58477462	0.6	magnetic_hz1.0	4	chain_up	1.3	p3d_hy0.6_m1.0_L4_up	/pscratch/sd/s/sanzharb/tc_nqs/phase3d/hy0.6/magnetic_hz1.0/L4	2026-09-17T19:11:25Z
58477462	0.6	magnetic_hz1.0	4	chain_up	1.35	p3d_hy0.6_m1.0_L4_up	/pscratch/sd/s/sanzharb/tc_nqs/phase3d/hy0.6/magnetic_hz1.0/L4	2026-09-17T19:11:25Z
58477462	0.6	magnetic_hz1.0	4	chain_up	1.4	p3d_hy0.6_m1.0_L4_up	/pscratch/sd/s/sanzharb/tc_nqs/phase3d/hy0.6/magnetic_hz1.0/L4	2026-09-17T19:11:25Z
58477462	0.6	magnetic_hz1.0	4	chain_up	1.45	p3d_hy0.6_m1.0_L4_up	/pscratch/sd/s/sanzharb/tc_nqs/phase3d/hy0.6/magnetic_hz1.0/L4	2026-09-17T19:11:25Z
58477462	0.6	magnetic_hz1.0	4	chain_up	1.5	p3d_hy0.6_m1.0_L4_up	/pscratch/sd/s/sanzharb/tc_nqs/phase3d/hy0.6/magnetic_hz1.0/L4	2026-09-17T19:11:25Z
58477462	0.6	magnetic_hz1.0	4	chain_up	1.55	p3d_hy0.6_m1.0_L4_up	/pscratch/sd/s/sanzharb/tc_nqs/phase3d/hy0.6/magnetic_hz1.0/L4	2026-09-17T19:11:25Z
58477462	0.6	magnetic_hz1.0	4	chain_up	1.6	p3d_hy0.6_m1.0_L4_up	/pscratch/sd/s/sanzharb/tc_nqs/phase3d/hy0.6/magnetic_hz1.0/L4	2026-09-17T19:11:25Z
58477463	0.6	magnetic_hz1.0	4	chain_dn	1.7	p3d_hy0.6_m1.0_L4_dn	/pscratch/sd/s/sanzharb/tc_nqs/phase3d/hy0.6/magnetic_hz1.0/L4	2026-09-17T19:11:25Z
58477463	0.6	magnetic_hz1.0	4	chain_dn	1.6	p3d_hy0.6_m1.0_L4_dn	/pscratch/sd/s/sanzharb/tc_nqs/phase3d/hy0.6/magnetic_hz1.0/L4	2026-09-17T19:11:25Z
58477463	0.6	magnetic_hz1.0	4	chain_dn	1.55	p3d_hy0.6_m1.0_L4_dn	/pscratch/sd/s/sanzharb/tc_nqs/phase3d/hy0.6/magnetic_hz1.0/L4	2026-09-17T19:11:25Z
58477463	0.6	magnetic_hz1.0	4	chain_dn	1.5	p3d_hy0.6_m1.0_L4_dn	/pscratch/sd/s/sanzharb/tc_nqs/phase3d/hy0.6/magnetic_hz1.0/L4	2026-09-17T19:11:25Z
58477463	0.6	magnetic_hz1.0	4	chain_dn	1.45	p3d_hy0.6_m1.0_L4_dn	/pscratch/sd/s/sanzharb/tc_nqs/phase3d/hy0.6/magnetic_hz1.0/L4	2026-09-17T19:11:25Z
58477463	0.6	magnetic_hz1.0	4	chain_dn	1.4	p3d_hy0.6_m1.0_L4_dn	/pscratch/sd/s/sanzharb/tc_nqs/phase3d/hy0.6/magnetic_hz1.0/L4	2026-09-17T19:11:25Z
58477463	0.6	magnetic_hz1.0	4	chain_dn	1.35	p3d_hy0.6_m1.0_L4_dn	/pscratch/sd/s/sanzharb/tc_nqs/phase3d/hy0.6/magnetic_hz1.0/L4	2026-09-17T19:11:25Z
58477463	0.6	magnetic_hz1.0	4	chain_dn	1.3	p3d_hy0.6_m1.0_L4_dn	/pscratch/sd/s/sanzharb/tc_nqs/phase3d/hy0.6/magnetic_hz1.0/L4	2026-09-17T19:11:25Z
58477466	0.8	electric_hx0.0	4	cold	0.09	p3d_hy0.8_e0.0_L4	/pscratch/sd/s/sanzharb/tc_nqs/phase3d/hy0.8/electric_hx0.0/L4	2026-09-17T19:11:27Z
58477467	0.8	electric_hx0.0	4	cold	0.15	p3d_hy0.8_e0.0_L4	/pscratch/sd/s/sanzharb/tc_nqs/phase3d/hy0.8/electric_hx0.0/L4	2026-09-17T19:11:27Z
58477468	0.8	electric_hx0.0	4	cold	0.18	p3d_hy0.8_e0.0_L4	/pscratch/sd/s/sanzharb/tc_nqs/phase3d/hy0.8/electric_hx0.0/L4	2026-09-17T19:11:27Z
58477469	0.8	electric_hx0.0	4	cold	0.21	p3d_hy0.8_e0.0_L4	/pscratch/sd/s/sanzharb/tc_nqs/phase3d/hy0.8/electric_hx0.0/L4	2026-09-17T19:11:27Z
58477470	0.8	electric_hx0.0	4	cold	0.24	p3d_hy0.8_e0.0_L4	/pscratch/sd/s/sanzharb/tc_nqs/phase3d/hy0.8/electric_hx0.0/L4	2026-09-17T19:11:27Z
58477471	0.8	electric_hx0.0	4	cold	0.27	p3d_hy0.8_e0.0_L4	/pscratch/sd/s/sanzharb/tc_nqs/phase3d/hy0.8/electric_hx0.0/L4	2026-09-17T19:11:27Z
58477472	0.8	electric_hx0.0	4	cold	0.33	p3d_hy0.8_e0.0_L4	/pscratch/sd/s/sanzharb/tc_nqs/phase3d/hy0.8/electric_hx0.0/L4	2026-09-17T19:11:27Z
58477473	0.8	electric_hx0.5	4	cold	0.11	p3d_hy0.8_e0.5_L4	/pscratch/sd/s/sanzharb/tc_nqs/phase3d/hy0.8/electric_hx0.5/L4	2026-09-17T19:11:27Z
58477474	0.8	electric_hx0.5	4	cold	0.17	p3d_hy0.8_e0.5_L4	/pscratch/sd/s/sanzharb/tc_nqs/phase3d/hy0.8/electric_hx0.5/L4	2026-09-17T19:11:27Z
58477475	0.8	electric_hx0.5	4	cold	0.2	p3d_hy0.8_e0.5_L4	/pscratch/sd/s/sanzharb/tc_nqs/phase3d/hy0.8/electric_hx0.5/L4	2026-09-17T19:11:28Z
58477476	0.8	electric_hx0.5	4	cold	0.23	p3d_hy0.8_e0.5_L4	/pscratch/sd/s/sanzharb/tc_nqs/phase3d/hy0.8/electric_hx0.5/L4	2026-09-17T19:11:28Z
58477477	0.8	electric_hx0.5	4	cold	0.26	p3d_hy0.8_e0.5_L4	/pscratch/sd/s/sanzharb/tc_nqs/phase3d/hy0.8/electric_hx0.5/L4	2026-09-17T19:11:28Z
58477478	0.8	electric_hx0.5	4	cold	0.29	p3d_hy0.8_e0.5_L4	/pscratch/sd/s/sanzharb/tc_nqs/phase3d/hy0.8/electric_hx0.5/L4	2026-09-17T19:11:28Z
58477479	0.8	electric_hx0.5	4	cold	0.35	p3d_hy0.8_e0.5_L4	/pscratch/sd/s/sanzharb/tc_nqs/phase3d/hy0.8/electric_hx0.5/L4	2026-09-17T19:11:28Z
58477480	0.8	electric_hx0.65	4	cold	0.13	p3d_hy0.8_e0.65_L4	/pscratch/sd/s/sanzharb/tc_nqs/phase3d/hy0.8/electric_hx0.65/L4	2026-09-17T19:11:28Z
58477481	0.8	electric_hx0.65	4	cold	0.19	p3d_hy0.8_e0.65_L4	/pscratch/sd/s/sanzharb/tc_nqs/phase3d/hy0.8/electric_hx0.65/L4	2026-09-17T19:11:28Z
58477482	0.8	electric_hx0.65	4	cold	0.22	p3d_hy0.8_e0.65_L4	/pscratch/sd/s/sanzharb/tc_nqs/phase3d/hy0.8/electric_hx0.65/L4	2026-09-17T19:11:28Z
58477483	0.8	electric_hx0.65	4	cold	0.25	p3d_hy0.8_e0.65_L4	/pscratch/sd/s/sanzharb/tc_nqs/phase3d/hy0.8/electric_hx0.65/L4	2026-09-17T19:11:28Z
58477484	0.8	electric_hx0.65	4	cold	0.28	p3d_hy0.8_e0.65_L4	/pscratch/sd/s/sanzharb/tc_nqs/phase3d/hy0.8/electric_hx0.65/L4	2026-09-17T19:11:29Z
58477485	0.8	electric_hx0.65	4	cold	0.31	p3d_hy0.8_e0.65_L4	/pscratch/sd/s/sanzharb/tc_nqs/phase3d/hy0.8/electric_hx0.65/L4	2026-09-17T19:11:29Z
58477486	0.8	electric_hx0.65	4	cold	0.37	p3d_hy0.8_e0.65_L4	/pscratch/sd/s/sanzharb/tc_nqs/phase3d/hy0.8/electric_hx0.65/L4	2026-09-17T19:11:29Z
58477488	0.8	electric_hx0.8	4	cold	0.23	p3d_hy0.8_e0.8_L4	/pscratch/sd/s/sanzharb/tc_nqs/phase3d/hy0.8/electric_hx0.8/L4	2026-09-17T19:11:29Z
58477489	0.8	electric_hx0.8	4	cold	0.26	p3d_hy0.8_e0.8_L4	/pscratch/sd/s/sanzharb/tc_nqs/phase3d/hy0.8/electric_hx0.8/L4	2026-09-17T19:11:29Z
58477490	0.8	electric_hx0.8	4	cold	0.29	p3d_hy0.8_e0.8_L4	/pscratch/sd/s/sanzharb/tc_nqs/phase3d/hy0.8/electric_hx0.8/L4	2026-09-17T19:11:29Z
58477491	0.8	electric_hx0.8	4	cold	0.32	p3d_hy0.8_e0.8_L4	/pscratch/sd/s/sanzharb/tc_nqs/phase3d/hy0.8/electric_hx0.8/L4	2026-09-17T19:11:29Z
58477492	0.8	electric_hx0.8	4	cold	0.35	p3d_hy0.8_e0.8_L4	/pscratch/sd/s/sanzharb/tc_nqs/phase3d/hy0.8/electric_hx0.8/L4	2026-09-17T19:11:29Z
58477493	0.8	electric_hx0.8	4	cold	0.41	p3d_hy0.8_e0.8_L4	/pscratch/sd/s/sanzharb/tc_nqs/phase3d/hy0.8/electric_hx0.8/L4	2026-09-17T19:11:30Z
58477495	0.8	magnetic_hz0.0	4	chain_dn	1.25	p3d_hy0.8_m0.0_L4_dn	/pscratch/sd/s/sanzharb/tc_nqs/phase3d/hy0.8/magnetic_hz0.0/L4	2026-09-17T19:11:30Z
58477495	0.8	magnetic_hz0.0	4	chain_dn	1.15	p3d_hy0.8_m0.0_L4_dn	/pscratch/sd/s/sanzharb/tc_nqs/phase3d/hy0.8/magnetic_hz0.0/L4	2026-09-17T19:11:30Z
58477495	0.8	magnetic_hz0.0	4	chain_dn	1.05	p3d_hy0.8_m0.0_L4_dn	/pscratch/sd/s/sanzharb/tc_nqs/phase3d/hy0.8/magnetic_hz0.0/L4	2026-09-17T19:11:30Z
58477495	0.8	magnetic_hz0.0	4	chain_dn	1.0	p3d_hy0.8_m0.0_L4_dn	/pscratch/sd/s/sanzharb/tc_nqs/phase3d/hy0.8/magnetic_hz0.0/L4	2026-09-17T19:11:30Z
58477495	0.8	magnetic_hz0.0	4	chain_dn	0.95	p3d_hy0.8_m0.0_L4_dn	/pscratch/sd/s/sanzharb/tc_nqs/phase3d/hy0.8/magnetic_hz0.0/L4	2026-09-17T19:11:30Z
58477495	0.8	magnetic_hz0.0	4	chain_dn	0.9	p3d_hy0.8_m0.0_L4_dn	/pscratch/sd/s/sanzharb/tc_nqs/phase3d/hy0.8/magnetic_hz0.0/L4	2026-09-17T19:11:30Z
58477495	0.8	magnetic_hz0.0	4	chain_dn	0.85	p3d_hy0.8_m0.0_L4_dn	/pscratch/sd/s/sanzharb/tc_nqs/phase3d/hy0.8/magnetic_hz0.0/L4	2026-09-17T19:11:30Z
58477495	0.8	magnetic_hz0.0	4	chain_dn	0.8	p3d_hy0.8_m0.0_L4_dn	/pscratch/sd/s/sanzharb/tc_nqs/phase3d/hy0.8/magnetic_hz0.0/L4	2026-09-17T19:11:30Z
58477495	0.8	magnetic_hz0.0	4	chain_dn	0.75	p3d_hy0.8_m0.0_L4_dn	/pscratch/sd/s/sanzharb/tc_nqs/phase3d/hy0.8/magnetic_hz0.0/L4	2026-09-17T19:11:30Z
58477495	0.8	magnetic_hz0.0	4	chain_dn	0.7	p3d_hy0.8_m0.0_L4_dn	/pscratch/sd/s/sanzharb/tc_nqs/phase3d/hy0.8/magnetic_hz0.0/L4	2026-09-17T19:11:30Z
58477497	0.8	magnetic_hz0.2	4	chain_dn	1.25	p3d_hy0.8_m0.2_L4_dn	/pscratch/sd/s/sanzharb/tc_nqs/phase3d/hy0.8/magnetic_hz0.2/L4	2026-09-17T19:11:30Z
58477497	0.8	magnetic_hz0.2	4	chain_dn	1.15	p3d_hy0.8_m0.2_L4_dn	/pscratch/sd/s/sanzharb/tc_nqs/phase3d/hy0.8/magnetic_hz0.2/L4	2026-09-17T19:11:30Z
58477497	0.8	magnetic_hz0.2	4	chain_dn	1.05	p3d_hy0.8_m0.2_L4_dn	/pscratch/sd/s/sanzharb/tc_nqs/phase3d/hy0.8/magnetic_hz0.2/L4	2026-09-17T19:11:30Z
58477497	0.8	magnetic_hz0.2	4	chain_dn	1.0	p3d_hy0.8_m0.2_L4_dn	/pscratch/sd/s/sanzharb/tc_nqs/phase3d/hy0.8/magnetic_hz0.2/L4	2026-09-17T19:11:30Z
58477497	0.8	magnetic_hz0.2	4	chain_dn	0.95	p3d_hy0.8_m0.2_L4_dn	/pscratch/sd/s/sanzharb/tc_nqs/phase3d/hy0.8/magnetic_hz0.2/L4	2026-09-17T19:11:30Z
58477497	0.8	magnetic_hz0.2	4	chain_dn	0.9	p3d_hy0.8_m0.2_L4_dn	/pscratch/sd/s/sanzharb/tc_nqs/phase3d/hy0.8/magnetic_hz0.2/L4	2026-09-17T19:11:30Z
58477497	0.8	magnetic_hz0.2	4	chain_dn	0.85	p3d_hy0.8_m0.2_L4_dn	/pscratch/sd/s/sanzharb/tc_nqs/phase3d/hy0.8/magnetic_hz0.2/L4	2026-09-17T19:11:30Z
58477497	0.8	magnetic_hz0.2	4	chain_dn	0.8	p3d_hy0.8_m0.2_L4_dn	/pscratch/sd/s/sanzharb/tc_nqs/phase3d/hy0.8/magnetic_hz0.2/L4	2026-09-17T19:11:30Z
58477497	0.8	magnetic_hz0.2	4	chain_dn	0.75	p3d_hy0.8_m0.2_L4_dn	/pscratch/sd/s/sanzharb/tc_nqs/phase3d/hy0.8/magnetic_hz0.2/L4	2026-09-17T19:11:30Z
58477497	0.8	magnetic_hz0.2	4	chain_dn	0.7	p3d_hy0.8_m0.2_L4_dn	/pscratch/sd/s/sanzharb/tc_nqs/phase3d/hy0.8/magnetic_hz0.2/L4	2026-09-17T19:11:30Z
58477500	0.8	magnetic_hz0.25	4	chain_dn	1.25	p3d_hy0.8_m0.25_L4_dn	/pscratch/sd/s/sanzharb/tc_nqs/phase3d/hy0.8/magnetic_hz0.25/L4	2026-09-17T19:11:31Z
58477500	0.8	magnetic_hz0.25	4	chain_dn	1.15	p3d_hy0.8_m0.25_L4_dn	/pscratch/sd/s/sanzharb/tc_nqs/phase3d/hy0.8/magnetic_hz0.25/L4	2026-09-17T19:11:31Z
58477500	0.8	magnetic_hz0.25	4	chain_dn	1.05	p3d_hy0.8_m0.25_L4_dn	/pscratch/sd/s/sanzharb/tc_nqs/phase3d/hy0.8/magnetic_hz0.25/L4	2026-09-17T19:11:31Z
58477500	0.8	magnetic_hz0.25	4	chain_dn	1.0	p3d_hy0.8_m0.25_L4_dn	/pscratch/sd/s/sanzharb/tc_nqs/phase3d/hy0.8/magnetic_hz0.25/L4	2026-09-17T19:11:31Z
58477500	0.8	magnetic_hz0.25	4	chain_dn	0.95	p3d_hy0.8_m0.25_L4_dn	/pscratch/sd/s/sanzharb/tc_nqs/phase3d/hy0.8/magnetic_hz0.25/L4	2026-09-17T19:11:31Z
58477500	0.8	magnetic_hz0.25	4	chain_dn	0.9	p3d_hy0.8_m0.25_L4_dn	/pscratch/sd/s/sanzharb/tc_nqs/phase3d/hy0.8/magnetic_hz0.25/L4	2026-09-17T19:11:31Z
58477500	0.8	magnetic_hz0.25	4	chain_dn	0.85	p3d_hy0.8_m0.25_L4_dn	/pscratch/sd/s/sanzharb/tc_nqs/phase3d/hy0.8/magnetic_hz0.25/L4	2026-09-17T19:11:31Z
58477500	0.8	magnetic_hz0.25	4	chain_dn	0.8	p3d_hy0.8_m0.25_L4_dn	/pscratch/sd/s/sanzharb/tc_nqs/phase3d/hy0.8/magnetic_hz0.25/L4	2026-09-17T19:11:31Z
58477500	0.8	magnetic_hz0.25	4	chain_dn	0.75	p3d_hy0.8_m0.25_L4_dn	/pscratch/sd/s/sanzharb/tc_nqs/phase3d/hy0.8/magnetic_hz0.25/L4	2026-09-17T19:11:31Z
58477500	0.8	magnetic_hz0.25	4	chain_dn	0.7	p3d_hy0.8_m0.25_L4_dn	/pscratch/sd/s/sanzharb/tc_nqs/phase3d/hy0.8/magnetic_hz0.25/L4	2026-09-17T19:11:31Z
58477501	0.8	magnetic_hz0.4	4	chain_up	0.5	p3d_hy0.8_m0.4_L4_up	/pscratch/sd/s/sanzharb/tc_nqs/phase3d/hy0.8/magnetic_hz0.4/L4	2026-09-17T19:11:31Z
58477501	0.8	magnetic_hz0.4	4	chain_up	0.6	p3d_hy0.8_m0.4_L4_up	/pscratch/sd/s/sanzharb/tc_nqs/phase3d/hy0.8/magnetic_hz0.4/L4	2026-09-17T19:11:31Z
58477501	0.8	magnetic_hz0.4	4	chain_up	0.7	p3d_hy0.8_m0.4_L4_up	/pscratch/sd/s/sanzharb/tc_nqs/phase3d/hy0.8/magnetic_hz0.4/L4	2026-09-17T19:11:31Z
58477501	0.8	magnetic_hz0.4	4	chain_up	0.75	p3d_hy0.8_m0.4_L4_up	/pscratch/sd/s/sanzharb/tc_nqs/phase3d/hy0.8/magnetic_hz0.4/L4	2026-09-17T19:11:31Z
58477501	0.8	magnetic_hz0.4	4	chain_up	0.8	p3d_hy0.8_m0.4_L4_up	/pscratch/sd/s/sanzharb/tc_nqs/phase3d/hy0.8/magnetic_hz0.4/L4	2026-09-17T19:11:31Z
58477501	0.8	magnetic_hz0.4	4	chain_up	0.85	p3d_hy0.8_m0.4_L4_up	/pscratch/sd/s/sanzharb/tc_nqs/phase3d/hy0.8/magnetic_hz0.4/L4	2026-09-17T19:11:31Z
58477501	0.8	magnetic_hz0.4	4	chain_up	0.9	p3d_hy0.8_m0.4_L4_up	/pscratch/sd/s/sanzharb/tc_nqs/phase3d/hy0.8/magnetic_hz0.4/L4	2026-09-17T19:11:31Z
58477501	0.8	magnetic_hz0.4	4	chain_up	0.95	p3d_hy0.8_m0.4_L4_up	/pscratch/sd/s/sanzharb/tc_nqs/phase3d/hy0.8/magnetic_hz0.4/L4	2026-09-17T19:11:31Z
58477501	0.8	magnetic_hz0.4	4	chain_up	1.0	p3d_hy0.8_m0.4_L4_up	/pscratch/sd/s/sanzharb/tc_nqs/phase3d/hy0.8/magnetic_hz0.4/L4	2026-09-17T19:11:31Z
58477502	0.8	magnetic_hz0.4	4	chain_dn	1.3	p3d_hy0.8_m0.4_L4_dn	/pscratch/sd/s/sanzharb/tc_nqs/phase3d/hy0.8/magnetic_hz0.4/L4	2026-09-17T19:11:31Z
58477502	0.8	magnetic_hz0.4	4	chain_dn	1.2	p3d_hy0.8_m0.4_L4_dn	/pscratch/sd/s/sanzharb/tc_nqs/phase3d/hy0.8/magnetic_hz0.4/L4	2026-09-17T19:11:31Z
58477502	0.8	magnetic_hz0.4	4	chain_dn	1.1	p3d_hy0.8_m0.4_L4_dn	/pscratch/sd/s/sanzharb/tc_nqs/phase3d/hy0.8/magnetic_hz0.4/L4	2026-09-17T19:11:31Z
58477502	0.8	magnetic_hz0.4	4	chain_dn	1.0	p3d_hy0.8_m0.4_L4_dn	/pscratch/sd/s/sanzharb/tc_nqs/phase3d/hy0.8/magnetic_hz0.4/L4	2026-09-17T19:11:31Z
58477502	0.8	magnetic_hz0.4	4	chain_dn	0.95	p3d_hy0.8_m0.4_L4_dn	/pscratch/sd/s/sanzharb/tc_nqs/phase3d/hy0.8/magnetic_hz0.4/L4	2026-09-17T19:11:31Z
58477502	0.8	magnetic_hz0.4	4	chain_dn	0.9	p3d_hy0.8_m0.4_L4_dn	/pscratch/sd/s/sanzharb/tc_nqs/phase3d/hy0.8/magnetic_hz0.4/L4	2026-09-17T19:11:31Z
58477502	0.8	magnetic_hz0.4	4	chain_dn	0.85	p3d_hy0.8_m0.4_L4_dn	/pscratch/sd/s/sanzharb/tc_nqs/phase3d/hy0.8/magnetic_hz0.4/L4	2026-09-17T19:11:31Z
58477502	0.8	magnetic_hz0.4	4	chain_dn	0.8	p3d_hy0.8_m0.4_L4_dn	/pscratch/sd/s/sanzharb/tc_nqs/phase3d/hy0.8/magnetic_hz0.4/L4	2026-09-17T19:11:31Z
58477502	0.8	magnetic_hz0.4	4	chain_dn	0.75	p3d_hy0.8_m0.4_L4_dn	/pscratch/sd/s/sanzharb/tc_nqs/phase3d/hy0.8/magnetic_hz0.4/L4	2026-09-17T19:11:31Z
58477502	0.8	magnetic_hz0.4	4	chain_dn	0.7	p3d_hy0.8_m0.4_L4_dn	/pscratch/sd/s/sanzharb/tc_nqs/phase3d/hy0.8/magnetic_hz0.4/L4	2026-09-17T19:11:31Z
58477503	0.8	magnetic_hz0.7	4	chain_up	0.6	p3d_hy0.8_m0.7_L4_up	/pscratch/sd/s/sanzharb/tc_nqs/phase3d/hy0.8/magnetic_hz0.7/L4	2026-09-17T19:11:31Z
58477503	0.8	magnetic_hz0.7	4	chain_up	0.7	p3d_hy0.8_m0.7_L4_up	/pscratch/sd/s/sanzharb/tc_nqs/phase3d/hy0.8/magnetic_hz0.7/L4	2026-09-17T19:11:31Z
58477503	0.8	magnetic_hz0.7	4	chain_up	0.8	p3d_hy0.8_m0.7_L4_up	/pscratch/sd/s/sanzharb/tc_nqs/phase3d/hy0.8/magnetic_hz0.7/L4	2026-09-17T19:11:31Z
58477503	0.8	magnetic_hz0.7	4	chain_up	0.9	p3d_hy0.8_m0.7_L4_up	/pscratch/sd/s/sanzharb/tc_nqs/phase3d/hy0.8/magnetic_hz0.7/L4	2026-09-17T19:11:31Z
58477503	0.8	magnetic_hz0.7	4	chain_up	1.0	p3d_hy0.8_m0.7_L4_up	/pscratch/sd/s/sanzharb/tc_nqs/phase3d/hy0.8/magnetic_hz0.7/L4	2026-09-17T19:11:31Z
58477503	0.8	magnetic_hz0.7	4	chain_up	1.05	p3d_hy0.8_m0.7_L4_up	/pscratch/sd/s/sanzharb/tc_nqs/phase3d/hy0.8/magnetic_hz0.7/L4	2026-09-17T19:11:31Z
58477503	0.8	magnetic_hz0.7	4	chain_up	1.1	p3d_hy0.8_m0.7_L4_up	/pscratch/sd/s/sanzharb/tc_nqs/phase3d/hy0.8/magnetic_hz0.7/L4	2026-09-17T19:11:31Z
58477503	0.8	magnetic_hz0.7	4	chain_up	1.15	p3d_hy0.8_m0.7_L4_up	/pscratch/sd/s/sanzharb/tc_nqs/phase3d/hy0.8/magnetic_hz0.7/L4	2026-09-17T19:11:31Z
58477503	0.8	magnetic_hz0.7	4	chain_up	1.2	p3d_hy0.8_m0.7_L4_up	/pscratch/sd/s/sanzharb/tc_nqs/phase3d/hy0.8/magnetic_hz0.7/L4	2026-09-17T19:11:31Z
58477503	0.8	magnetic_hz0.7	4	chain_up	1.25	p3d_hy0.8_m0.7_L4_up	/pscratch/sd/s/sanzharb/tc_nqs/phase3d/hy0.8/magnetic_hz0.7/L4	2026-09-17T19:11:31Z
58477503	0.8	magnetic_hz0.7	4	chain_up	1.3	p3d_hy0.8_m0.7_L4_up	/pscratch/sd/s/sanzharb/tc_nqs/phase3d/hy0.8/magnetic_hz0.7/L4	2026-09-17T19:11:31Z
58477503	0.8	magnetic_hz0.7	4	chain_up	1.35	p3d_hy0.8_m0.7_L4_up	/pscratch/sd/s/sanzharb/tc_nqs/phase3d/hy0.8/magnetic_hz0.7/L4	2026-09-17T19:11:31Z
58477504	0.8	magnetic_hz0.7	4	chain_dn	1.5	p3d_hy0.8_m0.7_L4_dn	/pscratch/sd/s/sanzharb/tc_nqs/phase3d/hy0.8/magnetic_hz0.7/L4	2026-09-17T19:11:31Z
58477504	0.8	magnetic_hz0.7	4	chain_dn	1.4	p3d_hy0.8_m0.7_L4_dn	/pscratch/sd/s/sanzharb/tc_nqs/phase3d/hy0.8/magnetic_hz0.7/L4	2026-09-17T19:11:31Z
58477504	0.8	magnetic_hz0.7	4	chain_dn	1.35	p3d_hy0.8_m0.7_L4_dn	/pscratch/sd/s/sanzharb/tc_nqs/phase3d/hy0.8/magnetic_hz0.7/L4	2026-09-17T19:11:31Z
58477504	0.8	magnetic_hz0.7	4	chain_dn	1.3	p3d_hy0.8_m0.7_L4_dn	/pscratch/sd/s/sanzharb/tc_nqs/phase3d/hy0.8/magnetic_hz0.7/L4	2026-09-17T19:11:31Z
58477504	0.8	magnetic_hz0.7	4	chain_dn	1.25	p3d_hy0.8_m0.7_L4_dn	/pscratch/sd/s/sanzharb/tc_nqs/phase3d/hy0.8/magnetic_hz0.7/L4	2026-09-17T19:11:31Z
58477504	0.8	magnetic_hz0.7	4	chain_dn	1.2	p3d_hy0.8_m0.7_L4_dn	/pscratch/sd/s/sanzharb/tc_nqs/phase3d/hy0.8/magnetic_hz0.7/L4	2026-09-17T19:11:31Z
58477504	0.8	magnetic_hz0.7	4	chain_dn	1.15	p3d_hy0.8_m0.7_L4_dn	/pscratch/sd/s/sanzharb/tc_nqs/phase3d/hy0.8/magnetic_hz0.7/L4	2026-09-17T19:11:31Z
58477504	0.8	magnetic_hz0.7	4	chain_dn	1.1	p3d_hy0.8_m0.7_L4_dn	/pscratch/sd/s/sanzharb/tc_nqs/phase3d/hy0.8/magnetic_hz0.7/L4	2026-09-17T19:11:31Z
58477504	0.8	magnetic_hz0.7	4	chain_dn	1.05	p3d_hy0.8_m0.7_L4_dn	/pscratch/sd/s/sanzharb/tc_nqs/phase3d/hy0.8/magnetic_hz0.7/L4	2026-09-17T19:11:31Z
58477505	0.8	magnetic_hz0.85	4	chain_up	0.7	p3d_hy0.8_m0.85_L4_up	/pscratch/sd/s/sanzharb/tc_nqs/phase3d/hy0.8/magnetic_hz0.85/L4	2026-09-17T19:11:31Z
58477505	0.8	magnetic_hz0.85	4	chain_up	0.8	p3d_hy0.8_m0.85_L4_up	/pscratch/sd/s/sanzharb/tc_nqs/phase3d/hy0.8/magnetic_hz0.85/L4	2026-09-17T19:11:31Z
58477505	0.8	magnetic_hz0.85	4	chain_up	0.9	p3d_hy0.8_m0.85_L4_up	/pscratch/sd/s/sanzharb/tc_nqs/phase3d/hy0.8/magnetic_hz0.85/L4	2026-09-17T19:11:31Z
58477505	0.8	magnetic_hz0.85	4	chain_up	1.0	p3d_hy0.8_m0.85_L4_up	/pscratch/sd/s/sanzharb/tc_nqs/phase3d/hy0.8/magnetic_hz0.85/L4	2026-09-17T19:11:31Z
58477505	0.8	magnetic_hz0.85	4	chain_up	1.1	p3d_hy0.8_m0.85_L4_up	/pscratch/sd/s/sanzharb/tc_nqs/phase3d/hy0.8/magnetic_hz0.85/L4	2026-09-17T19:11:31Z
58477505	0.8	magnetic_hz0.85	4	chain_up	1.15	p3d_hy0.8_m0.85_L4_up	/pscratch/sd/s/sanzharb/tc_nqs/phase3d/hy0.8/magnetic_hz0.85/L4	2026-09-17T19:11:31Z
58477505	0.8	magnetic_hz0.85	4	chain_up	1.2	p3d_hy0.8_m0.85_L4_up	/pscratch/sd/s/sanzharb/tc_nqs/phase3d/hy0.8/magnetic_hz0.85/L4	2026-09-17T19:11:31Z
58477505	0.8	magnetic_hz0.85	4	chain_up	1.25	p3d_hy0.8_m0.85_L4_up	/pscratch/sd/s/sanzharb/tc_nqs/phase3d/hy0.8/magnetic_hz0.85/L4	2026-09-17T19:11:31Z
58477505	0.8	magnetic_hz0.85	4	chain_up	1.3	p3d_hy0.8_m0.85_L4_up	/pscratch/sd/s/sanzharb/tc_nqs/phase3d/hy0.8/magnetic_hz0.85/L4	2026-09-17T19:11:31Z
58477505	0.8	magnetic_hz0.85	4	chain_up	1.35	p3d_hy0.8_m0.85_L4_up	/pscratch/sd/s/sanzharb/tc_nqs/phase3d/hy0.8/magnetic_hz0.85/L4	2026-09-17T19:11:31Z
58477505	0.8	magnetic_hz0.85	4	chain_up	1.4	p3d_hy0.8_m0.85_L4_up	/pscratch/sd/s/sanzharb/tc_nqs/phase3d/hy0.8/magnetic_hz0.85/L4	2026-09-17T19:11:31Z
58477505	0.8	magnetic_hz0.85	4	chain_up	1.45	p3d_hy0.8_m0.85_L4_up	/pscratch/sd/s/sanzharb/tc_nqs/phase3d/hy0.8/magnetic_hz0.85/L4	2026-09-17T19:11:31Z
58477507	0.8	magnetic_hz1.0	4	chain_up	0.8	p3d_hy0.8_m1.0_L4_up	/pscratch/sd/s/sanzharb/tc_nqs/phase3d/hy0.8/magnetic_hz1.0/L4	2026-09-17T19:11:33Z
58477507	0.8	magnetic_hz1.0	4	chain_up	0.9	p3d_hy0.8_m1.0_L4_up	/pscratch/sd/s/sanzharb/tc_nqs/phase3d/hy0.8/magnetic_hz1.0/L4	2026-09-17T19:11:33Z
58477507	0.8	magnetic_hz1.0	4	chain_up	1.0	p3d_hy0.8_m1.0_L4_up	/pscratch/sd/s/sanzharb/tc_nqs/phase3d/hy0.8/magnetic_hz1.0/L4	2026-09-17T19:11:33Z
58477507	0.8	magnetic_hz1.0	4	chain_up	1.1	p3d_hy0.8_m1.0_L4_up	/pscratch/sd/s/sanzharb/tc_nqs/phase3d/hy0.8/magnetic_hz1.0/L4	2026-09-17T19:11:33Z
58477507	0.8	magnetic_hz1.0	4	chain_up	1.2	p3d_hy0.8_m1.0_L4_up	/pscratch/sd/s/sanzharb/tc_nqs/phase3d/hy0.8/magnetic_hz1.0/L4	2026-09-17T19:11:33Z
58477507	0.8	magnetic_hz1.0	4	chain_up	1.3	p3d_hy0.8_m1.0_L4_up	/pscratch/sd/s/sanzharb/tc_nqs/phase3d/hy0.8/magnetic_hz1.0/L4	2026-09-17T19:11:33Z
58477507	0.8	magnetic_hz1.0	4	chain_up	1.35	p3d_hy0.8_m1.0_L4_up	/pscratch/sd/s/sanzharb/tc_nqs/phase3d/hy0.8/magnetic_hz1.0/L4	2026-09-17T19:11:33Z
58477507	0.8	magnetic_hz1.0	4	chain_up	1.4	p3d_hy0.8_m1.0_L4_up	/pscratch/sd/s/sanzharb/tc_nqs/phase3d/hy0.8/magnetic_hz1.0/L4	2026-09-17T19:11:33Z
58477507	0.8	magnetic_hz1.0	4	chain_up	1.45	p3d_hy0.8_m1.0_L4_up	/pscratch/sd/s/sanzharb/tc_nqs/phase3d/hy0.8/magnetic_hz1.0/L4	2026-09-17T19:11:33Z
58477507	0.8	magnetic_hz1.0	4	chain_up	1.5	p3d_hy0.8_m1.0_L4_up	/pscratch/sd/s/sanzharb/tc_nqs/phase3d/hy0.8/magnetic_hz1.0/L4	2026-09-17T19:11:33Z
58477507	0.8	magnetic_hz1.0	4	chain_up	1.55	p3d_hy0.8_m1.0_L4_up	/pscratch/sd/s/sanzharb/tc_nqs/phase3d/hy0.8/magnetic_hz1.0/L4	2026-09-17T19:11:33Z
58477507	0.8	magnetic_hz1.0	4	chain_up	1.6	p3d_hy0.8_m1.0_L4_up	/pscratch/sd/s/sanzharb/tc_nqs/phase3d/hy0.8/magnetic_hz1.0/L4	2026-09-17T19:11:33Z
58477508	0.8	magnetic_hz1.0	4	chain_dn	1.7	p3d_hy0.8_m1.0_L4_dn	/pscratch/sd/s/sanzharb/tc_nqs/phase3d/hy0.8/magnetic_hz1.0/L4	2026-09-17T19:11:33Z
58477508	0.8	magnetic_hz1.0	4	chain_dn	1.6	p3d_hy0.8_m1.0_L4_dn	/pscratch/sd/s/sanzharb/tc_nqs/phase3d/hy0.8/magnetic_hz1.0/L4	2026-09-17T19:11:33Z
58477508	0.8	magnetic_hz1.0	4	chain_dn	1.55	p3d_hy0.8_m1.0_L4_dn	/pscratch/sd/s/sanzharb/tc_nqs/phase3d/hy0.8/magnetic_hz1.0/L4	2026-09-17T19:11:33Z
58477508	0.8	magnetic_hz1.0	4	chain_dn	1.5	p3d_hy0.8_m1.0_L4_dn	/pscratch/sd/s/sanzharb/tc_nqs/phase3d/hy0.8/magnetic_hz1.0/L4	2026-09-17T19:11:33Z
58477508	0.8	magnetic_hz1.0	4	chain_dn	1.45	p3d_hy0.8_m1.0_L4_dn	/pscratch/sd/s/sanzharb/tc_nqs/phase3d/hy0.8/magnetic_hz1.0/L4	2026-09-17T19:11:33Z
58477508	0.8	magnetic_hz1.0	4	chain_dn	1.4	p3d_hy0.8_m1.0_L4_dn	/pscratch/sd/s/sanzharb/tc_nqs/phase3d/hy0.8/magnetic_hz1.0/L4	2026-09-17T19:11:33Z
58477508	0.8	magnetic_hz1.0	4	chain_dn	1.35	p3d_hy0.8_m1.0_L4_dn	/pscratch/sd/s/sanzharb/tc_nqs/phase3d/hy0.8/magnetic_hz1.0/L4	2026-09-17T19:11:33Z
58477508	0.8	magnetic_hz1.0	4	chain_dn	1.3	p3d_hy0.8_m1.0_L4_dn	/pscratch/sd/s/sanzharb/tc_nqs/phase3d/hy0.8/magnetic_hz1.0/L4	2026-09-17T19:11:33Z
58477526	1.0	electric_hx0.65	4	cold	0.08	p3d_hy1.0_e0.65_L4	/pscratch/sd/s/sanzharb/tc_nqs/phase3d/hy1.0/electric_hx0.65/L4	2026-09-17T19:11:37Z
58477528	1.0	electric_hx0.65	4	cold	0.17	p3d_hy1.0_e0.65_L4	/pscratch/sd/s/sanzharb/tc_nqs/phase3d/hy1.0/electric_hx0.65/L4	2026-09-17T19:11:37Z
58477529	1.0	electric_hx0.65	4	cold	0.2	p3d_hy1.0_e0.65_L4	/pscratch/sd/s/sanzharb/tc_nqs/phase3d/hy1.0/electric_hx0.65/L4	2026-09-17T19:11:37Z
58477530	1.0	electric_hx0.65	4	cold	0.23	p3d_hy1.0_e0.65_L4	/pscratch/sd/s/sanzharb/tc_nqs/phase3d/hy1.0/electric_hx0.65/L4	2026-09-17T19:11:37Z
58477531	1.0	electric_hx0.65	4	cold	0.26	p3d_hy1.0_e0.65_L4	/pscratch/sd/s/sanzharb/tc_nqs/phase3d/hy1.0/electric_hx0.65/L4	2026-09-17T19:11:37Z
58477532	1.0	electric_hx0.65	4	cold	0.32	p3d_hy1.0_e0.65_L4	/pscratch/sd/s/sanzharb/tc_nqs/phase3d/hy1.0/electric_hx0.65/L4	2026-09-17T19:11:37Z
58477533	1.0	electric_hx0.8	4	cold	0.12	p3d_hy1.0_e0.8_L4	/pscratch/sd/s/sanzharb/tc_nqs/phase3d/hy1.0/electric_hx0.8/L4	2026-09-17T19:11:38Z
58477534	1.0	electric_hx0.8	4	cold	0.18	p3d_hy1.0_e0.8_L4	/pscratch/sd/s/sanzharb/tc_nqs/phase3d/hy1.0/electric_hx0.8/L4	2026-09-17T19:11:38Z
58477535	1.0	electric_hx0.8	4	cold	0.21	p3d_hy1.0_e0.8_L4	/pscratch/sd/s/sanzharb/tc_nqs/phase3d/hy1.0/electric_hx0.8/L4	2026-09-17T19:11:38Z
58477537	1.0	electric_hx0.8	4	cold	0.27	p3d_hy1.0_e0.8_L4	/pscratch/sd/s/sanzharb/tc_nqs/phase3d/hy1.0/electric_hx0.8/L4	2026-09-17T19:11:38Z
58477538	1.0	electric_hx0.8	4	cold	0.3	p3d_hy1.0_e0.8_L4	/pscratch/sd/s/sanzharb/tc_nqs/phase3d/hy1.0/electric_hx0.8/L4	2026-09-17T19:11:38Z
58477539	1.0	electric_hx0.8	4	cold	0.36	p3d_hy1.0_e0.8_L4	/pscratch/sd/s/sanzharb/tc_nqs/phase3d/hy1.0/electric_hx0.8/L4	2026-09-17T19:11:38Z
58477543	1.0	magnetic_hz0.2	4	chain_dn	1.25	p3d_hy1.0_m0.2_L4_dn	/pscratch/sd/s/sanzharb/tc_nqs/phase3d/hy1.0/magnetic_hz0.2/L4	2026-09-17T19:11:39Z
58477543	1.0	magnetic_hz0.2	4	chain_dn	1.15	p3d_hy1.0_m0.2_L4_dn	/pscratch/sd/s/sanzharb/tc_nqs/phase3d/hy1.0/magnetic_hz0.2/L4	2026-09-17T19:11:39Z
58477543	1.0	magnetic_hz0.2	4	chain_dn	1.05	p3d_hy1.0_m0.2_L4_dn	/pscratch/sd/s/sanzharb/tc_nqs/phase3d/hy1.0/magnetic_hz0.2/L4	2026-09-17T19:11:39Z
58477543	1.0	magnetic_hz0.2	4	chain_dn	1.0	p3d_hy1.0_m0.2_L4_dn	/pscratch/sd/s/sanzharb/tc_nqs/phase3d/hy1.0/magnetic_hz0.2/L4	2026-09-17T19:11:39Z
58477543	1.0	magnetic_hz0.2	4	chain_dn	0.95	p3d_hy1.0_m0.2_L4_dn	/pscratch/sd/s/sanzharb/tc_nqs/phase3d/hy1.0/magnetic_hz0.2/L4	2026-09-17T19:11:39Z
58477543	1.0	magnetic_hz0.2	4	chain_dn	0.9	p3d_hy1.0_m0.2_L4_dn	/pscratch/sd/s/sanzharb/tc_nqs/phase3d/hy1.0/magnetic_hz0.2/L4	2026-09-17T19:11:39Z
58477543	1.0	magnetic_hz0.2	4	chain_dn	0.85	p3d_hy1.0_m0.2_L4_dn	/pscratch/sd/s/sanzharb/tc_nqs/phase3d/hy1.0/magnetic_hz0.2/L4	2026-09-17T19:11:39Z
58477543	1.0	magnetic_hz0.2	4	chain_dn	0.8	p3d_hy1.0_m0.2_L4_dn	/pscratch/sd/s/sanzharb/tc_nqs/phase3d/hy1.0/magnetic_hz0.2/L4	2026-09-17T19:11:39Z
58477543	1.0	magnetic_hz0.2	4	chain_dn	0.75	p3d_hy1.0_m0.2_L4_dn	/pscratch/sd/s/sanzharb/tc_nqs/phase3d/hy1.0/magnetic_hz0.2/L4	2026-09-17T19:11:39Z
58477543	1.0	magnetic_hz0.2	4	chain_dn	0.7	p3d_hy1.0_m0.2_L4_dn	/pscratch/sd/s/sanzharb/tc_nqs/phase3d/hy1.0/magnetic_hz0.2/L4	2026-09-17T19:11:39Z
58477545	1.0	magnetic_hz0.25	4	chain_dn	1.25	p3d_hy1.0_m0.25_L4_dn	/pscratch/sd/s/sanzharb/tc_nqs/phase3d/hy1.0/magnetic_hz0.25/L4	2026-09-17T19:11:40Z
58477545	1.0	magnetic_hz0.25	4	chain_dn	1.15	p3d_hy1.0_m0.25_L4_dn	/pscratch/sd/s/sanzharb/tc_nqs/phase3d/hy1.0/magnetic_hz0.25/L4	2026-09-17T19:11:40Z
58477545	1.0	magnetic_hz0.25	4	chain_dn	1.05	p3d_hy1.0_m0.25_L4_dn	/pscratch/sd/s/sanzharb/tc_nqs/phase3d/hy1.0/magnetic_hz0.25/L4	2026-09-17T19:11:40Z
58477545	1.0	magnetic_hz0.25	4	chain_dn	1.0	p3d_hy1.0_m0.25_L4_dn	/pscratch/sd/s/sanzharb/tc_nqs/phase3d/hy1.0/magnetic_hz0.25/L4	2026-09-17T19:11:40Z
58477545	1.0	magnetic_hz0.25	4	chain_dn	0.95	p3d_hy1.0_m0.25_L4_dn	/pscratch/sd/s/sanzharb/tc_nqs/phase3d/hy1.0/magnetic_hz0.25/L4	2026-09-17T19:11:40Z
58477545	1.0	magnetic_hz0.25	4	chain_dn	0.9	p3d_hy1.0_m0.25_L4_dn	/pscratch/sd/s/sanzharb/tc_nqs/phase3d/hy1.0/magnetic_hz0.25/L4	2026-09-17T19:11:40Z
58477545	1.0	magnetic_hz0.25	4	chain_dn	0.85	p3d_hy1.0_m0.25_L4_dn	/pscratch/sd/s/sanzharb/tc_nqs/phase3d/hy1.0/magnetic_hz0.25/L4	2026-09-17T19:11:40Z
58477545	1.0	magnetic_hz0.25	4	chain_dn	0.8	p3d_hy1.0_m0.25_L4_dn	/pscratch/sd/s/sanzharb/tc_nqs/phase3d/hy1.0/magnetic_hz0.25/L4	2026-09-17T19:11:40Z
58477545	1.0	magnetic_hz0.25	4	chain_dn	0.75	p3d_hy1.0_m0.25_L4_dn	/pscratch/sd/s/sanzharb/tc_nqs/phase3d/hy1.0/magnetic_hz0.25/L4	2026-09-17T19:11:40Z
58477545	1.0	magnetic_hz0.25	4	chain_dn	0.7	p3d_hy1.0_m0.25_L4_dn	/pscratch/sd/s/sanzharb/tc_nqs/phase3d/hy1.0/magnetic_hz0.25/L4	2026-09-17T19:11:40Z
58477546	1.0	magnetic_hz0.4	4	chain_up	0.5	p3d_hy1.0_m0.4_L4_up	/pscratch/sd/s/sanzharb/tc_nqs/phase3d/hy1.0/magnetic_hz0.4/L4	2026-09-17T19:11:40Z
58477546	1.0	magnetic_hz0.4	4	chain_up	0.6	p3d_hy1.0_m0.4_L4_up	/pscratch/sd/s/sanzharb/tc_nqs/phase3d/hy1.0/magnetic_hz0.4/L4	2026-09-17T19:11:40Z
58477546	1.0	magnetic_hz0.4	4	chain_up	0.7	p3d_hy1.0_m0.4_L4_up	/pscratch/sd/s/sanzharb/tc_nqs/phase3d/hy1.0/magnetic_hz0.4/L4	2026-09-17T19:11:40Z
58477546	1.0	magnetic_hz0.4	4	chain_up	0.75	p3d_hy1.0_m0.4_L4_up	/pscratch/sd/s/sanzharb/tc_nqs/phase3d/hy1.0/magnetic_hz0.4/L4	2026-09-17T19:11:40Z
58477546	1.0	magnetic_hz0.4	4	chain_up	0.8	p3d_hy1.0_m0.4_L4_up	/pscratch/sd/s/sanzharb/tc_nqs/phase3d/hy1.0/magnetic_hz0.4/L4	2026-09-17T19:11:40Z
58477546	1.0	magnetic_hz0.4	4	chain_up	0.85	p3d_hy1.0_m0.4_L4_up	/pscratch/sd/s/sanzharb/tc_nqs/phase3d/hy1.0/magnetic_hz0.4/L4	2026-09-17T19:11:40Z
58477546	1.0	magnetic_hz0.4	4	chain_up	0.9	p3d_hy1.0_m0.4_L4_up	/pscratch/sd/s/sanzharb/tc_nqs/phase3d/hy1.0/magnetic_hz0.4/L4	2026-09-17T19:11:40Z
58477546	1.0	magnetic_hz0.4	4	chain_up	0.95	p3d_hy1.0_m0.4_L4_up	/pscratch/sd/s/sanzharb/tc_nqs/phase3d/hy1.0/magnetic_hz0.4/L4	2026-09-17T19:11:40Z
58477546	1.0	magnetic_hz0.4	4	chain_up	1.0	p3d_hy1.0_m0.4_L4_up	/pscratch/sd/s/sanzharb/tc_nqs/phase3d/hy1.0/magnetic_hz0.4/L4	2026-09-17T19:11:40Z
58477547	1.0	magnetic_hz0.4	4	chain_dn	1.3	p3d_hy1.0_m0.4_L4_dn	/pscratch/sd/s/sanzharb/tc_nqs/phase3d/hy1.0/magnetic_hz0.4/L4	2026-09-17T19:11:40Z
58477547	1.0	magnetic_hz0.4	4	chain_dn	1.2	p3d_hy1.0_m0.4_L4_dn	/pscratch/sd/s/sanzharb/tc_nqs/phase3d/hy1.0/magnetic_hz0.4/L4	2026-09-17T19:11:40Z
58477547	1.0	magnetic_hz0.4	4	chain_dn	1.1	p3d_hy1.0_m0.4_L4_dn	/pscratch/sd/s/sanzharb/tc_nqs/phase3d/hy1.0/magnetic_hz0.4/L4	2026-09-17T19:11:40Z
58477547	1.0	magnetic_hz0.4	4	chain_dn	1.0	p3d_hy1.0_m0.4_L4_dn	/pscratch/sd/s/sanzharb/tc_nqs/phase3d/hy1.0/magnetic_hz0.4/L4	2026-09-17T19:11:40Z
58477547	1.0	magnetic_hz0.4	4	chain_dn	0.95	p3d_hy1.0_m0.4_L4_dn	/pscratch/sd/s/sanzharb/tc_nqs/phase3d/hy1.0/magnetic_hz0.4/L4	2026-09-17T19:11:40Z
58477547	1.0	magnetic_hz0.4	4	chain_dn	0.9	p3d_hy1.0_m0.4_L4_dn	/pscratch/sd/s/sanzharb/tc_nqs/phase3d/hy1.0/magnetic_hz0.4/L4	2026-09-17T19:11:40Z
58477547	1.0	magnetic_hz0.4	4	chain_dn	0.85	p3d_hy1.0_m0.4_L4_dn	/pscratch/sd/s/sanzharb/tc_nqs/phase3d/hy1.0/magnetic_hz0.4/L4	2026-09-17T19:11:40Z
58477547	1.0	magnetic_hz0.4	4	chain_dn	0.8	p3d_hy1.0_m0.4_L4_dn	/pscratch/sd/s/sanzharb/tc_nqs/phase3d/hy1.0/magnetic_hz0.4/L4	2026-09-17T19:11:40Z
58477547	1.0	magnetic_hz0.4	4	chain_dn	0.75	p3d_hy1.0_m0.4_L4_dn	/pscratch/sd/s/sanzharb/tc_nqs/phase3d/hy1.0/magnetic_hz0.4/L4	2026-09-17T19:11:40Z
58477547	1.0	magnetic_hz0.4	4	chain_dn	0.7	p3d_hy1.0_m0.4_L4_dn	/pscratch/sd/s/sanzharb/tc_nqs/phase3d/hy1.0/magnetic_hz0.4/L4	2026-09-17T19:11:40Z
58477548	1.0	magnetic_hz0.7	4	chain_up	0.6	p3d_hy1.0_m0.7_L4_up	/pscratch/sd/s/sanzharb/tc_nqs/phase3d/hy1.0/magnetic_hz0.7/L4	2026-09-17T19:11:40Z
58477548	1.0	magnetic_hz0.7	4	chain_up	0.7	p3d_hy1.0_m0.7_L4_up	/pscratch/sd/s/sanzharb/tc_nqs/phase3d/hy1.0/magnetic_hz0.7/L4	2026-09-17T19:11:40Z
58477548	1.0	magnetic_hz0.7	4	chain_up	0.8	p3d_hy1.0_m0.7_L4_up	/pscratch/sd/s/sanzharb/tc_nqs/phase3d/hy1.0/magnetic_hz0.7/L4	2026-09-17T19:11:40Z
58477548	1.0	magnetic_hz0.7	4	chain_up	0.9	p3d_hy1.0_m0.7_L4_up	/pscratch/sd/s/sanzharb/tc_nqs/phase3d/hy1.0/magnetic_hz0.7/L4	2026-09-17T19:11:40Z
58477548	1.0	magnetic_hz0.7	4	chain_up	1.0	p3d_hy1.0_m0.7_L4_up	/pscratch/sd/s/sanzharb/tc_nqs/phase3d/hy1.0/magnetic_hz0.7/L4	2026-09-17T19:11:40Z
58477548	1.0	magnetic_hz0.7	4	chain_up	1.05	p3d_hy1.0_m0.7_L4_up	/pscratch/sd/s/sanzharb/tc_nqs/phase3d/hy1.0/magnetic_hz0.7/L4	2026-09-17T19:11:40Z
58477548	1.0	magnetic_hz0.7	4	chain_up	1.1	p3d_hy1.0_m0.7_L4_up	/pscratch/sd/s/sanzharb/tc_nqs/phase3d/hy1.0/magnetic_hz0.7/L4	2026-09-17T19:11:40Z
58477548	1.0	magnetic_hz0.7	4	chain_up	1.15	p3d_hy1.0_m0.7_L4_up	/pscratch/sd/s/sanzharb/tc_nqs/phase3d/hy1.0/magnetic_hz0.7/L4	2026-09-17T19:11:40Z
58477548	1.0	magnetic_hz0.7	4	chain_up	1.2	p3d_hy1.0_m0.7_L4_up	/pscratch/sd/s/sanzharb/tc_nqs/phase3d/hy1.0/magnetic_hz0.7/L4	2026-09-17T19:11:40Z
58477548	1.0	magnetic_hz0.7	4	chain_up	1.25	p3d_hy1.0_m0.7_L4_up	/pscratch/sd/s/sanzharb/tc_nqs/phase3d/hy1.0/magnetic_hz0.7/L4	2026-09-17T19:11:40Z
58477548	1.0	magnetic_hz0.7	4	chain_up	1.3	p3d_hy1.0_m0.7_L4_up	/pscratch/sd/s/sanzharb/tc_nqs/phase3d/hy1.0/magnetic_hz0.7/L4	2026-09-17T19:11:40Z
58477548	1.0	magnetic_hz0.7	4	chain_up	1.35	p3d_hy1.0_m0.7_L4_up	/pscratch/sd/s/sanzharb/tc_nqs/phase3d/hy1.0/magnetic_hz0.7/L4	2026-09-17T19:11:40Z
58477549	1.0	magnetic_hz0.7	4	chain_dn	1.5	p3d_hy1.0_m0.7_L4_dn	/pscratch/sd/s/sanzharb/tc_nqs/phase3d/hy1.0/magnetic_hz0.7/L4	2026-09-17T19:11:41Z
58477549	1.0	magnetic_hz0.7	4	chain_dn	1.4	p3d_hy1.0_m0.7_L4_dn	/pscratch/sd/s/sanzharb/tc_nqs/phase3d/hy1.0/magnetic_hz0.7/L4	2026-09-17T19:11:41Z
58477549	1.0	magnetic_hz0.7	4	chain_dn	1.35	p3d_hy1.0_m0.7_L4_dn	/pscratch/sd/s/sanzharb/tc_nqs/phase3d/hy1.0/magnetic_hz0.7/L4	2026-09-17T19:11:41Z
58477549	1.0	magnetic_hz0.7	4	chain_dn	1.3	p3d_hy1.0_m0.7_L4_dn	/pscratch/sd/s/sanzharb/tc_nqs/phase3d/hy1.0/magnetic_hz0.7/L4	2026-09-17T19:11:41Z
58477549	1.0	magnetic_hz0.7	4	chain_dn	1.25	p3d_hy1.0_m0.7_L4_dn	/pscratch/sd/s/sanzharb/tc_nqs/phase3d/hy1.0/magnetic_hz0.7/L4	2026-09-17T19:11:41Z
58477549	1.0	magnetic_hz0.7	4	chain_dn	1.2	p3d_hy1.0_m0.7_L4_dn	/pscratch/sd/s/sanzharb/tc_nqs/phase3d/hy1.0/magnetic_hz0.7/L4	2026-09-17T19:11:41Z
58477549	1.0	magnetic_hz0.7	4	chain_dn	1.15	p3d_hy1.0_m0.7_L4_dn	/pscratch/sd/s/sanzharb/tc_nqs/phase3d/hy1.0/magnetic_hz0.7/L4	2026-09-17T19:11:41Z
58477549	1.0	magnetic_hz0.7	4	chain_dn	1.1	p3d_hy1.0_m0.7_L4_dn	/pscratch/sd/s/sanzharb/tc_nqs/phase3d/hy1.0/magnetic_hz0.7/L4	2026-09-17T19:11:41Z
58477549	1.0	magnetic_hz0.7	4	chain_dn	1.05	p3d_hy1.0_m0.7_L4_dn	/pscratch/sd/s/sanzharb/tc_nqs/phase3d/hy1.0/magnetic_hz0.7/L4	2026-09-17T19:11:41Z
58477551	1.0	magnetic_hz0.85	4	chain_up	0.7	p3d_hy1.0_m0.85_L4_up	/pscratch/sd/s/sanzharb/tc_nqs/phase3d/hy1.0/magnetic_hz0.85/L4	2026-09-17T19:11:41Z
58477551	1.0	magnetic_hz0.85	4	chain_up	0.8	p3d_hy1.0_m0.85_L4_up	/pscratch/sd/s/sanzharb/tc_nqs/phase3d/hy1.0/magnetic_hz0.85/L4	2026-09-17T19:11:41Z
58477551	1.0	magnetic_hz0.85	4	chain_up	0.9	p3d_hy1.0_m0.85_L4_up	/pscratch/sd/s/sanzharb/tc_nqs/phase3d/hy1.0/magnetic_hz0.85/L4	2026-09-17T19:11:41Z
58477551	1.0	magnetic_hz0.85	4	chain_up	1.0	p3d_hy1.0_m0.85_L4_up	/pscratch/sd/s/sanzharb/tc_nqs/phase3d/hy1.0/magnetic_hz0.85/L4	2026-09-17T19:11:41Z
58477551	1.0	magnetic_hz0.85	4	chain_up	1.1	p3d_hy1.0_m0.85_L4_up	/pscratch/sd/s/sanzharb/tc_nqs/phase3d/hy1.0/magnetic_hz0.85/L4	2026-09-17T19:11:41Z
58477551	1.0	magnetic_hz0.85	4	chain_up	1.15	p3d_hy1.0_m0.85_L4_up	/pscratch/sd/s/sanzharb/tc_nqs/phase3d/hy1.0/magnetic_hz0.85/L4	2026-09-17T19:11:41Z
58477551	1.0	magnetic_hz0.85	4	chain_up	1.2	p3d_hy1.0_m0.85_L4_up	/pscratch/sd/s/sanzharb/tc_nqs/phase3d/hy1.0/magnetic_hz0.85/L4	2026-09-17T19:11:41Z
58477551	1.0	magnetic_hz0.85	4	chain_up	1.25	p3d_hy1.0_m0.85_L4_up	/pscratch/sd/s/sanzharb/tc_nqs/phase3d/hy1.0/magnetic_hz0.85/L4	2026-09-17T19:11:41Z
58477551	1.0	magnetic_hz0.85	4	chain_up	1.3	p3d_hy1.0_m0.85_L4_up	/pscratch/sd/s/sanzharb/tc_nqs/phase3d/hy1.0/magnetic_hz0.85/L4	2026-09-17T19:11:41Z
58477551	1.0	magnetic_hz0.85	4	chain_up	1.35	p3d_hy1.0_m0.85_L4_up	/pscratch/sd/s/sanzharb/tc_nqs/phase3d/hy1.0/magnetic_hz0.85/L4	2026-09-17T19:11:41Z
58477551	1.0	magnetic_hz0.85	4	chain_up	1.4	p3d_hy1.0_m0.85_L4_up	/pscratch/sd/s/sanzharb/tc_nqs/phase3d/hy1.0/magnetic_hz0.85/L4	2026-09-17T19:11:41Z
58477551	1.0	magnetic_hz0.85	4	chain_up	1.45	p3d_hy1.0_m0.85_L4_up	/pscratch/sd/s/sanzharb/tc_nqs/phase3d/hy1.0/magnetic_hz0.85/L4	2026-09-17T19:11:41Z
58477552	1.0	magnetic_hz0.85	4	chain_dn	1.7	p3d_hy1.0_m0.85_L4_dn	/pscratch/sd/s/sanzharb/tc_nqs/phase3d/hy1.0/magnetic_hz0.85/L4	2026-09-17T19:11:41Z
58477552	1.0	magnetic_hz0.85	4	chain_dn	1.6	p3d_hy1.0_m0.85_L4_dn	/pscratch/sd/s/sanzharb/tc_nqs/phase3d/hy1.0/magnetic_hz0.85/L4	2026-09-17T19:11:41Z
58477552	1.0	magnetic_hz0.85	4	chain_dn	1.5	p3d_hy1.0_m0.85_L4_dn	/pscratch/sd/s/sanzharb/tc_nqs/phase3d/hy1.0/magnetic_hz0.85/L4	2026-09-17T19:11:41Z
58477552	1.0	magnetic_hz0.85	4	chain_dn	1.45	p3d_hy1.0_m0.85_L4_dn	/pscratch/sd/s/sanzharb/tc_nqs/phase3d/hy1.0/magnetic_hz0.85/L4	2026-09-17T19:11:41Z
58477552	1.0	magnetic_hz0.85	4	chain_dn	1.4	p3d_hy1.0_m0.85_L4_dn	/pscratch/sd/s/sanzharb/tc_nqs/phase3d/hy1.0/magnetic_hz0.85/L4	2026-09-17T19:11:41Z
58477552	1.0	magnetic_hz0.85	4	chain_dn	1.35	p3d_hy1.0_m0.85_L4_dn	/pscratch/sd/s/sanzharb/tc_nqs/phase3d/hy1.0/magnetic_hz0.85/L4	2026-09-17T19:11:41Z
58477552	1.0	magnetic_hz0.85	4	chain_dn	1.3	p3d_hy1.0_m0.85_L4_dn	/pscratch/sd/s/sanzharb/tc_nqs/phase3d/hy1.0/magnetic_hz0.85/L4	2026-09-17T19:11:41Z
58477552	1.0	magnetic_hz0.85	4	chain_dn	1.25	p3d_hy1.0_m0.85_L4_dn	/pscratch/sd/s/sanzharb/tc_nqs/phase3d/hy1.0/magnetic_hz0.85/L4	2026-09-17T19:11:41Z
58477552	1.0	magnetic_hz0.85	4	chain_dn	1.2	p3d_hy1.0_m0.85_L4_dn	/pscratch/sd/s/sanzharb/tc_nqs/phase3d/hy1.0/magnetic_hz0.85/L4	2026-09-17T19:11:41Z
58477552	1.0	magnetic_hz0.85	4	chain_dn	1.15	p3d_hy1.0_m0.85_L4_dn	/pscratch/sd/s/sanzharb/tc_nqs/phase3d/hy1.0/magnetic_hz0.85/L4	2026-09-17T19:11:41Z
58477553	1.0	magnetic_hz1.0	4	chain_up	0.8	p3d_hy1.0_m1.0_L4_up	/pscratch/sd/s/sanzharb/tc_nqs/phase3d/hy1.0/magnetic_hz1.0/L4	2026-09-17T19:11:41Z
58477553	1.0	magnetic_hz1.0	4	chain_up	0.9	p3d_hy1.0_m1.0_L4_up	/pscratch/sd/s/sanzharb/tc_nqs/phase3d/hy1.0/magnetic_hz1.0/L4	2026-09-17T19:11:41Z
58477553	1.0	magnetic_hz1.0	4	chain_up	1.0	p3d_hy1.0_m1.0_L4_up	/pscratch/sd/s/sanzharb/tc_nqs/phase3d/hy1.0/magnetic_hz1.0/L4	2026-09-17T19:11:41Z
58477553	1.0	magnetic_hz1.0	4	chain_up	1.1	p3d_hy1.0_m1.0_L4_up	/pscratch/sd/s/sanzharb/tc_nqs/phase3d/hy1.0/magnetic_hz1.0/L4	2026-09-17T19:11:41Z
58477553	1.0	magnetic_hz1.0	4	chain_up	1.2	p3d_hy1.0_m1.0_L4_up	/pscratch/sd/s/sanzharb/tc_nqs/phase3d/hy1.0/magnetic_hz1.0/L4	2026-09-17T19:11:41Z
58477553	1.0	magnetic_hz1.0	4	chain_up	1.3	p3d_hy1.0_m1.0_L4_up	/pscratch/sd/s/sanzharb/tc_nqs/phase3d/hy1.0/magnetic_hz1.0/L4	2026-09-17T19:11:41Z
58477553	1.0	magnetic_hz1.0	4	chain_up	1.35	p3d_hy1.0_m1.0_L4_up	/pscratch/sd/s/sanzharb/tc_nqs/phase3d/hy1.0/magnetic_hz1.0/L4	2026-09-17T19:11:41Z
58477553	1.0	magnetic_hz1.0	4	chain_up	1.4	p3d_hy1.0_m1.0_L4_up	/pscratch/sd/s/sanzharb/tc_nqs/phase3d/hy1.0/magnetic_hz1.0/L4	2026-09-17T19:11:41Z
58477553	1.0	magnetic_hz1.0	4	chain_up	1.45	p3d_hy1.0_m1.0_L4_up	/pscratch/sd/s/sanzharb/tc_nqs/phase3d/hy1.0/magnetic_hz1.0/L4	2026-09-17T19:11:41Z
58477553	1.0	magnetic_hz1.0	4	chain_up	1.5	p3d_hy1.0_m1.0_L4_up	/pscratch/sd/s/sanzharb/tc_nqs/phase3d/hy1.0/magnetic_hz1.0/L4	2026-09-17T19:11:41Z
58477553	1.0	magnetic_hz1.0	4	chain_up	1.55	p3d_hy1.0_m1.0_L4_up	/pscratch/sd/s/sanzharb/tc_nqs/phase3d/hy1.0/magnetic_hz1.0/L4	2026-09-17T19:11:41Z
58477553	1.0	magnetic_hz1.0	4	chain_up	1.6	p3d_hy1.0_m1.0_L4_up	/pscratch/sd/s/sanzharb/tc_nqs/phase3d/hy1.0/magnetic_hz1.0/L4	2026-09-17T19:11:41Z
58485352	y	ycut_hx0_hz0	4	chain_up	0.6	p3d_y_hx0_hz0_L4_up	/pscratch/sd/s/sanzharb/tc_nqs/phase3d/ycuts/ycut_hx0_hz0/L4	2026-09-17T21:36:45Z
58485352	y	ycut_hx0_hz0	4	chain_up	0.7	p3d_y_hx0_hz0_L4_up	/pscratch/sd/s/sanzharb/tc_nqs/phase3d/ycuts/ycut_hx0_hz0/L4	2026-09-17T21:36:45Z
58485352	y	ycut_hx0_hz0	4	chain_up	0.8	p3d_y_hx0_hz0_L4_up	/pscratch/sd/s/sanzharb/tc_nqs/phase3d/ycuts/ycut_hx0_hz0/L4	2026-09-17T21:36:45Z
58485352	y	ycut_hx0_hz0	4	chain_up	0.9	p3d_y_hx0_hz0_L4_up	/pscratch/sd/s/sanzharb/tc_nqs/phase3d/ycuts/ycut_hx0_hz0/L4	2026-09-17T21:36:45Z
58485352	y	ycut_hx0_hz0	4	chain_up	1.0	p3d_y_hx0_hz0_L4_up	/pscratch/sd/s/sanzharb/tc_nqs/phase3d/ycuts/ycut_hx0_hz0/L4	2026-09-17T21:36:45Z
58485352	y	ycut_hx0_hz0	4	chain_up	1.05	p3d_y_hx0_hz0_L4_up	/pscratch/sd/s/sanzharb/tc_nqs/phase3d/ycuts/ycut_hx0_hz0/L4	2026-09-17T21:36:45Z
58485352	y	ycut_hx0_hz0	4	chain_up	1.1	p3d_y_hx0_hz0_L4_up	/pscratch/sd/s/sanzharb/tc_nqs/phase3d/ycuts/ycut_hx0_hz0/L4	2026-09-17T21:36:45Z
58485352	y	ycut_hx0_hz0	4	chain_up	1.15	p3d_y_hx0_hz0_L4_up	/pscratch/sd/s/sanzharb/tc_nqs/phase3d/ycuts/ycut_hx0_hz0/L4	2026-09-17T21:36:45Z
58485352	y	ycut_hx0_hz0	4	chain_up	1.2	p3d_y_hx0_hz0_L4_up	/pscratch/sd/s/sanzharb/tc_nqs/phase3d/ycuts/ycut_hx0_hz0/L4	2026-09-17T21:36:45Z
58485352	y	ycut_hx0_hz0	4	chain_up	1.25	p3d_y_hx0_hz0_L4_up	/pscratch/sd/s/sanzharb/tc_nqs/phase3d/ycuts/ycut_hx0_hz0/L4	2026-09-17T21:36:45Z
58485352	y	ycut_hx0_hz0	4	chain_up	1.3	p3d_y_hx0_hz0_L4_up	/pscratch/sd/s/sanzharb/tc_nqs/phase3d/ycuts/ycut_hx0_hz0/L4	2026-09-17T21:36:45Z
58485355	y	ycut_hx0_hz0	4	chain_dn	1.5	p3d_y_hx0_hz0_L4_dn	/pscratch/sd/s/sanzharb/tc_nqs/phase3d/ycuts/ycut_hx0_hz0/L4	2026-09-17T21:36:45Z
58485355	y	ycut_hx0_hz0	4	chain_dn	1.4	p3d_y_hx0_hz0_L4_dn	/pscratch/sd/s/sanzharb/tc_nqs/phase3d/ycuts/ycut_hx0_hz0/L4	2026-09-17T21:36:45Z
58485355	y	ycut_hx0_hz0	4	chain_dn	1.3	p3d_y_hx0_hz0_L4_dn	/pscratch/sd/s/sanzharb/tc_nqs/phase3d/ycuts/ycut_hx0_hz0/L4	2026-09-17T21:36:45Z
58485355	y	ycut_hx0_hz0	4	chain_dn	1.25	p3d_y_hx0_hz0_L4_dn	/pscratch/sd/s/sanzharb/tc_nqs/phase3d/ycuts/ycut_hx0_hz0/L4	2026-09-17T21:36:45Z
58485355	y	ycut_hx0_hz0	4	chain_dn	1.2	p3d_y_hx0_hz0_L4_dn	/pscratch/sd/s/sanzharb/tc_nqs/phase3d/ycuts/ycut_hx0_hz0/L4	2026-09-17T21:36:45Z
58485355	y	ycut_hx0_hz0	4	chain_dn	1.15	p3d_y_hx0_hz0_L4_dn	/pscratch/sd/s/sanzharb/tc_nqs/phase3d/ycuts/ycut_hx0_hz0/L4	2026-09-17T21:36:45Z
58485355	y	ycut_hx0_hz0	4	chain_dn	1.1	p3d_y_hx0_hz0_L4_dn	/pscratch/sd/s/sanzharb/tc_nqs/phase3d/ycuts/ycut_hx0_hz0/L4	2026-09-17T21:36:45Z
58485355	y	ycut_hx0_hz0	4	chain_dn	1.05	p3d_y_hx0_hz0_L4_dn	/pscratch/sd/s/sanzharb/tc_nqs/phase3d/ycuts/ycut_hx0_hz0/L4	2026-09-17T21:36:45Z
58485355	y	ycut_hx0_hz0	4	chain_dn	1.0	p3d_y_hx0_hz0_L4_dn	/pscratch/sd/s/sanzharb/tc_nqs/phase3d/ycuts/ycut_hx0_hz0/L4	2026-09-17T21:36:45Z
58485357	y	ycut_hx0_hz0.1	4	chain_up	0.6	p3d_y_hx0_hz0.1_L4_up	/pscratch/sd/s/sanzharb/tc_nqs/phase3d/ycuts/ycut_hx0_hz0.1/L4	2026-09-17T21:36:45Z
58485357	y	ycut_hx0_hz0.1	4	chain_up	0.7	p3d_y_hx0_hz0.1_L4_up	/pscratch/sd/s/sanzharb/tc_nqs/phase3d/ycuts/ycut_hx0_hz0.1/L4	2026-09-17T21:36:45Z
58485357	y	ycut_hx0_hz0.1	4	chain_up	0.8	p3d_y_hx0_hz0.1_L4_up	/pscratch/sd/s/sanzharb/tc_nqs/phase3d/ycuts/ycut_hx0_hz0.1/L4	2026-09-17T21:36:45Z
58485357	y	ycut_hx0_hz0.1	4	chain_up	0.9	p3d_y_hx0_hz0.1_L4_up	/pscratch/sd/s/sanzharb/tc_nqs/phase3d/ycuts/ycut_hx0_hz0.1/L4	2026-09-17T21:36:45Z
58485357	y	ycut_hx0_hz0.1	4	chain_up	1.0	p3d_y_hx0_hz0.1_L4_up	/pscratch/sd/s/sanzharb/tc_nqs/phase3d/ycuts/ycut_hx0_hz0.1/L4	2026-09-17T21:36:45Z
58485357	y	ycut_hx0_hz0.1	4	chain_up	1.05	p3d_y_hx0_hz0.1_L4_up	/pscratch/sd/s/sanzharb/tc_nqs/phase3d/ycuts/ycut_hx0_hz0.1/L4	2026-09-17T21:36:45Z
58485357	y	ycut_hx0_hz0.1	4	chain_up	1.1	p3d_y_hx0_hz0.1_L4_up	/pscratch/sd/s/sanzharb/tc_nqs/phase3d/ycuts/ycut_hx0_hz0.1/L4	2026-09-17T21:36:45Z
58485357	y	ycut_hx0_hz0.1	4	chain_up	1.15	p3d_y_hx0_hz0.1_L4_up	/pscratch/sd/s/sanzharb/tc_nqs/phase3d/ycuts/ycut_hx0_hz0.1/L4	2026-09-17T21:36:45Z
58485357	y	ycut_hx0_hz0.1	4	chain_up	1.2	p3d_y_hx0_hz0.1_L4_up	/pscratch/sd/s/sanzharb/tc_nqs/phase3d/ycuts/ycut_hx0_hz0.1/L4	2026-09-17T21:36:45Z
58485357	y	ycut_hx0_hz0.1	4	chain_up	1.25	p3d_y_hx0_hz0.1_L4_up	/pscratch/sd/s/sanzharb/tc_nqs/phase3d/ycuts/ycut_hx0_hz0.1/L4	2026-09-17T21:36:45Z
58485357	y	ycut_hx0_hz0.1	4	chain_up	1.3	p3d_y_hx0_hz0.1_L4_up	/pscratch/sd/s/sanzharb/tc_nqs/phase3d/ycuts/ycut_hx0_hz0.1/L4	2026-09-17T21:36:45Z
58485359	y	ycut_hx0_hz0.1	4	chain_dn	1.5	p3d_y_hx0_hz0.1_L4_dn	/pscratch/sd/s/sanzharb/tc_nqs/phase3d/ycuts/ycut_hx0_hz0.1/L4	2026-09-17T21:36:45Z
58485359	y	ycut_hx0_hz0.1	4	chain_dn	1.4	p3d_y_hx0_hz0.1_L4_dn	/pscratch/sd/s/sanzharb/tc_nqs/phase3d/ycuts/ycut_hx0_hz0.1/L4	2026-09-17T21:36:45Z
58485359	y	ycut_hx0_hz0.1	4	chain_dn	1.3	p3d_y_hx0_hz0.1_L4_dn	/pscratch/sd/s/sanzharb/tc_nqs/phase3d/ycuts/ycut_hx0_hz0.1/L4	2026-09-17T21:36:45Z
58485359	y	ycut_hx0_hz0.1	4	chain_dn	1.25	p3d_y_hx0_hz0.1_L4_dn	/pscratch/sd/s/sanzharb/tc_nqs/phase3d/ycuts/ycut_hx0_hz0.1/L4	2026-09-17T21:36:45Z
58485359	y	ycut_hx0_hz0.1	4	chain_dn	1.2	p3d_y_hx0_hz0.1_L4_dn	/pscratch/sd/s/sanzharb/tc_nqs/phase3d/ycuts/ycut_hx0_hz0.1/L4	2026-09-17T21:36:45Z
58485359	y	ycut_hx0_hz0.1	4	chain_dn	1.15	p3d_y_hx0_hz0.1_L4_dn	/pscratch/sd/s/sanzharb/tc_nqs/phase3d/ycuts/ycut_hx0_hz0.1/L4	2026-09-17T21:36:45Z
58485359	y	ycut_hx0_hz0.1	4	chain_dn	1.1	p3d_y_hx0_hz0.1_L4_dn	/pscratch/sd/s/sanzharb/tc_nqs/phase3d/ycuts/ycut_hx0_hz0.1/L4	2026-09-17T21:36:45Z
58485359	y	ycut_hx0_hz0.1	4	chain_dn	1.05	p3d_y_hx0_hz0.1_L4_dn	/pscratch/sd/s/sanzharb/tc_nqs/phase3d/ycuts/ycut_hx0_hz0.1/L4	2026-09-17T21:36:45Z
58485359	y	ycut_hx0_hz0.1	4	chain_dn	1.0	p3d_y_hx0_hz0.1_L4_dn	/pscratch/sd/s/sanzharb/tc_nqs/phase3d/ycuts/ycut_hx0_hz0.1/L4	2026-09-17T21:36:45Z
58485363	y	ycut_hx0_hz0.2	4	chain_up	0.6	p3d_y_hx0_hz0.2_L4_up	/pscratch/sd/s/sanzharb/tc_nqs/phase3d/ycuts/ycut_hx0_hz0.2/L4	2026-09-17T21:36:46Z
58485363	y	ycut_hx0_hz0.2	4	chain_up	0.7	p3d_y_hx0_hz0.2_L4_up	/pscratch/sd/s/sanzharb/tc_nqs/phase3d/ycuts/ycut_hx0_hz0.2/L4	2026-09-17T21:36:46Z
58485363	y	ycut_hx0_hz0.2	4	chain_up	0.8	p3d_y_hx0_hz0.2_L4_up	/pscratch/sd/s/sanzharb/tc_nqs/phase3d/ycuts/ycut_hx0_hz0.2/L4	2026-09-17T21:36:46Z
58485363	y	ycut_hx0_hz0.2	4	chain_up	0.9	p3d_y_hx0_hz0.2_L4_up	/pscratch/sd/s/sanzharb/tc_nqs/phase3d/ycuts/ycut_hx0_hz0.2/L4	2026-09-17T21:36:46Z
58485363	y	ycut_hx0_hz0.2	4	chain_up	1.0	p3d_y_hx0_hz0.2_L4_up	/pscratch/sd/s/sanzharb/tc_nqs/phase3d/ycuts/ycut_hx0_hz0.2/L4	2026-09-17T21:36:46Z
58485363	y	ycut_hx0_hz0.2	4	chain_up	1.05	p3d_y_hx0_hz0.2_L4_up	/pscratch/sd/s/sanzharb/tc_nqs/phase3d/ycuts/ycut_hx0_hz0.2/L4	2026-09-17T21:36:46Z
58485363	y	ycut_hx0_hz0.2	4	chain_up	1.1	p3d_y_hx0_hz0.2_L4_up	/pscratch/sd/s/sanzharb/tc_nqs/phase3d/ycuts/ycut_hx0_hz0.2/L4	2026-09-17T21:36:46Z
58485363	y	ycut_hx0_hz0.2	4	chain_up	1.15	p3d_y_hx0_hz0.2_L4_up	/pscratch/sd/s/sanzharb/tc_nqs/phase3d/ycuts/ycut_hx0_hz0.2/L4	2026-09-17T21:36:46Z
58485363	y	ycut_hx0_hz0.2	4	chain_up	1.2	p3d_y_hx0_hz0.2_L4_up	/pscratch/sd/s/sanzharb/tc_nqs/phase3d/ycuts/ycut_hx0_hz0.2/L4	2026-09-17T21:36:46Z
58485363	y	ycut_hx0_hz0.2	4	chain_up	1.25	p3d_y_hx0_hz0.2_L4_up	/pscratch/sd/s/sanzharb/tc_nqs/phase3d/ycuts/ycut_hx0_hz0.2/L4	2026-09-17T21:36:46Z
58485363	y	ycut_hx0_hz0.2	4	chain_up	1.3	p3d_y_hx0_hz0.2_L4_up	/pscratch/sd/s/sanzharb/tc_nqs/phase3d/ycuts/ycut_hx0_hz0.2/L4	2026-09-17T21:36:46Z
58485365	y	ycut_hx0_hz0.2	4	chain_dn	1.5	p3d_y_hx0_hz0.2_L4_dn	/pscratch/sd/s/sanzharb/tc_nqs/phase3d/ycuts/ycut_hx0_hz0.2/L4	2026-09-17T21:36:46Z
58485365	y	ycut_hx0_hz0.2	4	chain_dn	1.4	p3d_y_hx0_hz0.2_L4_dn	/pscratch/sd/s/sanzharb/tc_nqs/phase3d/ycuts/ycut_hx0_hz0.2/L4	2026-09-17T21:36:46Z
58485365	y	ycut_hx0_hz0.2	4	chain_dn	1.3	p3d_y_hx0_hz0.2_L4_dn	/pscratch/sd/s/sanzharb/tc_nqs/phase3d/ycuts/ycut_hx0_hz0.2/L4	2026-09-17T21:36:46Z
58485365	y	ycut_hx0_hz0.2	4	chain_dn	1.25	p3d_y_hx0_hz0.2_L4_dn	/pscratch/sd/s/sanzharb/tc_nqs/phase3d/ycuts/ycut_hx0_hz0.2/L4	2026-09-17T21:36:46Z
58485365	y	ycut_hx0_hz0.2	4	chain_dn	1.2	p3d_y_hx0_hz0.2_L4_dn	/pscratch/sd/s/sanzharb/tc_nqs/phase3d/ycuts/ycut_hx0_hz0.2/L4	2026-09-17T21:36:46Z
58485365	y	ycut_hx0_hz0.2	4	chain_dn	1.15	p3d_y_hx0_hz0.2_L4_dn	/pscratch/sd/s/sanzharb/tc_nqs/phase3d/ycuts/ycut_hx0_hz0.2/L4	2026-09-17T21:36:46Z
58485365	y	ycut_hx0_hz0.2	4	chain_dn	1.1	p3d_y_hx0_hz0.2_L4_dn	/pscratch/sd/s/sanzharb/tc_nqs/phase3d/ycuts/ycut_hx0_hz0.2/L4	2026-09-17T21:36:46Z
58485365	y	ycut_hx0_hz0.2	4	chain_dn	1.05	p3d_y_hx0_hz0.2_L4_dn	/pscratch/sd/s/sanzharb/tc_nqs/phase3d/ycuts/ycut_hx0_hz0.2/L4	2026-09-17T21:36:46Z
58485365	y	ycut_hx0_hz0.2	4	chain_dn	1.0	p3d_y_hx0_hz0.2_L4_dn	/pscratch/sd/s/sanzharb/tc_nqs/phase3d/ycuts/ycut_hx0_hz0.2/L4	2026-09-17T21:36:46Z
58485368	y	ycut_hx0.5_hz0	4	chain_up	0.6	p3d_y_hx0.5_hz0_L4_up	/pscratch/sd/s/sanzharb/tc_nqs/phase3d/ycuts/ycut_hx0.5_hz0/L4	2026-09-17T21:36:46Z
58485368	y	ycut_hx0.5_hz0	4	chain_up	0.7	p3d_y_hx0.5_hz0_L4_up	/pscratch/sd/s/sanzharb/tc_nqs/phase3d/ycuts/ycut_hx0.5_hz0/L4	2026-09-17T21:36:46Z
58485368	y	ycut_hx0.5_hz0	4	chain_up	0.8	p3d_y_hx0.5_hz0_L4_up	/pscratch/sd/s/sanzharb/tc_nqs/phase3d/ycuts/ycut_hx0.5_hz0/L4	2026-09-17T21:36:46Z
58485368	y	ycut_hx0.5_hz0	4	chain_up	0.9	p3d_y_hx0.5_hz0_L4_up	/pscratch/sd/s/sanzharb/tc_nqs/phase3d/ycuts/ycut_hx0.5_hz0/L4	2026-09-17T21:36:46Z
58485368	y	ycut_hx0.5_hz0	4	chain_up	1.0	p3d_y_hx0.5_hz0_L4_up	/pscratch/sd/s/sanzharb/tc_nqs/phase3d/ycuts/ycut_hx0.5_hz0/L4	2026-09-17T21:36:46Z
58485368	y	ycut_hx0.5_hz0	4	chain_up	1.05	p3d_y_hx0.5_hz0_L4_up	/pscratch/sd/s/sanzharb/tc_nqs/phase3d/ycuts/ycut_hx0.5_hz0/L4	2026-09-17T21:36:46Z
58485368	y	ycut_hx0.5_hz0	4	chain_up	1.1	p3d_y_hx0.5_hz0_L4_up	/pscratch/sd/s/sanzharb/tc_nqs/phase3d/ycuts/ycut_hx0.5_hz0/L4	2026-09-17T21:36:46Z
58485368	y	ycut_hx0.5_hz0	4	chain_up	1.15	p3d_y_hx0.5_hz0_L4_up	/pscratch/sd/s/sanzharb/tc_nqs/phase3d/ycuts/ycut_hx0.5_hz0/L4	2026-09-17T21:36:46Z
58485368	y	ycut_hx0.5_hz0	4	chain_up	1.2	p3d_y_hx0.5_hz0_L4_up	/pscratch/sd/s/sanzharb/tc_nqs/phase3d/ycuts/ycut_hx0.5_hz0/L4	2026-09-17T21:36:46Z
58485368	y	ycut_hx0.5_hz0	4	chain_up	1.25	p3d_y_hx0.5_hz0_L4_up	/pscratch/sd/s/sanzharb/tc_nqs/phase3d/ycuts/ycut_hx0.5_hz0/L4	2026-09-17T21:36:46Z
58485368	y	ycut_hx0.5_hz0	4	chain_up	1.3	p3d_y_hx0.5_hz0_L4_up	/pscratch/sd/s/sanzharb/tc_nqs/phase3d/ycuts/ycut_hx0.5_hz0/L4	2026-09-17T21:36:46Z
58485371	y	ycut_hx0.5_hz0.1	4	chain_up	0.6	p3d_y_hx0.5_hz0.1_L4_up	/pscratch/sd/s/sanzharb/tc_nqs/phase3d/ycuts/ycut_hx0.5_hz0.1/L4	2026-09-17T21:36:46Z
58485371	y	ycut_hx0.5_hz0.1	4	chain_up	0.7	p3d_y_hx0.5_hz0.1_L4_up	/pscratch/sd/s/sanzharb/tc_nqs/phase3d/ycuts/ycut_hx0.5_hz0.1/L4	2026-09-17T21:36:46Z
58485371	y	ycut_hx0.5_hz0.1	4	chain_up	0.8	p3d_y_hx0.5_hz0.1_L4_up	/pscratch/sd/s/sanzharb/tc_nqs/phase3d/ycuts/ycut_hx0.5_hz0.1/L4	2026-09-17T21:36:46Z
58485371	y	ycut_hx0.5_hz0.1	4	chain_up	0.9	p3d_y_hx0.5_hz0.1_L4_up	/pscratch/sd/s/sanzharb/tc_nqs/phase3d/ycuts/ycut_hx0.5_hz0.1/L4	2026-09-17T21:36:46Z
58485371	y	ycut_hx0.5_hz0.1	4	chain_up	1.0	p3d_y_hx0.5_hz0.1_L4_up	/pscratch/sd/s/sanzharb/tc_nqs/phase3d/ycuts/ycut_hx0.5_hz0.1/L4	2026-09-17T21:36:46Z
58485371	y	ycut_hx0.5_hz0.1	4	chain_up	1.05	p3d_y_hx0.5_hz0.1_L4_up	/pscratch/sd/s/sanzharb/tc_nqs/phase3d/ycuts/ycut_hx0.5_hz0.1/L4	2026-09-17T21:36:46Z
58485371	y	ycut_hx0.5_hz0.1	4	chain_up	1.1	p3d_y_hx0.5_hz0.1_L4_up	/pscratch/sd/s/sanzharb/tc_nqs/phase3d/ycuts/ycut_hx0.5_hz0.1/L4	2026-09-17T21:36:46Z
58485371	y	ycut_hx0.5_hz0.1	4	chain_up	1.15	p3d_y_hx0.5_hz0.1_L4_up	/pscratch/sd/s/sanzharb/tc_nqs/phase3d/ycuts/ycut_hx0.5_hz0.1/L4	2026-09-17T21:36:46Z
58485371	y	ycut_hx0.5_hz0.1	4	chain_up	1.2	p3d_y_hx0.5_hz0.1_L4_up	/pscratch/sd/s/sanzharb/tc_nqs/phase3d/ycuts/ycut_hx0.5_hz0.1/L4	2026-09-17T21:36:46Z
58485371	y	ycut_hx0.5_hz0.1	4	chain_up	1.25	p3d_y_hx0.5_hz0.1_L4_up	/pscratch/sd/s/sanzharb/tc_nqs/phase3d/ycuts/ycut_hx0.5_hz0.1/L4	2026-09-17T21:36:46Z
58485371	y	ycut_hx0.5_hz0.1	4	chain_up	1.3	p3d_y_hx0.5_hz0.1_L4_up	/pscratch/sd/s/sanzharb/tc_nqs/phase3d/ycuts/ycut_hx0.5_hz0.1/L4	2026-09-17T21:36:46Z
58485372	y	ycut_hx0.5_hz0.1	4	chain_dn	1.5	p3d_y_hx0.5_hz0.1_L4_dn	/pscratch/sd/s/sanzharb/tc_nqs/phase3d/ycuts/ycut_hx0.5_hz0.1/L4	2026-09-17T21:36:46Z
58485372	y	ycut_hx0.5_hz0.1	4	chain_dn	1.4	p3d_y_hx0.5_hz0.1_L4_dn	/pscratch/sd/s/sanzharb/tc_nqs/phase3d/ycuts/ycut_hx0.5_hz0.1/L4	2026-09-17T21:36:46Z
58485372	y	ycut_hx0.5_hz0.1	4	chain_dn	1.3	p3d_y_hx0.5_hz0.1_L4_dn	/pscratch/sd/s/sanzharb/tc_nqs/phase3d/ycuts/ycut_hx0.5_hz0.1/L4	2026-09-17T21:36:46Z
58485372	y	ycut_hx0.5_hz0.1	4	chain_dn	1.25	p3d_y_hx0.5_hz0.1_L4_dn	/pscratch/sd/s/sanzharb/tc_nqs/phase3d/ycuts/ycut_hx0.5_hz0.1/L4	2026-09-17T21:36:46Z
58485372	y	ycut_hx0.5_hz0.1	4	chain_dn	1.2	p3d_y_hx0.5_hz0.1_L4_dn	/pscratch/sd/s/sanzharb/tc_nqs/phase3d/ycuts/ycut_hx0.5_hz0.1/L4	2026-09-17T21:36:46Z
58485372	y	ycut_hx0.5_hz0.1	4	chain_dn	1.15	p3d_y_hx0.5_hz0.1_L4_dn	/pscratch/sd/s/sanzharb/tc_nqs/phase3d/ycuts/ycut_hx0.5_hz0.1/L4	2026-09-17T21:36:46Z
58485372	y	ycut_hx0.5_hz0.1	4	chain_dn	1.1	p3d_y_hx0.5_hz0.1_L4_dn	/pscratch/sd/s/sanzharb/tc_nqs/phase3d/ycuts/ycut_hx0.5_hz0.1/L4	2026-09-17T21:36:46Z
58485372	y	ycut_hx0.5_hz0.1	4	chain_dn	1.05	p3d_y_hx0.5_hz0.1_L4_dn	/pscratch/sd/s/sanzharb/tc_nqs/phase3d/ycuts/ycut_hx0.5_hz0.1/L4	2026-09-17T21:36:46Z
58485372	y	ycut_hx0.5_hz0.1	4	chain_dn	1.0	p3d_y_hx0.5_hz0.1_L4_dn	/pscratch/sd/s/sanzharb/tc_nqs/phase3d/ycuts/ycut_hx0.5_hz0.1/L4	2026-09-17T21:36:46Z
58485373	y	ycut_hx0.5_hz0.2	4	chain_up	0.6	p3d_y_hx0.5_hz0.2_L4_up	/pscratch/sd/s/sanzharb/tc_nqs/phase3d/ycuts/ycut_hx0.5_hz0.2/L4	2026-09-17T21:36:47Z
58485373	y	ycut_hx0.5_hz0.2	4	chain_up	0.7	p3d_y_hx0.5_hz0.2_L4_up	/pscratch/sd/s/sanzharb/tc_nqs/phase3d/ycuts/ycut_hx0.5_hz0.2/L4	2026-09-17T21:36:47Z
58485373	y	ycut_hx0.5_hz0.2	4	chain_up	0.8	p3d_y_hx0.5_hz0.2_L4_up	/pscratch/sd/s/sanzharb/tc_nqs/phase3d/ycuts/ycut_hx0.5_hz0.2/L4	2026-09-17T21:36:47Z
58485373	y	ycut_hx0.5_hz0.2	4	chain_up	0.9	p3d_y_hx0.5_hz0.2_L4_up	/pscratch/sd/s/sanzharb/tc_nqs/phase3d/ycuts/ycut_hx0.5_hz0.2/L4	2026-09-17T21:36:47Z
58485373	y	ycut_hx0.5_hz0.2	4	chain_up	1.0	p3d_y_hx0.5_hz0.2_L4_up	/pscratch/sd/s/sanzharb/tc_nqs/phase3d/ycuts/ycut_hx0.5_hz0.2/L4	2026-09-17T21:36:47Z
58485373	y	ycut_hx0.5_hz0.2	4	chain_up	1.05	p3d_y_hx0.5_hz0.2_L4_up	/pscratch/sd/s/sanzharb/tc_nqs/phase3d/ycuts/ycut_hx0.5_hz0.2/L4	2026-09-17T21:36:47Z
58485373	y	ycut_hx0.5_hz0.2	4	chain_up	1.1	p3d_y_hx0.5_hz0.2_L4_up	/pscratch/sd/s/sanzharb/tc_nqs/phase3d/ycuts/ycut_hx0.5_hz0.2/L4	2026-09-17T21:36:47Z
58485373	y	ycut_hx0.5_hz0.2	4	chain_up	1.15	p3d_y_hx0.5_hz0.2_L4_up	/pscratch/sd/s/sanzharb/tc_nqs/phase3d/ycuts/ycut_hx0.5_hz0.2/L4	2026-09-17T21:36:47Z
58485373	y	ycut_hx0.5_hz0.2	4	chain_up	1.2	p3d_y_hx0.5_hz0.2_L4_up	/pscratch/sd/s/sanzharb/tc_nqs/phase3d/ycuts/ycut_hx0.5_hz0.2/L4	2026-09-17T21:36:47Z
58485373	y	ycut_hx0.5_hz0.2	4	chain_up	1.25	p3d_y_hx0.5_hz0.2_L4_up	/pscratch/sd/s/sanzharb/tc_nqs/phase3d/ycuts/ycut_hx0.5_hz0.2/L4	2026-09-17T21:36:47Z
58485373	y	ycut_hx0.5_hz0.2	4	chain_up	1.3	p3d_y_hx0.5_hz0.2_L4_up	/pscratch/sd/s/sanzharb/tc_nqs/phase3d/ycuts/ycut_hx0.5_hz0.2/L4	2026-09-17T21:36:47Z
58485374	y	ycut_hx0.5_hz0.2	4	chain_dn	1.5	p3d_y_hx0.5_hz0.2_L4_dn	/pscratch/sd/s/sanzharb/tc_nqs/phase3d/ycuts/ycut_hx0.5_hz0.2/L4	2026-09-17T21:36:47Z
58485374	y	ycut_hx0.5_hz0.2	4	chain_dn	1.4	p3d_y_hx0.5_hz0.2_L4_dn	/pscratch/sd/s/sanzharb/tc_nqs/phase3d/ycuts/ycut_hx0.5_hz0.2/L4	2026-09-17T21:36:47Z
58485374	y	ycut_hx0.5_hz0.2	4	chain_dn	1.3	p3d_y_hx0.5_hz0.2_L4_dn	/pscratch/sd/s/sanzharb/tc_nqs/phase3d/ycuts/ycut_hx0.5_hz0.2/L4	2026-09-17T21:36:47Z
58485374	y	ycut_hx0.5_hz0.2	4	chain_dn	1.25	p3d_y_hx0.5_hz0.2_L4_dn	/pscratch/sd/s/sanzharb/tc_nqs/phase3d/ycuts/ycut_hx0.5_hz0.2/L4	2026-09-17T21:36:47Z
58485374	y	ycut_hx0.5_hz0.2	4	chain_dn	1.2	p3d_y_hx0.5_hz0.2_L4_dn	/pscratch/sd/s/sanzharb/tc_nqs/phase3d/ycuts/ycut_hx0.5_hz0.2/L4	2026-09-17T21:36:47Z
58485374	y	ycut_hx0.5_hz0.2	4	chain_dn	1.15	p3d_y_hx0.5_hz0.2_L4_dn	/pscratch/sd/s/sanzharb/tc_nqs/phase3d/ycuts/ycut_hx0.5_hz0.2/L4	2026-09-17T21:36:47Z
58485374	y	ycut_hx0.5_hz0.2	4	chain_dn	1.1	p3d_y_hx0.5_hz0.2_L4_dn	/pscratch/sd/s/sanzharb/tc_nqs/phase3d/ycuts/ycut_hx0.5_hz0.2/L4	2026-09-17T21:36:47Z
58485374	y	ycut_hx0.5_hz0.2	4	chain_dn	1.05	p3d_y_hx0.5_hz0.2_L4_dn	/pscratch/sd/s/sanzharb/tc_nqs/phase3d/ycuts/ycut_hx0.5_hz0.2/L4	2026-09-17T21:36:47Z
58485374	y	ycut_hx0.5_hz0.2	4	chain_dn	1.0	p3d_y_hx0.5_hz0.2_L4_dn	/pscratch/sd/s/sanzharb/tc_nqs/phase3d/ycuts/ycut_hx0.5_hz0.2/L4	2026-09-17T21:36:47Z
58485376	y	ycut_hx0.8_hz0	4	chain_up	0.6	p3d_y_hx0.8_hz0_L4_up	/pscratch/sd/s/sanzharb/tc_nqs/phase3d/ycuts/ycut_hx0.8_hz0/L4	2026-09-17T21:36:47Z
58485376	y	ycut_hx0.8_hz0	4	chain_up	0.7	p3d_y_hx0.8_hz0_L4_up	/pscratch/sd/s/sanzharb/tc_nqs/phase3d/ycuts/ycut_hx0.8_hz0/L4	2026-09-17T21:36:47Z
58485376	y	ycut_hx0.8_hz0	4	chain_up	0.8	p3d_y_hx0.8_hz0_L4_up	/pscratch/sd/s/sanzharb/tc_nqs/phase3d/ycuts/ycut_hx0.8_hz0/L4	2026-09-17T21:36:47Z
58485376	y	ycut_hx0.8_hz0	4	chain_up	0.9	p3d_y_hx0.8_hz0_L4_up	/pscratch/sd/s/sanzharb/tc_nqs/phase3d/ycuts/ycut_hx0.8_hz0/L4	2026-09-17T21:36:47Z
58485376	y	ycut_hx0.8_hz0	4	chain_up	1.0	p3d_y_hx0.8_hz0_L4_up	/pscratch/sd/s/sanzharb/tc_nqs/phase3d/ycuts/ycut_hx0.8_hz0/L4	2026-09-17T21:36:47Z
58485376	y	ycut_hx0.8_hz0	4	chain_up	1.05	p3d_y_hx0.8_hz0_L4_up	/pscratch/sd/s/sanzharb/tc_nqs/phase3d/ycuts/ycut_hx0.8_hz0/L4	2026-09-17T21:36:47Z
58485376	y	ycut_hx0.8_hz0	4	chain_up	1.1	p3d_y_hx0.8_hz0_L4_up	/pscratch/sd/s/sanzharb/tc_nqs/phase3d/ycuts/ycut_hx0.8_hz0/L4	2026-09-17T21:36:47Z
58485376	y	ycut_hx0.8_hz0	4	chain_up	1.15	p3d_y_hx0.8_hz0_L4_up	/pscratch/sd/s/sanzharb/tc_nqs/phase3d/ycuts/ycut_hx0.8_hz0/L4	2026-09-17T21:36:47Z
58485376	y	ycut_hx0.8_hz0	4	chain_up	1.2	p3d_y_hx0.8_hz0_L4_up	/pscratch/sd/s/sanzharb/tc_nqs/phase3d/ycuts/ycut_hx0.8_hz0/L4	2026-09-17T21:36:47Z
58485376	y	ycut_hx0.8_hz0	4	chain_up	1.25	p3d_y_hx0.8_hz0_L4_up	/pscratch/sd/s/sanzharb/tc_nqs/phase3d/ycuts/ycut_hx0.8_hz0/L4	2026-09-17T21:36:47Z
58485376	y	ycut_hx0.8_hz0	4	chain_up	1.3	p3d_y_hx0.8_hz0_L4_up	/pscratch/sd/s/sanzharb/tc_nqs/phase3d/ycuts/ycut_hx0.8_hz0/L4	2026-09-17T21:36:47Z
58485377	y	ycut_hx0.8_hz0	4	chain_dn	1.5	p3d_y_hx0.8_hz0_L4_dn	/pscratch/sd/s/sanzharb/tc_nqs/phase3d/ycuts/ycut_hx0.8_hz0/L4	2026-09-17T21:36:47Z
58485377	y	ycut_hx0.8_hz0	4	chain_dn	1.4	p3d_y_hx0.8_hz0_L4_dn	/pscratch/sd/s/sanzharb/tc_nqs/phase3d/ycuts/ycut_hx0.8_hz0/L4	2026-09-17T21:36:47Z
58485377	y	ycut_hx0.8_hz0	4	chain_dn	1.3	p3d_y_hx0.8_hz0_L4_dn	/pscratch/sd/s/sanzharb/tc_nqs/phase3d/ycuts/ycut_hx0.8_hz0/L4	2026-09-17T21:36:47Z
58485377	y	ycut_hx0.8_hz0	4	chain_dn	1.25	p3d_y_hx0.8_hz0_L4_dn	/pscratch/sd/s/sanzharb/tc_nqs/phase3d/ycuts/ycut_hx0.8_hz0/L4	2026-09-17T21:36:47Z
58485377	y	ycut_hx0.8_hz0	4	chain_dn	1.2	p3d_y_hx0.8_hz0_L4_dn	/pscratch/sd/s/sanzharb/tc_nqs/phase3d/ycuts/ycut_hx0.8_hz0/L4	2026-09-17T21:36:47Z
58485377	y	ycut_hx0.8_hz0	4	chain_dn	1.15	p3d_y_hx0.8_hz0_L4_dn	/pscratch/sd/s/sanzharb/tc_nqs/phase3d/ycuts/ycut_hx0.8_hz0/L4	2026-09-17T21:36:47Z
58485377	y	ycut_hx0.8_hz0	4	chain_dn	1.1	p3d_y_hx0.8_hz0_L4_dn	/pscratch/sd/s/sanzharb/tc_nqs/phase3d/ycuts/ycut_hx0.8_hz0/L4	2026-09-17T21:36:47Z
58485377	y	ycut_hx0.8_hz0	4	chain_dn	1.05	p3d_y_hx0.8_hz0_L4_dn	/pscratch/sd/s/sanzharb/tc_nqs/phase3d/ycuts/ycut_hx0.8_hz0/L4	2026-09-17T21:36:47Z
58485377	y	ycut_hx0.8_hz0	4	chain_dn	1.0	p3d_y_hx0.8_hz0_L4_dn	/pscratch/sd/s/sanzharb/tc_nqs/phase3d/ycuts/ycut_hx0.8_hz0/L4	2026-09-17T21:36:47Z
58485378	y	ycut_hx0.8_hz0.1	4	chain_up	0.6	p3d_y_hx0.8_hz0.1_L4_up	/pscratch/sd/s/sanzharb/tc_nqs/phase3d/ycuts/ycut_hx0.8_hz0.1/L4	2026-09-17T21:36:47Z
58485378	y	ycut_hx0.8_hz0.1	4	chain_up	0.7	p3d_y_hx0.8_hz0.1_L4_up	/pscratch/sd/s/sanzharb/tc_nqs/phase3d/ycuts/ycut_hx0.8_hz0.1/L4	2026-09-17T21:36:47Z
58485378	y	ycut_hx0.8_hz0.1	4	chain_up	0.8	p3d_y_hx0.8_hz0.1_L4_up	/pscratch/sd/s/sanzharb/tc_nqs/phase3d/ycuts/ycut_hx0.8_hz0.1/L4	2026-09-17T21:36:47Z
58485378	y	ycut_hx0.8_hz0.1	4	chain_up	0.9	p3d_y_hx0.8_hz0.1_L4_up	/pscratch/sd/s/sanzharb/tc_nqs/phase3d/ycuts/ycut_hx0.8_hz0.1/L4	2026-09-17T21:36:47Z
58485378	y	ycut_hx0.8_hz0.1	4	chain_up	1.0	p3d_y_hx0.8_hz0.1_L4_up	/pscratch/sd/s/sanzharb/tc_nqs/phase3d/ycuts/ycut_hx0.8_hz0.1/L4	2026-09-17T21:36:47Z
58485378	y	ycut_hx0.8_hz0.1	4	chain_up	1.05	p3d_y_hx0.8_hz0.1_L4_up	/pscratch/sd/s/sanzharb/tc_nqs/phase3d/ycuts/ycut_hx0.8_hz0.1/L4	2026-09-17T21:36:47Z
58485378	y	ycut_hx0.8_hz0.1	4	chain_up	1.1	p3d_y_hx0.8_hz0.1_L4_up	/pscratch/sd/s/sanzharb/tc_nqs/phase3d/ycuts/ycut_hx0.8_hz0.1/L4	2026-09-17T21:36:47Z
58485378	y	ycut_hx0.8_hz0.1	4	chain_up	1.15	p3d_y_hx0.8_hz0.1_L4_up	/pscratch/sd/s/sanzharb/tc_nqs/phase3d/ycuts/ycut_hx0.8_hz0.1/L4	2026-09-17T21:36:47Z
58485378	y	ycut_hx0.8_hz0.1	4	chain_up	1.2	p3d_y_hx0.8_hz0.1_L4_up	/pscratch/sd/s/sanzharb/tc_nqs/phase3d/ycuts/ycut_hx0.8_hz0.1/L4	2026-09-17T21:36:47Z
58485378	y	ycut_hx0.8_hz0.1	4	chain_up	1.25	p3d_y_hx0.8_hz0.1_L4_up	/pscratch/sd/s/sanzharb/tc_nqs/phase3d/ycuts/ycut_hx0.8_hz0.1/L4	2026-09-17T21:36:47Z
58485378	y	ycut_hx0.8_hz0.1	4	chain_up	1.3	p3d_y_hx0.8_hz0.1_L4_up	/pscratch/sd/s/sanzharb/tc_nqs/phase3d/ycuts/ycut_hx0.8_hz0.1/L4	2026-09-17T21:36:47Z
58485379	y	ycut_hx0.8_hz0.1	4	chain_dn	1.5	p3d_y_hx0.8_hz0.1_L4_dn	/pscratch/sd/s/sanzharb/tc_nqs/phase3d/ycuts/ycut_hx0.8_hz0.1/L4	2026-09-17T21:36:47Z
58485379	y	ycut_hx0.8_hz0.1	4	chain_dn	1.4	p3d_y_hx0.8_hz0.1_L4_dn	/pscratch/sd/s/sanzharb/tc_nqs/phase3d/ycuts/ycut_hx0.8_hz0.1/L4	2026-09-17T21:36:47Z
58485379	y	ycut_hx0.8_hz0.1	4	chain_dn	1.3	p3d_y_hx0.8_hz0.1_L4_dn	/pscratch/sd/s/sanzharb/tc_nqs/phase3d/ycuts/ycut_hx0.8_hz0.1/L4	2026-09-17T21:36:47Z
58485379	y	ycut_hx0.8_hz0.1	4	chain_dn	1.25	p3d_y_hx0.8_hz0.1_L4_dn	/pscratch/sd/s/sanzharb/tc_nqs/phase3d/ycuts/ycut_hx0.8_hz0.1/L4	2026-09-17T21:36:47Z
58485379	y	ycut_hx0.8_hz0.1	4	chain_dn	1.2	p3d_y_hx0.8_hz0.1_L4_dn	/pscratch/sd/s/sanzharb/tc_nqs/phase3d/ycuts/ycut_hx0.8_hz0.1/L4	2026-09-17T21:36:47Z
58485379	y	ycut_hx0.8_hz0.1	4	chain_dn	1.15	p3d_y_hx0.8_hz0.1_L4_dn	/pscratch/sd/s/sanzharb/tc_nqs/phase3d/ycuts/ycut_hx0.8_hz0.1/L4	2026-09-17T21:36:47Z
58485379	y	ycut_hx0.8_hz0.1	4	chain_dn	1.1	p3d_y_hx0.8_hz0.1_L4_dn	/pscratch/sd/s/sanzharb/tc_nqs/phase3d/ycuts/ycut_hx0.8_hz0.1/L4	2026-09-17T21:36:47Z
58485379	y	ycut_hx0.8_hz0.1	4	chain_dn	1.05	p3d_y_hx0.8_hz0.1_L4_dn	/pscratch/sd/s/sanzharb/tc_nqs/phase3d/ycuts/ycut_hx0.8_hz0.1/L4	2026-09-17T21:36:47Z
58485379	y	ycut_hx0.8_hz0.1	4	chain_dn	1.0	p3d_y_hx0.8_hz0.1_L4_dn	/pscratch/sd/s/sanzharb/tc_nqs/phase3d/ycuts/ycut_hx0.8_hz0.1/L4	2026-09-17T21:36:47Z
58485380	y	ycut_hx0.8_hz0.2	4	chain_up	0.6	p3d_y_hx0.8_hz0.2_L4_up	/pscratch/sd/s/sanzharb/tc_nqs/phase3d/ycuts/ycut_hx0.8_hz0.2/L4	2026-09-17T21:36:48Z
58485380	y	ycut_hx0.8_hz0.2	4	chain_up	0.7	p3d_y_hx0.8_hz0.2_L4_up	/pscratch/sd/s/sanzharb/tc_nqs/phase3d/ycuts/ycut_hx0.8_hz0.2/L4	2026-09-17T21:36:48Z
58485380	y	ycut_hx0.8_hz0.2	4	chain_up	0.8	p3d_y_hx0.8_hz0.2_L4_up	/pscratch/sd/s/sanzharb/tc_nqs/phase3d/ycuts/ycut_hx0.8_hz0.2/L4	2026-09-17T21:36:48Z
58485380	y	ycut_hx0.8_hz0.2	4	chain_up	0.9	p3d_y_hx0.8_hz0.2_L4_up	/pscratch/sd/s/sanzharb/tc_nqs/phase3d/ycuts/ycut_hx0.8_hz0.2/L4	2026-09-17T21:36:48Z
58485380	y	ycut_hx0.8_hz0.2	4	chain_up	1.0	p3d_y_hx0.8_hz0.2_L4_up	/pscratch/sd/s/sanzharb/tc_nqs/phase3d/ycuts/ycut_hx0.8_hz0.2/L4	2026-09-17T21:36:48Z
58485380	y	ycut_hx0.8_hz0.2	4	chain_up	1.05	p3d_y_hx0.8_hz0.2_L4_up	/pscratch/sd/s/sanzharb/tc_nqs/phase3d/ycuts/ycut_hx0.8_hz0.2/L4	2026-09-17T21:36:48Z
58485380	y	ycut_hx0.8_hz0.2	4	chain_up	1.1	p3d_y_hx0.8_hz0.2_L4_up	/pscratch/sd/s/sanzharb/tc_nqs/phase3d/ycuts/ycut_hx0.8_hz0.2/L4	2026-09-17T21:36:48Z
58485380	y	ycut_hx0.8_hz0.2	4	chain_up	1.15	p3d_y_hx0.8_hz0.2_L4_up	/pscratch/sd/s/sanzharb/tc_nqs/phase3d/ycuts/ycut_hx0.8_hz0.2/L4	2026-09-17T21:36:48Z
58485380	y	ycut_hx0.8_hz0.2	4	chain_up	1.2	p3d_y_hx0.8_hz0.2_L4_up	/pscratch/sd/s/sanzharb/tc_nqs/phase3d/ycuts/ycut_hx0.8_hz0.2/L4	2026-09-17T21:36:48Z
58485380	y	ycut_hx0.8_hz0.2	4	chain_up	1.25	p3d_y_hx0.8_hz0.2_L4_up	/pscratch/sd/s/sanzharb/tc_nqs/phase3d/ycuts/ycut_hx0.8_hz0.2/L4	2026-09-17T21:36:48Z
58485380	y	ycut_hx0.8_hz0.2	4	chain_up	1.3	p3d_y_hx0.8_hz0.2_L4_up	/pscratch/sd/s/sanzharb/tc_nqs/phase3d/ycuts/ycut_hx0.8_hz0.2/L4	2026-09-17T21:36:48Z
58485384	y	ycut_hx0_hz0.4	4	chain_up	0.6	p3d_y_hx0_hz0.4_L4_up	/pscratch/sd/s/sanzharb/tc_nqs/phase3d/ycuts/ycut_hx0_hz0.4/L4	2026-09-17T21:36:48Z
58485384	y	ycut_hx0_hz0.4	4	chain_up	0.7	p3d_y_hx0_hz0.4_L4_up	/pscratch/sd/s/sanzharb/tc_nqs/phase3d/ycuts/ycut_hx0_hz0.4/L4	2026-09-17T21:36:48Z
58485384	y	ycut_hx0_hz0.4	4	chain_up	0.8	p3d_y_hx0_hz0.4_L4_up	/pscratch/sd/s/sanzharb/tc_nqs/phase3d/ycuts/ycut_hx0_hz0.4/L4	2026-09-17T21:36:48Z
58485384	y	ycut_hx0_hz0.4	4	chain_up	0.9	p3d_y_hx0_hz0.4_L4_up	/pscratch/sd/s/sanzharb/tc_nqs/phase3d/ycuts/ycut_hx0_hz0.4/L4	2026-09-17T21:36:48Z
58485384	y	ycut_hx0_hz0.4	4	chain_up	1.0	p3d_y_hx0_hz0.4_L4_up	/pscratch/sd/s/sanzharb/tc_nqs/phase3d/ycuts/ycut_hx0_hz0.4/L4	2026-09-17T21:36:48Z
58485384	y	ycut_hx0_hz0.4	4	chain_up	1.05	p3d_y_hx0_hz0.4_L4_up	/pscratch/sd/s/sanzharb/tc_nqs/phase3d/ycuts/ycut_hx0_hz0.4/L4	2026-09-17T21:36:48Z
58485384	y	ycut_hx0_hz0.4	4	chain_up	1.1	p3d_y_hx0_hz0.4_L4_up	/pscratch/sd/s/sanzharb/tc_nqs/phase3d/ycuts/ycut_hx0_hz0.4/L4	2026-09-17T21:36:48Z
58485384	y	ycut_hx0_hz0.4	4	chain_up	1.15	p3d_y_hx0_hz0.4_L4_up	/pscratch/sd/s/sanzharb/tc_nqs/phase3d/ycuts/ycut_hx0_hz0.4/L4	2026-09-17T21:36:48Z
58485384	y	ycut_hx0_hz0.4	4	chain_up	1.2	p3d_y_hx0_hz0.4_L4_up	/pscratch/sd/s/sanzharb/tc_nqs/phase3d/ycuts/ycut_hx0_hz0.4/L4	2026-09-17T21:36:48Z
58485384	y	ycut_hx0_hz0.4	4	chain_up	1.25	p3d_y_hx0_hz0.4_L4_up	/pscratch/sd/s/sanzharb/tc_nqs/phase3d/ycuts/ycut_hx0_hz0.4/L4	2026-09-17T21:36:48Z
58485384	y	ycut_hx0_hz0.4	4	chain_up	1.3	p3d_y_hx0_hz0.4_L4_up	/pscratch/sd/s/sanzharb/tc_nqs/phase3d/ycuts/ycut_hx0_hz0.4/L4	2026-09-17T21:36:48Z
58485385	y	ycut_hx0_hz0.4	4	chain_dn	1.5	p3d_y_hx0_hz0.4_L4_dn	/pscratch/sd/s/sanzharb/tc_nqs/phase3d/ycuts/ycut_hx0_hz0.4/L4	2026-09-17T21:36:48Z
58485385	y	ycut_hx0_hz0.4	4	chain_dn	1.4	p3d_y_hx0_hz0.4_L4_dn	/pscratch/sd/s/sanzharb/tc_nqs/phase3d/ycuts/ycut_hx0_hz0.4/L4	2026-09-17T21:36:48Z
58485385	y	ycut_hx0_hz0.4	4	chain_dn	1.3	p3d_y_hx0_hz0.4_L4_dn	/pscratch/sd/s/sanzharb/tc_nqs/phase3d/ycuts/ycut_hx0_hz0.4/L4	2026-09-17T21:36:48Z
58485385	y	ycut_hx0_hz0.4	4	chain_dn	1.25	p3d_y_hx0_hz0.4_L4_dn	/pscratch/sd/s/sanzharb/tc_nqs/phase3d/ycuts/ycut_hx0_hz0.4/L4	2026-09-17T21:36:48Z
58485385	y	ycut_hx0_hz0.4	4	chain_dn	1.2	p3d_y_hx0_hz0.4_L4_dn	/pscratch/sd/s/sanzharb/tc_nqs/phase3d/ycuts/ycut_hx0_hz0.4/L4	2026-09-17T21:36:48Z
58485385	y	ycut_hx0_hz0.4	4	chain_dn	1.15	p3d_y_hx0_hz0.4_L4_dn	/pscratch/sd/s/sanzharb/tc_nqs/phase3d/ycuts/ycut_hx0_hz0.4/L4	2026-09-17T21:36:48Z
58485385	y	ycut_hx0_hz0.4	4	chain_dn	1.1	p3d_y_hx0_hz0.4_L4_dn	/pscratch/sd/s/sanzharb/tc_nqs/phase3d/ycuts/ycut_hx0_hz0.4/L4	2026-09-17T21:36:48Z
58485385	y	ycut_hx0_hz0.4	4	chain_dn	1.05	p3d_y_hx0_hz0.4_L4_dn	/pscratch/sd/s/sanzharb/tc_nqs/phase3d/ycuts/ycut_hx0_hz0.4/L4	2026-09-17T21:36:48Z
58485385	y	ycut_hx0_hz0.4	4	chain_dn	1.0	p3d_y_hx0_hz0.4_L4_dn	/pscratch/sd/s/sanzharb/tc_nqs/phase3d/ycuts/ycut_hx0_hz0.4/L4	2026-09-17T21:36:48Z
58485386	y	ycut_hx0_hz0.55	4	chain_up	0.6	p3d_y_hx0_hz0.55_L4_up	/pscratch/sd/s/sanzharb/tc_nqs/phase3d/ycuts/ycut_hx0_hz0.55/L4	2026-09-17T21:36:48Z
58485386	y	ycut_hx0_hz0.55	4	chain_up	0.7	p3d_y_hx0_hz0.55_L4_up	/pscratch/sd/s/sanzharb/tc_nqs/phase3d/ycuts/ycut_hx0_hz0.55/L4	2026-09-17T21:36:48Z
58485386	y	ycut_hx0_hz0.55	4	chain_up	0.8	p3d_y_hx0_hz0.55_L4_up	/pscratch/sd/s/sanzharb/tc_nqs/phase3d/ycuts/ycut_hx0_hz0.55/L4	2026-09-17T21:36:48Z
58485386	y	ycut_hx0_hz0.55	4	chain_up	0.9	p3d_y_hx0_hz0.55_L4_up	/pscratch/sd/s/sanzharb/tc_nqs/phase3d/ycuts/ycut_hx0_hz0.55/L4	2026-09-17T21:36:48Z
58485386	y	ycut_hx0_hz0.55	4	chain_up	1.0	p3d_y_hx0_hz0.55_L4_up	/pscratch/sd/s/sanzharb/tc_nqs/phase3d/ycuts/ycut_hx0_hz0.55/L4	2026-09-17T21:36:48Z
58485386	y	ycut_hx0_hz0.55	4	chain_up	1.05	p3d_y_hx0_hz0.55_L4_up	/pscratch/sd/s/sanzharb/tc_nqs/phase3d/ycuts/ycut_hx0_hz0.55/L4	2026-09-17T21:36:48Z
58485386	y	ycut_hx0_hz0.55	4	chain_up	1.1	p3d_y_hx0_hz0.55_L4_up	/pscratch/sd/s/sanzharb/tc_nqs/phase3d/ycuts/ycut_hx0_hz0.55/L4	2026-09-17T21:36:48Z
58485386	y	ycut_hx0_hz0.55	4	chain_up	1.15	p3d_y_hx0_hz0.55_L4_up	/pscratch/sd/s/sanzharb/tc_nqs/phase3d/ycuts/ycut_hx0_hz0.55/L4	2026-09-17T21:36:48Z
58485386	y	ycut_hx0_hz0.55	4	chain_up	1.2	p3d_y_hx0_hz0.55_L4_up	/pscratch/sd/s/sanzharb/tc_nqs/phase3d/ycuts/ycut_hx0_hz0.55/L4	2026-09-17T21:36:48Z
58485386	y	ycut_hx0_hz0.55	4	chain_up	1.25	p3d_y_hx0_hz0.55_L4_up	/pscratch/sd/s/sanzharb/tc_nqs/phase3d/ycuts/ycut_hx0_hz0.55/L4	2026-09-17T21:36:48Z
58485386	y	ycut_hx0_hz0.55	4	chain_up	1.3	p3d_y_hx0_hz0.55_L4_up	/pscratch/sd/s/sanzharb/tc_nqs/phase3d/ycuts/ycut_hx0_hz0.55/L4	2026-09-17T21:36:48Z
58485388	y	ycut_hx0_hz0.7	4	chain_up	0.6	p3d_y_hx0_hz0.7_L4_up	/pscratch/sd/s/sanzharb/tc_nqs/phase3d/ycuts/ycut_hx0_hz0.7/L4	2026-09-17T21:36:48Z
58485388	y	ycut_hx0_hz0.7	4	chain_up	0.7	p3d_y_hx0_hz0.7_L4_up	/pscratch/sd/s/sanzharb/tc_nqs/phase3d/ycuts/ycut_hx0_hz0.7/L4	2026-09-17T21:36:48Z
58485388	y	ycut_hx0_hz0.7	4	chain_up	0.8	p3d_y_hx0_hz0.7_L4_up	/pscratch/sd/s/sanzharb/tc_nqs/phase3d/ycuts/ycut_hx0_hz0.7/L4	2026-09-17T21:36:48Z
58485388	y	ycut_hx0_hz0.7	4	chain_up	0.9	p3d_y_hx0_hz0.7_L4_up	/pscratch/sd/s/sanzharb/tc_nqs/phase3d/ycuts/ycut_hx0_hz0.7/L4	2026-09-17T21:36:48Z
58485388	y	ycut_hx0_hz0.7	4	chain_up	1.0	p3d_y_hx0_hz0.7_L4_up	/pscratch/sd/s/sanzharb/tc_nqs/phase3d/ycuts/ycut_hx0_hz0.7/L4	2026-09-17T21:36:48Z
58485388	y	ycut_hx0_hz0.7	4	chain_up	1.05	p3d_y_hx0_hz0.7_L4_up	/pscratch/sd/s/sanzharb/tc_nqs/phase3d/ycuts/ycut_hx0_hz0.7/L4	2026-09-17T21:36:48Z
58485388	y	ycut_hx0_hz0.7	4	chain_up	1.1	p3d_y_hx0_hz0.7_L4_up	/pscratch/sd/s/sanzharb/tc_nqs/phase3d/ycuts/ycut_hx0_hz0.7/L4	2026-09-17T21:36:48Z
58485388	y	ycut_hx0_hz0.7	4	chain_up	1.15	p3d_y_hx0_hz0.7_L4_up	/pscratch/sd/s/sanzharb/tc_nqs/phase3d/ycuts/ycut_hx0_hz0.7/L4	2026-09-17T21:36:48Z
58485388	y	ycut_hx0_hz0.7	4	chain_up	1.2	p3d_y_hx0_hz0.7_L4_up	/pscratch/sd/s/sanzharb/tc_nqs/phase3d/ycuts/ycut_hx0_hz0.7/L4	2026-09-17T21:36:48Z
58485388	y	ycut_hx0_hz0.7	4	chain_up	1.25	p3d_y_hx0_hz0.7_L4_up	/pscratch/sd/s/sanzharb/tc_nqs/phase3d/ycuts/ycut_hx0_hz0.7/L4	2026-09-17T21:36:48Z
58485388	y	ycut_hx0_hz0.7	4	chain_up	1.3	p3d_y_hx0_hz0.7_L4_up	/pscratch/sd/s/sanzharb/tc_nqs/phase3d/ycuts/ycut_hx0_hz0.7/L4	2026-09-17T21:36:48Z
58485394	y	ycut_hx0_hz0.7	4	chain_dn	1.5	p3d_y_hx0_hz0.7_L4_dn	/pscratch/sd/s/sanzharb/tc_nqs/phase3d/ycuts/ycut_hx0_hz0.7/L4	2026-09-17T21:36:51Z
58485394	y	ycut_hx0_hz0.7	4	chain_dn	1.4	p3d_y_hx0_hz0.7_L4_dn	/pscratch/sd/s/sanzharb/tc_nqs/phase3d/ycuts/ycut_hx0_hz0.7/L4	2026-09-17T21:36:51Z
58485394	y	ycut_hx0_hz0.7	4	chain_dn	1.3	p3d_y_hx0_hz0.7_L4_dn	/pscratch/sd/s/sanzharb/tc_nqs/phase3d/ycuts/ycut_hx0_hz0.7/L4	2026-09-17T21:36:51Z
58485394	y	ycut_hx0_hz0.7	4	chain_dn	1.25	p3d_y_hx0_hz0.7_L4_dn	/pscratch/sd/s/sanzharb/tc_nqs/phase3d/ycuts/ycut_hx0_hz0.7/L4	2026-09-17T21:36:51Z
58485394	y	ycut_hx0_hz0.7	4	chain_dn	1.2	p3d_y_hx0_hz0.7_L4_dn	/pscratch/sd/s/sanzharb/tc_nqs/phase3d/ycuts/ycut_hx0_hz0.7/L4	2026-09-17T21:36:51Z
58485394	y	ycut_hx0_hz0.7	4	chain_dn	1.15	p3d_y_hx0_hz0.7_L4_dn	/pscratch/sd/s/sanzharb/tc_nqs/phase3d/ycuts/ycut_hx0_hz0.7/L4	2026-09-17T21:36:51Z
58485394	y	ycut_hx0_hz0.7	4	chain_dn	1.1	p3d_y_hx0_hz0.7_L4_dn	/pscratch/sd/s/sanzharb/tc_nqs/phase3d/ycuts/ycut_hx0_hz0.7/L4	2026-09-17T21:36:51Z
58485394	y	ycut_hx0_hz0.7	4	chain_dn	1.05	p3d_y_hx0_hz0.7_L4_dn	/pscratch/sd/s/sanzharb/tc_nqs/phase3d/ycuts/ycut_hx0_hz0.7/L4	2026-09-17T21:36:51Z
58485394	y	ycut_hx0_hz0.7	4	chain_dn	1.0	p3d_y_hx0_hz0.7_L4_dn	/pscratch/sd/s/sanzharb/tc_nqs/phase3d/ycuts/ycut_hx0_hz0.7/L4	2026-09-17T21:36:51Z
58485397	y	ycut_hx1_hz0	4	chain_up	0.6	p3d_y_hx1_hz0_L4_up	/pscratch/sd/s/sanzharb/tc_nqs/phase3d/ycuts/ycut_hx1_hz0/L4	2026-09-17T21:36:51Z
58485397	y	ycut_hx1_hz0	4	chain_up	0.7	p3d_y_hx1_hz0_L4_up	/pscratch/sd/s/sanzharb/tc_nqs/phase3d/ycuts/ycut_hx1_hz0/L4	2026-09-17T21:36:51Z
58485397	y	ycut_hx1_hz0	4	chain_up	0.8	p3d_y_hx1_hz0_L4_up	/pscratch/sd/s/sanzharb/tc_nqs/phase3d/ycuts/ycut_hx1_hz0/L4	2026-09-17T21:36:51Z
58485397	y	ycut_hx1_hz0	4	chain_up	0.9	p3d_y_hx1_hz0_L4_up	/pscratch/sd/s/sanzharb/tc_nqs/phase3d/ycuts/ycut_hx1_hz0/L4	2026-09-17T21:36:51Z
58485397	y	ycut_hx1_hz0	4	chain_up	1.0	p3d_y_hx1_hz0_L4_up	/pscratch/sd/s/sanzharb/tc_nqs/phase3d/ycuts/ycut_hx1_hz0/L4	2026-09-17T21:36:51Z
58485397	y	ycut_hx1_hz0	4	chain_up	1.05	p3d_y_hx1_hz0_L4_up	/pscratch/sd/s/sanzharb/tc_nqs/phase3d/ycuts/ycut_hx1_hz0/L4	2026-09-17T21:36:51Z
58485397	y	ycut_hx1_hz0	4	chain_up	1.1	p3d_y_hx1_hz0_L4_up	/pscratch/sd/s/sanzharb/tc_nqs/phase3d/ycuts/ycut_hx1_hz0/L4	2026-09-17T21:36:52Z
58485397	y	ycut_hx1_hz0	4	chain_up	1.15	p3d_y_hx1_hz0_L4_up	/pscratch/sd/s/sanzharb/tc_nqs/phase3d/ycuts/ycut_hx1_hz0/L4	2026-09-17T21:36:52Z
58485397	y	ycut_hx1_hz0	4	chain_up	1.2	p3d_y_hx1_hz0_L4_up	/pscratch/sd/s/sanzharb/tc_nqs/phase3d/ycuts/ycut_hx1_hz0/L4	2026-09-17T21:36:52Z
58485397	y	ycut_hx1_hz0	4	chain_up	1.25	p3d_y_hx1_hz0_L4_up	/pscratch/sd/s/sanzharb/tc_nqs/phase3d/ycuts/ycut_hx1_hz0/L4	2026-09-17T21:36:52Z
58485397	y	ycut_hx1_hz0	4	chain_up	1.3	p3d_y_hx1_hz0_L4_up	/pscratch/sd/s/sanzharb/tc_nqs/phase3d/ycuts/ycut_hx1_hz0/L4	2026-09-17T21:36:52Z
58485398	y	ycut_hx1_hz0	4	chain_dn	1.5	p3d_y_hx1_hz0_L4_dn	/pscratch/sd/s/sanzharb/tc_nqs/phase3d/ycuts/ycut_hx1_hz0/L4	2026-09-17T21:36:52Z
58485398	y	ycut_hx1_hz0	4	chain_dn	1.4	p3d_y_hx1_hz0_L4_dn	/pscratch/sd/s/sanzharb/tc_nqs/phase3d/ycuts/ycut_hx1_hz0/L4	2026-09-17T21:36:52Z
58485398	y	ycut_hx1_hz0	4	chain_dn	1.3	p3d_y_hx1_hz0_L4_dn	/pscratch/sd/s/sanzharb/tc_nqs/phase3d/ycuts/ycut_hx1_hz0/L4	2026-09-17T21:36:52Z
58485398	y	ycut_hx1_hz0	4	chain_dn	1.25	p3d_y_hx1_hz0_L4_dn	/pscratch/sd/s/sanzharb/tc_nqs/phase3d/ycuts/ycut_hx1_hz0/L4	2026-09-17T21:36:52Z
58485398	y	ycut_hx1_hz0	4	chain_dn	1.2	p3d_y_hx1_hz0_L4_dn	/pscratch/sd/s/sanzharb/tc_nqs/phase3d/ycuts/ycut_hx1_hz0/L4	2026-09-17T21:36:52Z
58485398	y	ycut_hx1_hz0	4	chain_dn	1.15	p3d_y_hx1_hz0_L4_dn	/pscratch/sd/s/sanzharb/tc_nqs/phase3d/ycuts/ycut_hx1_hz0/L4	2026-09-17T21:36:52Z
58485398	y	ycut_hx1_hz0	4	chain_dn	1.1	p3d_y_hx1_hz0_L4_dn	/pscratch/sd/s/sanzharb/tc_nqs/phase3d/ycuts/ycut_hx1_hz0/L4	2026-09-17T21:36:52Z
58485398	y	ycut_hx1_hz0	4	chain_dn	1.05	p3d_y_hx1_hz0_L4_dn	/pscratch/sd/s/sanzharb/tc_nqs/phase3d/ycuts/ycut_hx1_hz0/L4	2026-09-17T21:36:52Z
58485398	y	ycut_hx1_hz0	4	chain_dn	1.0	p3d_y_hx1_hz0_L4_dn	/pscratch/sd/s/sanzharb/tc_nqs/phase3d/ycuts/ycut_hx1_hz0/L4	2026-09-17T21:36:52Z
58485399	y	ycut_hx1.2_hz0	4	chain_up	0.6	p3d_y_hx1.2_hz0_L4_up	/pscratch/sd/s/sanzharb/tc_nqs/phase3d/ycuts/ycut_hx1.2_hz0/L4	2026-09-17T21:36:52Z
58485399	y	ycut_hx1.2_hz0	4	chain_up	0.7	p3d_y_hx1.2_hz0_L4_up	/pscratch/sd/s/sanzharb/tc_nqs/phase3d/ycuts/ycut_hx1.2_hz0/L4	2026-09-17T21:36:52Z
58485399	y	ycut_hx1.2_hz0	4	chain_up	0.8	p3d_y_hx1.2_hz0_L4_up	/pscratch/sd/s/sanzharb/tc_nqs/phase3d/ycuts/ycut_hx1.2_hz0/L4	2026-09-17T21:36:52Z
58485399	y	ycut_hx1.2_hz0	4	chain_up	0.9	p3d_y_hx1.2_hz0_L4_up	/pscratch/sd/s/sanzharb/tc_nqs/phase3d/ycuts/ycut_hx1.2_hz0/L4	2026-09-17T21:36:52Z
58485399	y	ycut_hx1.2_hz0	4	chain_up	1.0	p3d_y_hx1.2_hz0_L4_up	/pscratch/sd/s/sanzharb/tc_nqs/phase3d/ycuts/ycut_hx1.2_hz0/L4	2026-09-17T21:36:52Z
58485399	y	ycut_hx1.2_hz0	4	chain_up	1.05	p3d_y_hx1.2_hz0_L4_up	/pscratch/sd/s/sanzharb/tc_nqs/phase3d/ycuts/ycut_hx1.2_hz0/L4	2026-09-17T21:36:52Z
58485399	y	ycut_hx1.2_hz0	4	chain_up	1.1	p3d_y_hx1.2_hz0_L4_up	/pscratch/sd/s/sanzharb/tc_nqs/phase3d/ycuts/ycut_hx1.2_hz0/L4	2026-09-17T21:36:52Z
58485399	y	ycut_hx1.2_hz0	4	chain_up	1.15	p3d_y_hx1.2_hz0_L4_up	/pscratch/sd/s/sanzharb/tc_nqs/phase3d/ycuts/ycut_hx1.2_hz0/L4	2026-09-17T21:36:52Z
58485399	y	ycut_hx1.2_hz0	4	chain_up	1.2	p3d_y_hx1.2_hz0_L4_up	/pscratch/sd/s/sanzharb/tc_nqs/phase3d/ycuts/ycut_hx1.2_hz0/L4	2026-09-17T21:36:52Z
58485399	y	ycut_hx1.2_hz0	4	chain_up	1.25	p3d_y_hx1.2_hz0_L4_up	/pscratch/sd/s/sanzharb/tc_nqs/phase3d/ycuts/ycut_hx1.2_hz0/L4	2026-09-17T21:36:52Z
58485399	y	ycut_hx1.2_hz0	4	chain_up	1.3	p3d_y_hx1.2_hz0_L4_up	/pscratch/sd/s/sanzharb/tc_nqs/phase3d/ycuts/ycut_hx1.2_hz0/L4	2026-09-17T21:36:52Z
58489662	y	ycut_hx1.2_hz0	4	chain_dn	1.5	p3d_y_hx1.2_hz0_L4_dn	/pscratch/sd/s/sanzharb/tc_nqs/phase3d/ycuts/ycut_hx1.2_hz0/L4	2026-09-17T22:45:16Z
58489662	y	ycut_hx1.2_hz0	4	chain_dn	1.4	p3d_y_hx1.2_hz0_L4_dn	/pscratch/sd/s/sanzharb/tc_nqs/phase3d/ycuts/ycut_hx1.2_hz0/L4	2026-09-17T22:45:16Z
58489662	y	ycut_hx1.2_hz0	4	chain_dn	1.3	p3d_y_hx1.2_hz0_L4_dn	/pscratch/sd/s/sanzharb/tc_nqs/phase3d/ycuts/ycut_hx1.2_hz0/L4	2026-09-17T22:45:16Z
58489662	y	ycut_hx1.2_hz0	4	chain_dn	1.25	p3d_y_hx1.2_hz0_L4_dn	/pscratch/sd/s/sanzharb/tc_nqs/phase3d/ycuts/ycut_hx1.2_hz0/L4	2026-09-17T22:45:16Z
58489662	y	ycut_hx1.2_hz0	4	chain_dn	1.2	p3d_y_hx1.2_hz0_L4_dn	/pscratch/sd/s/sanzharb/tc_nqs/phase3d/ycuts/ycut_hx1.2_hz0/L4	2026-09-17T22:45:16Z
58489662	y	ycut_hx1.2_hz0	4	chain_dn	1.15	p3d_y_hx1.2_hz0_L4_dn	/pscratch/sd/s/sanzharb/tc_nqs/phase3d/ycuts/ycut_hx1.2_hz0/L4	2026-09-17T22:45:16Z
58489662	y	ycut_hx1.2_hz0	4	chain_dn	1.1	p3d_y_hx1.2_hz0_L4_dn	/pscratch/sd/s/sanzharb/tc_nqs/phase3d/ycuts/ycut_hx1.2_hz0/L4	2026-09-17T22:45:16Z
58489662	y	ycut_hx1.2_hz0	4	chain_dn	1.05	p3d_y_hx1.2_hz0_L4_dn	/pscratch/sd/s/sanzharb/tc_nqs/phase3d/ycuts/ycut_hx1.2_hz0/L4	2026-09-17T22:45:16Z
58489662	y	ycut_hx1.2_hz0	4	chain_dn	1.0	p3d_y_hx1.2_hz0_L4_dn	/pscratch/sd/s/sanzharb/tc_nqs/phase3d/ycuts/ycut_hx1.2_hz0/L4	2026-09-17T22:45:16Z
58489663	y	ycut_hx1.4_hz0	4	chain_up	0.6	p3d_y_hx1.4_hz0_L4_up	/pscratch/sd/s/sanzharb/tc_nqs/phase3d/ycuts/ycut_hx1.4_hz0/L4	2026-09-17T22:45:17Z
58489663	y	ycut_hx1.4_hz0	4	chain_up	0.7	p3d_y_hx1.4_hz0_L4_up	/pscratch/sd/s/sanzharb/tc_nqs/phase3d/ycuts/ycut_hx1.4_hz0/L4	2026-09-17T22:45:17Z
58489663	y	ycut_hx1.4_hz0	4	chain_up	0.8	p3d_y_hx1.4_hz0_L4_up	/pscratch/sd/s/sanzharb/tc_nqs/phase3d/ycuts/ycut_hx1.4_hz0/L4	2026-09-17T22:45:17Z
58489663	y	ycut_hx1.4_hz0	4	chain_up	0.9	p3d_y_hx1.4_hz0_L4_up	/pscratch/sd/s/sanzharb/tc_nqs/phase3d/ycuts/ycut_hx1.4_hz0/L4	2026-09-17T22:45:17Z
58489663	y	ycut_hx1.4_hz0	4	chain_up	1.0	p3d_y_hx1.4_hz0_L4_up	/pscratch/sd/s/sanzharb/tc_nqs/phase3d/ycuts/ycut_hx1.4_hz0/L4	2026-09-17T22:45:17Z
58489663	y	ycut_hx1.4_hz0	4	chain_up	1.05	p3d_y_hx1.4_hz0_L4_up	/pscratch/sd/s/sanzharb/tc_nqs/phase3d/ycuts/ycut_hx1.4_hz0/L4	2026-09-17T22:45:17Z
58489663	y	ycut_hx1.4_hz0	4	chain_up	1.1	p3d_y_hx1.4_hz0_L4_up	/pscratch/sd/s/sanzharb/tc_nqs/phase3d/ycuts/ycut_hx1.4_hz0/L4	2026-09-17T22:45:17Z
58489663	y	ycut_hx1.4_hz0	4	chain_up	1.15	p3d_y_hx1.4_hz0_L4_up	/pscratch/sd/s/sanzharb/tc_nqs/phase3d/ycuts/ycut_hx1.4_hz0/L4	2026-09-17T22:45:17Z
58489663	y	ycut_hx1.4_hz0	4	chain_up	1.2	p3d_y_hx1.4_hz0_L4_up	/pscratch/sd/s/sanzharb/tc_nqs/phase3d/ycuts/ycut_hx1.4_hz0/L4	2026-09-17T22:45:17Z
58489663	y	ycut_hx1.4_hz0	4	chain_up	1.25	p3d_y_hx1.4_hz0_L4_up	/pscratch/sd/s/sanzharb/tc_nqs/phase3d/ycuts/ycut_hx1.4_hz0/L4	2026-09-17T22:45:17Z
58489663	y	ycut_hx1.4_hz0	4	chain_up	1.3	p3d_y_hx1.4_hz0_L4_up	/pscratch/sd/s/sanzharb/tc_nqs/phase3d/ycuts/ycut_hx1.4_hz0/L4	2026-09-17T22:45:17Z
58493956	y	ycut_hx1.4_hz0	4	chain_dn	1.5	p3d_y_hx1.4_hz0_L4_dn	/pscratch/sd/s/sanzharb/tc_nqs/phase3d/ycuts/ycut_hx1.4_hz0/L4	2026-09-17T23:45:15Z
58493956	y	ycut_hx1.4_hz0	4	chain_dn	1.4	p3d_y_hx1.4_hz0_L4_dn	/pscratch/sd/s/sanzharb/tc_nqs/phase3d/ycuts/ycut_hx1.4_hz0/L4	2026-09-17T23:45:15Z
58493956	y	ycut_hx1.4_hz0	4	chain_dn	1.3	p3d_y_hx1.4_hz0_L4_dn	/pscratch/sd/s/sanzharb/tc_nqs/phase3d/ycuts/ycut_hx1.4_hz0/L4	2026-09-17T23:45:15Z
58493956	y	ycut_hx1.4_hz0	4	chain_dn	1.25	p3d_y_hx1.4_hz0_L4_dn	/pscratch/sd/s/sanzharb/tc_nqs/phase3d/ycuts/ycut_hx1.4_hz0/L4	2026-09-17T23:45:15Z
58493956	y	ycut_hx1.4_hz0	4	chain_dn	1.2	p3d_y_hx1.4_hz0_L4_dn	/pscratch/sd/s/sanzharb/tc_nqs/phase3d/ycuts/ycut_hx1.4_hz0/L4	2026-09-17T23:45:15Z
58493956	y	ycut_hx1.4_hz0	4	chain_dn	1.15	p3d_y_hx1.4_hz0_L4_dn	/pscratch/sd/s/sanzharb/tc_nqs/phase3d/ycuts/ycut_hx1.4_hz0/L4	2026-09-17T23:45:15Z
58493956	y	ycut_hx1.4_hz0	4	chain_dn	1.1	p3d_y_hx1.4_hz0_L4_dn	/pscratch/sd/s/sanzharb/tc_nqs/phase3d/ycuts/ycut_hx1.4_hz0/L4	2026-09-17T23:45:15Z
58493956	y	ycut_hx1.4_hz0	4	chain_dn	1.05	p3d_y_hx1.4_hz0_L4_dn	/pscratch/sd/s/sanzharb/tc_nqs/phase3d/ycuts/ycut_hx1.4_hz0/L4	2026-09-17T23:45:15Z
58493956	y	ycut_hx1.4_hz0	4	chain_dn	1.0	p3d_y_hx1.4_hz0_L4_dn	/pscratch/sd/s/sanzharb/tc_nqs/phase3d/ycuts/ycut_hx1.4_hz0/L4	2026-09-17T23:45:15Z
58506665	0.6	electric_hx0.65	4	cold	0.32	p3d_hy0.6_e0.65_L4	/pscratch/sd/s/sanzharb/tc_nqs/phase3d/hy0.6/electric_hx0.65/L4	2026-09-18T05:35:36Z
58511523	0.8	electric_hx0.8	4	cold	0.17	p3d_hy0.8_e0.8_L4	/pscratch/sd/s/sanzharb/tc_nqs/phase3d/hy0.8/electric_hx0.8/L4	2026-09-18T07:35:12Z
58515078	1.0	electric_hx0.65	4	cold	0.14	p3d_hy1.0_e0.65_L4	/pscratch/sd/s/sanzharb/tc_nqs/phase3d/hy1.0/electric_hx0.65/L4	2026-09-18T09:00:58Z
58515080	1.0	electric_hx0.8	4	cold	0.24	p3d_hy1.0_e0.8_L4	/pscratch/sd/s/sanzharb/tc_nqs/phase3d/hy1.0/electric_hx0.8/L4	2026-09-18T09:01:01Z
58521453	0.6	magnetic_hz0.0	4	chain_dn	1.25	p3d_hy0.6_m0.0_L4_dn	/pscratch/sd/s/sanzharb/tc_nqs/phase3d/hy0.6/magnetic_hz0.0/L4	2026-09-18T11:36:09Z
58533178	0.6	magnetic_hz0.0	4	chain_dn	1.0	p3d_hy0.6_m0.0_L4_dn	/pscratch/sd/s/sanzharb/tc_nqs/phase3d/hy0.6/magnetic_hz0.0/L4	2026-09-18T16:34:50Z
58533178	0.6	magnetic_hz0.0	4	chain_dn	0.95	p3d_hy0.6_m0.0_L4_dn	/pscratch/sd/s/sanzharb/tc_nqs/phase3d/hy0.6/magnetic_hz0.0/L4	2026-09-18T16:34:50Z
58533178	0.6	magnetic_hz0.0	4	chain_dn	0.9	p3d_hy0.6_m0.0_L4_dn	/pscratch/sd/s/sanzharb/tc_nqs/phase3d/hy0.6/magnetic_hz0.0/L4	2026-09-18T16:34:50Z
58533178	0.6	magnetic_hz0.0	4	chain_dn	0.85	p3d_hy0.6_m0.0_L4_dn	/pscratch/sd/s/sanzharb/tc_nqs/phase3d/hy0.6/magnetic_hz0.0/L4	2026-09-18T16:34:50Z
58533178	0.6	magnetic_hz0.0	4	chain_dn	0.8	p3d_hy0.6_m0.0_L4_dn	/pscratch/sd/s/sanzharb/tc_nqs/phase3d/hy0.6/magnetic_hz0.0/L4	2026-09-18T16:34:50Z
58533178	0.6	magnetic_hz0.0	4	chain_dn	0.75	p3d_hy0.6_m0.0_L4_dn	/pscratch/sd/s/sanzharb/tc_nqs/phase3d/hy0.6/magnetic_hz0.0/L4	2026-09-18T16:34:50Z
58533178	0.6	magnetic_hz0.0	4	chain_dn	0.7	p3d_hy0.6_m0.0_L4_dn	/pscratch/sd/s/sanzharb/tc_nqs/phase3d/hy0.6/magnetic_hz0.0/L4	2026-09-18T16:34:50Z
58533206	0.8	magnetic_hz0.2	4	chain_dn_refine	0.975	p3d_hy0.8_m0.2_L4_dn	/pscratch/sd/s/sanzharb/tc_nqs/phase3d/hy0.8/magnetic_hz0.2/L4	2026-09-18T16:35:18Z
58533211	0.8	magnetic_hz0.85	4	chain_dn	1.7	p3d_hy0.8_m0.85_L4_dn	/pscratch/sd/s/sanzharb/tc_nqs/phase3d/hy0.8/magnetic_hz0.85/L4	2026-09-18T16:35:41Z
58533213	1.0	magnetic_hz0.0	4	chain_dn	1.25	p3d_hy1.0_m0.0_L4_dn	/pscratch/sd/s/sanzharb/tc_nqs/phase3d/hy1.0/magnetic_hz0.0/L4	2026-09-18T16:35:43Z
58535677	0.2	magnetic_hz0.2	4	chain_up_refine	0.725	p3d_hy0.2_m0.2_L4_up	/pscratch/sd/s/sanzharb/tc_nqs/phase3d/hy0.2/magnetic_hz0.2/L4	2026-09-18T17:20:30Z
58535682	0.2	magnetic_hz0.2	4	chain_dn_refine	0.775	p3d_hy0.2_m0.2_L4_dn	/pscratch/sd/s/sanzharb/tc_nqs/phase3d/hy0.2/magnetic_hz0.2/L4	2026-09-18T17:20:30Z
58535685	0.2	magnetic_hz0.4	4	chain_up_refine	0.725	p3d_hy0.2_m0.4_L4_up	/pscratch/sd/s/sanzharb/tc_nqs/phase3d/hy0.2/magnetic_hz0.4/L4	2026-09-18T17:20:30Z
58535704	0.2	magnetic_hz0.4	4	chain_dn_refine	0.825	p3d_hy0.2_m0.4_L4_dn	/pscratch/sd/s/sanzharb/tc_nqs/phase3d/hy0.2/magnetic_hz0.4/L4	2026-09-18T17:20:33Z
58535707	0.2	magnetic_hz0.7	4	chain_up_refine	1.125	p3d_hy0.2_m0.7_L4_up	/pscratch/sd/s/sanzharb/tc_nqs/phase3d/hy0.2/magnetic_hz0.7/L4	2026-09-18T17:20:33Z
58535708	0.2	magnetic_hz0.7	4	chain_dn_refine	1.175	p3d_hy0.2_m0.7_L4_dn	/pscratch/sd/s/sanzharb/tc_nqs/phase3d/hy0.2/magnetic_hz0.7/L4	2026-09-18T17:20:33Z
58535709	0.2	magnetic_hz1.0	4	chain_up_refine	1.425	p3d_hy0.2_m1.0_L4_up	/pscratch/sd/s/sanzharb/tc_nqs/phase3d/hy0.2/magnetic_hz1.0/L4	2026-09-18T17:20:33Z
58535713	0.2	magnetic_hz1.0	4	chain_dn_refine	1.525	p3d_hy0.2_m1.0_L4_dn	/pscratch/sd/s/sanzharb/tc_nqs/phase3d/hy0.2/magnetic_hz1.0/L4	2026-09-18T17:20:34Z
58535980	0.4	magnetic_hz0.2	4	chain_up_refine	0.775	p3d_hy0.4_m0.2_L4_up	/pscratch/sd/s/sanzharb/tc_nqs/phase3d/hy0.4/magnetic_hz0.2/L4	2026-09-18T17:25:27Z
58535983	0.4	magnetic_hz0.2	4	chain_dn_refine	0.925	p3d_hy0.4_m0.2_L4_dn	/pscratch/sd/s/sanzharb/tc_nqs/phase3d/hy0.4/magnetic_hz0.2/L4	2026-09-18T17:25:27Z
58535985	0.4	magnetic_hz0.25	4	chain_up_refine	0.875	p3d_hy0.4_m0.25_L4_up	/pscratch/sd/s/sanzharb/tc_nqs/phase3d/hy0.4/magnetic_hz0.25/L4	2026-09-18T17:25:29Z
58535987	0.4	magnetic_hz0.25	4	chain_dn_refine	0.875	p3d_hy0.4_m0.25_L4_dn	/pscratch/sd/s/sanzharb/tc_nqs/phase3d/hy0.4/magnetic_hz0.25/L4	2026-09-18T17:25:29Z
58535988	0.4	magnetic_hz0.4	4	chain_up_refine	0.725	p3d_hy0.4_m0.4_L4_up	/pscratch/sd/s/sanzharb/tc_nqs/phase3d/hy0.4/magnetic_hz0.4/L4	2026-09-18T17:25:32Z
58535991	0.4	magnetic_hz0.4	4	chain_dn_refine	0.825	p3d_hy0.4_m0.4_L4_dn	/pscratch/sd/s/sanzharb/tc_nqs/phase3d/hy0.4/magnetic_hz0.4/L4	2026-09-18T17:25:32Z
58535992	0.4	magnetic_hz0.7	4	chain_up_refine	1.125	p3d_hy0.4_m0.7_L4_up	/pscratch/sd/s/sanzharb/tc_nqs/phase3d/hy0.4/magnetic_hz0.7/L4	2026-09-18T17:25:32Z
58535993	0.4	magnetic_hz0.7	4	chain_dn_refine	1.175	p3d_hy0.4_m0.7_L4_dn	/pscratch/sd/s/sanzharb/tc_nqs/phase3d/hy0.4/magnetic_hz0.7/L4	2026-09-18T17:25:34Z
58535997	0.4	magnetic_hz0.85	4	chain_up_refine	1.325	p3d_hy0.4_m0.85_L4_up	/pscratch/sd/s/sanzharb/tc_nqs/phase3d/hy0.4/magnetic_hz0.85/L4	2026-09-18T17:25:34Z
58535998	0.4	magnetic_hz0.85	4	chain_dn_refine	1.325	p3d_hy0.4_m0.85_L4_dn	/pscratch/sd/s/sanzharb/tc_nqs/phase3d/hy0.4/magnetic_hz0.85/L4	2026-09-18T17:25:34Z
58536379	0.6	magnetic_hz0.2	4	chain_up_refine	0.725	p3d_hy0.6_m0.2_L4_up	/pscratch/sd/s/sanzharb/tc_nqs/phase3d/hy0.6/magnetic_hz0.2/L4	2026-09-18T17:30:17Z
58536380	0.6	magnetic_hz0.2	4	chain_dn_refine	0.925	p3d_hy0.6_m0.2_L4_dn	/pscratch/sd/s/sanzharb/tc_nqs/phase3d/hy0.6/magnetic_hz0.2/L4	2026-09-18T17:30:17Z
58536704	0.8	magnetic_hz0.85	4	chain_dn	1.45	p3d_hy0.8_m0.85_L4_dn	/pscratch/sd/s/sanzharb/tc_nqs/phase3d/hy0.8/magnetic_hz0.85/L4	2026-09-18T17:35:23Z
58536704	0.8	magnetic_hz0.85	4	chain_dn	1.4	p3d_hy0.8_m0.85_L4_dn	/pscratch/sd/s/sanzharb/tc_nqs/phase3d/hy0.8/magnetic_hz0.85/L4	2026-09-18T17:35:23Z
58536704	0.8	magnetic_hz0.85	4	chain_dn	1.35	p3d_hy0.8_m0.85_L4_dn	/pscratch/sd/s/sanzharb/tc_nqs/phase3d/hy0.8/magnetic_hz0.85/L4	2026-09-18T17:35:23Z
58536704	0.8	magnetic_hz0.85	4	chain_dn	1.3	p3d_hy0.8_m0.85_L4_dn	/pscratch/sd/s/sanzharb/tc_nqs/phase3d/hy0.8/magnetic_hz0.85/L4	2026-09-18T17:35:23Z
58536704	0.8	magnetic_hz0.85	4	chain_dn	1.25	p3d_hy0.8_m0.85_L4_dn	/pscratch/sd/s/sanzharb/tc_nqs/phase3d/hy0.8/magnetic_hz0.85/L4	2026-09-18T17:35:23Z
58536704	0.8	magnetic_hz0.85	4	chain_dn	1.2	p3d_hy0.8_m0.85_L4_dn	/pscratch/sd/s/sanzharb/tc_nqs/phase3d/hy0.8/magnetic_hz0.85/L4	2026-09-18T17:35:23Z
58536704	0.8	magnetic_hz0.85	4	chain_dn	1.15	p3d_hy0.8_m0.85_L4_dn	/pscratch/sd/s/sanzharb/tc_nqs/phase3d/hy0.8/magnetic_hz0.85/L4	2026-09-18T17:35:23Z
58536706	0.8	magnetic_hz0.7	4	chain_up_refine	1.075	p3d_hy0.8_m0.7_L4_up	/pscratch/sd/s/sanzharb/tc_nqs/phase3d/hy0.8/magnetic_hz0.7/L4	2026-09-18T17:35:23Z
58536707	0.8	magnetic_hz0.7	4	chain_dn_refine	1.125	p3d_hy0.8_m0.7_L4_dn	/pscratch/sd/s/sanzharb/tc_nqs/phase3d/hy0.8/magnetic_hz0.7/L4	2026-09-18T17:35:23Z
58537063	1.0	magnetic_hz0.0	4	chain_dn	1.0	p3d_hy1.0_m0.0_L4_dn	/pscratch/sd/s/sanzharb/tc_nqs/phase3d/hy1.0/magnetic_hz0.0/L4	2026-09-18T17:40:17Z
58537063	1.0	magnetic_hz0.0	4	chain_dn	0.95	p3d_hy1.0_m0.0_L4_dn	/pscratch/sd/s/sanzharb/tc_nqs/phase3d/hy1.0/magnetic_hz0.0/L4	2026-09-18T17:40:17Z
58537063	1.0	magnetic_hz0.0	4	chain_dn	0.9	p3d_hy1.0_m0.0_L4_dn	/pscratch/sd/s/sanzharb/tc_nqs/phase3d/hy1.0/magnetic_hz0.0/L4	2026-09-18T17:40:17Z
58537063	1.0	magnetic_hz0.0	4	chain_dn	0.85	p3d_hy1.0_m0.0_L4_dn	/pscratch/sd/s/sanzharb/tc_nqs/phase3d/hy1.0/magnetic_hz0.0/L4	2026-09-18T17:40:17Z
58537063	1.0	magnetic_hz0.0	4	chain_dn	0.8	p3d_hy1.0_m0.0_L4_dn	/pscratch/sd/s/sanzharb/tc_nqs/phase3d/hy1.0/magnetic_hz0.0/L4	2026-09-18T17:40:17Z
58537063	1.0	magnetic_hz0.0	4	chain_dn	0.75	p3d_hy1.0_m0.0_L4_dn	/pscratch/sd/s/sanzharb/tc_nqs/phase3d/hy1.0/magnetic_hz0.0/L4	2026-09-18T17:40:17Z
58537063	1.0	magnetic_hz0.0	4	chain_dn	0.7	p3d_hy1.0_m0.0_L4_dn	/pscratch/sd/s/sanzharb/tc_nqs/phase3d/hy1.0/magnetic_hz0.0/L4	2026-09-18T17:40:17Z
58541527	1.0	magnetic_hz1.0	4	chain_dn	1.7	p3d_hy1.0_m1.0_L4_dn	/pscratch/sd/s/sanzharb/tc_nqs/phase3d/hy1.0/magnetic_hz1.0/L4	2026-09-18T19:37:21Z
58541890	0.6	magnetic_hz0.1	4	chain_up	0.6	p3d_hy0.6_m0.1_L4_up	/pscratch/sd/s/sanzharb/tc_nqs/phase3d/hy0.6/magnetic_hz0.1/L4	2026-09-18T19:46:41Z
58541890	0.6	magnetic_hz0.1	4	chain_up	0.7	p3d_hy0.6_m0.1_L4_up	/pscratch/sd/s/sanzharb/tc_nqs/phase3d/hy0.6/magnetic_hz0.1/L4	2026-09-18T19:46:41Z
58541890	0.6	magnetic_hz0.1	4	chain_up	0.75	p3d_hy0.6_m0.1_L4_up	/pscratch/sd/s/sanzharb/tc_nqs/phase3d/hy0.6/magnetic_hz0.1/L4	2026-09-18T19:46:41Z
58541890	0.6	magnetic_hz0.1	4	chain_up	0.8	p3d_hy0.6_m0.1_L4_up	/pscratch/sd/s/sanzharb/tc_nqs/phase3d/hy0.6/magnetic_hz0.1/L4	2026-09-18T19:46:41Z
58541890	0.6	magnetic_hz0.1	4	chain_up	0.85	p3d_hy0.6_m0.1_L4_up	/pscratch/sd/s/sanzharb/tc_nqs/phase3d/hy0.6/magnetic_hz0.1/L4	2026-09-18T19:46:41Z
58541890	0.6	magnetic_hz0.1	4	chain_up	0.9	p3d_hy0.6_m0.1_L4_up	/pscratch/sd/s/sanzharb/tc_nqs/phase3d/hy0.6/magnetic_hz0.1/L4	2026-09-18T19:46:41Z
58541890	0.6	magnetic_hz0.1	4	chain_up	0.95	p3d_hy0.6_m0.1_L4_up	/pscratch/sd/s/sanzharb/tc_nqs/phase3d/hy0.6/magnetic_hz0.1/L4	2026-09-18T19:46:41Z
58541890	0.6	magnetic_hz0.1	4	chain_up	1.0	p3d_hy0.6_m0.1_L4_up	/pscratch/sd/s/sanzharb/tc_nqs/phase3d/hy0.6/magnetic_hz0.1/L4	2026-09-18T19:46:41Z
58541945	0.6	magnetic_hz0.1	4	chain_dn	1.25	p3d_hy0.6_m0.1_L4_dn	/pscratch/sd/s/sanzharb/tc_nqs/phase3d/hy0.6/magnetic_hz0.1/L4	2026-09-18T19:48:07Z
58541945	0.6	magnetic_hz0.1	4	chain_dn	1.15	p3d_hy0.6_m0.1_L4_dn	/pscratch/sd/s/sanzharb/tc_nqs/phase3d/hy0.6/magnetic_hz0.1/L4	2026-09-18T19:48:07Z
58541945	0.6	magnetic_hz0.1	4	chain_dn	1.05	p3d_hy0.6_m0.1_L4_dn	/pscratch/sd/s/sanzharb/tc_nqs/phase3d/hy0.6/magnetic_hz0.1/L4	2026-09-18T19:48:07Z
58541945	0.6	magnetic_hz0.1	4	chain_dn	1.0	p3d_hy0.6_m0.1_L4_dn	/pscratch/sd/s/sanzharb/tc_nqs/phase3d/hy0.6/magnetic_hz0.1/L4	2026-09-18T19:48:07Z
58541945	0.6	magnetic_hz0.1	4	chain_dn	0.95	p3d_hy0.6_m0.1_L4_dn	/pscratch/sd/s/sanzharb/tc_nqs/phase3d/hy0.6/magnetic_hz0.1/L4	2026-09-18T19:48:07Z
58541945	0.6	magnetic_hz0.1	4	chain_dn	0.9	p3d_hy0.6_m0.1_L4_dn	/pscratch/sd/s/sanzharb/tc_nqs/phase3d/hy0.6/magnetic_hz0.1/L4	2026-09-18T19:48:07Z
58541945	0.6	magnetic_hz0.1	4	chain_dn	0.85	p3d_hy0.6_m0.1_L4_dn	/pscratch/sd/s/sanzharb/tc_nqs/phase3d/hy0.6/magnetic_hz0.1/L4	2026-09-18T19:48:07Z
58541945	0.6	magnetic_hz0.1	4	chain_dn	0.8	p3d_hy0.6_m0.1_L4_dn	/pscratch/sd/s/sanzharb/tc_nqs/phase3d/hy0.6/magnetic_hz0.1/L4	2026-09-18T19:48:07Z
58541945	0.6	magnetic_hz0.1	4	chain_dn	0.75	p3d_hy0.6_m0.1_L4_dn	/pscratch/sd/s/sanzharb/tc_nqs/phase3d/hy0.6/magnetic_hz0.1/L4	2026-09-18T19:48:07Z
58541945	0.6	magnetic_hz0.1	4	chain_dn	0.7	p3d_hy0.6_m0.1_L4_dn	/pscratch/sd/s/sanzharb/tc_nqs/phase3d/hy0.6/magnetic_hz0.1/L4	2026-09-18T19:48:07Z
58541947	0.8	magnetic_hz0.1	4	chain_dn	1.25	p3d_hy0.8_m0.1_L4_dn	/pscratch/sd/s/sanzharb/tc_nqs/phase3d/hy0.8/magnetic_hz0.1/L4	2026-09-18T19:48:10Z
58541947	0.8	magnetic_hz0.1	4	chain_dn	1.15	p3d_hy0.8_m0.1_L4_dn	/pscratch/sd/s/sanzharb/tc_nqs/phase3d/hy0.8/magnetic_hz0.1/L4	2026-09-18T19:48:10Z
58541947	0.8	magnetic_hz0.1	4	chain_dn	1.05	p3d_hy0.8_m0.1_L4_dn	/pscratch/sd/s/sanzharb/tc_nqs/phase3d/hy0.8/magnetic_hz0.1/L4	2026-09-18T19:48:10Z
58541947	0.8	magnetic_hz0.1	4	chain_dn	1.0	p3d_hy0.8_m0.1_L4_dn	/pscratch/sd/s/sanzharb/tc_nqs/phase3d/hy0.8/magnetic_hz0.1/L4	2026-09-18T19:48:10Z
58541947	0.8	magnetic_hz0.1	4	chain_dn	0.95	p3d_hy0.8_m0.1_L4_dn	/pscratch/sd/s/sanzharb/tc_nqs/phase3d/hy0.8/magnetic_hz0.1/L4	2026-09-18T19:48:10Z
58541947	0.8	magnetic_hz0.1	4	chain_dn	0.9	p3d_hy0.8_m0.1_L4_dn	/pscratch/sd/s/sanzharb/tc_nqs/phase3d/hy0.8/magnetic_hz0.1/L4	2026-09-18T19:48:10Z
58541947	0.8	magnetic_hz0.1	4	chain_dn	0.85	p3d_hy0.8_m0.1_L4_dn	/pscratch/sd/s/sanzharb/tc_nqs/phase3d/hy0.8/magnetic_hz0.1/L4	2026-09-18T19:48:10Z
58541947	0.8	magnetic_hz0.1	4	chain_dn	0.8	p3d_hy0.8_m0.1_L4_dn	/pscratch/sd/s/sanzharb/tc_nqs/phase3d/hy0.8/magnetic_hz0.1/L4	2026-09-18T19:48:10Z
58541947	0.8	magnetic_hz0.1	4	chain_dn	0.75	p3d_hy0.8_m0.1_L4_dn	/pscratch/sd/s/sanzharb/tc_nqs/phase3d/hy0.8/magnetic_hz0.1/L4	2026-09-18T19:48:10Z
58541947	0.8	magnetic_hz0.1	4	chain_dn	0.7	p3d_hy0.8_m0.1_L4_dn	/pscratch/sd/s/sanzharb/tc_nqs/phase3d/hy0.8/magnetic_hz0.1/L4	2026-09-18T19:48:10Z
58541950	1.0	magnetic_hz0.1	4	chain_dn	1.25	p3d_hy1.0_m0.1_L4_dn	/pscratch/sd/s/sanzharb/tc_nqs/phase3d/hy1.0/magnetic_hz0.1/L4	2026-09-18T19:48:13Z
58541950	1.0	magnetic_hz0.1	4	chain_dn	1.15	p3d_hy1.0_m0.1_L4_dn	/pscratch/sd/s/sanzharb/tc_nqs/phase3d/hy1.0/magnetic_hz0.1/L4	2026-09-18T19:48:13Z
58541950	1.0	magnetic_hz0.1	4	chain_dn	1.05	p3d_hy1.0_m0.1_L4_dn	/pscratch/sd/s/sanzharb/tc_nqs/phase3d/hy1.0/magnetic_hz0.1/L4	2026-09-18T19:48:13Z
58541950	1.0	magnetic_hz0.1	4	chain_dn	1.0	p3d_hy1.0_m0.1_L4_dn	/pscratch/sd/s/sanzharb/tc_nqs/phase3d/hy1.0/magnetic_hz0.1/L4	2026-09-18T19:48:13Z
58541950	1.0	magnetic_hz0.1	4	chain_dn	0.95	p3d_hy1.0_m0.1_L4_dn	/pscratch/sd/s/sanzharb/tc_nqs/phase3d/hy1.0/magnetic_hz0.1/L4	2026-09-18T19:48:13Z
58541950	1.0	magnetic_hz0.1	4	chain_dn	0.9	p3d_hy1.0_m0.1_L4_dn	/pscratch/sd/s/sanzharb/tc_nqs/phase3d/hy1.0/magnetic_hz0.1/L4	2026-09-18T19:48:13Z
58541950	1.0	magnetic_hz0.1	4	chain_dn	0.85	p3d_hy1.0_m0.1_L4_dn	/pscratch/sd/s/sanzharb/tc_nqs/phase3d/hy1.0/magnetic_hz0.1/L4	2026-09-18T19:48:13Z
58541950	1.0	magnetic_hz0.1	4	chain_dn	0.8	p3d_hy1.0_m0.1_L4_dn	/pscratch/sd/s/sanzharb/tc_nqs/phase3d/hy1.0/magnetic_hz0.1/L4	2026-09-18T19:48:13Z
58541950	1.0	magnetic_hz0.1	4	chain_dn	0.75	p3d_hy1.0_m0.1_L4_dn	/pscratch/sd/s/sanzharb/tc_nqs/phase3d/hy1.0/magnetic_hz0.1/L4	2026-09-18T19:48:13Z
58541950	1.0	magnetic_hz0.1	4	chain_dn	0.7	p3d_hy1.0_m0.1_L4_dn	/pscratch/sd/s/sanzharb/tc_nqs/phase3d/hy1.0/magnetic_hz0.1/L4	2026-09-18T19:48:13Z
58542687	0.8	magnetic_hz0.1	4	chain_up	0.45	p3d_hy0.8_m0.1_L4_up	/pscratch/sd/s/sanzharb/tc_nqs/phase3d/hy0.8/magnetic_hz0.1/L4	2026-09-18T20:03:22Z
58542687	0.8	magnetic_hz0.1	4	chain_up	0.5	p3d_hy0.8_m0.1_L4_up	/pscratch/sd/s/sanzharb/tc_nqs/phase3d/hy0.8/magnetic_hz0.1/L4	2026-09-18T20:03:22Z
58542687	0.8	magnetic_hz0.1	4	chain_up	0.55	p3d_hy0.8_m0.1_L4_up	/pscratch/sd/s/sanzharb/tc_nqs/phase3d/hy0.8/magnetic_hz0.1/L4	2026-09-18T20:03:22Z
58542687	0.8	magnetic_hz0.1	4	chain_up	0.6	p3d_hy0.8_m0.1_L4_up	/pscratch/sd/s/sanzharb/tc_nqs/phase3d/hy0.8/magnetic_hz0.1/L4	2026-09-18T20:03:22Z
58542687	0.8	magnetic_hz0.1	4	chain_up	0.65	p3d_hy0.8_m0.1_L4_up	/pscratch/sd/s/sanzharb/tc_nqs/phase3d/hy0.8/magnetic_hz0.1/L4	2026-09-18T20:03:22Z
58542687	0.8	magnetic_hz0.1	4	chain_up	0.7	p3d_hy0.8_m0.1_L4_up	/pscratch/sd/s/sanzharb/tc_nqs/phase3d/hy0.8/magnetic_hz0.1/L4	2026-09-18T20:03:22Z
58542687	0.8	magnetic_hz0.1	4	chain_up	0.75	p3d_hy0.8_m0.1_L4_up	/pscratch/sd/s/sanzharb/tc_nqs/phase3d/hy0.8/magnetic_hz0.1/L4	2026-09-18T20:03:22Z
58542687	0.8	magnetic_hz0.1	4	chain_up	0.8	p3d_hy0.8_m0.1_L4_up	/pscratch/sd/s/sanzharb/tc_nqs/phase3d/hy0.8/magnetic_hz0.1/L4	2026-09-18T20:03:22Z
58542687	0.8	magnetic_hz0.1	4	chain_up	0.85	p3d_hy0.8_m0.1_L4_up	/pscratch/sd/s/sanzharb/tc_nqs/phase3d/hy0.8/magnetic_hz0.1/L4	2026-09-18T20:03:22Z
58542687	0.8	magnetic_hz0.1	4	chain_up	0.9	p3d_hy0.8_m0.1_L4_up	/pscratch/sd/s/sanzharb/tc_nqs/phase3d/hy0.8/magnetic_hz0.1/L4	2026-09-18T20:03:22Z
58542687	0.8	magnetic_hz0.1	4	chain_up	0.95	p3d_hy0.8_m0.1_L4_up	/pscratch/sd/s/sanzharb/tc_nqs/phase3d/hy0.8/magnetic_hz0.1/L4	2026-09-18T20:03:22Z
58542688	0.8	magnetic_hz0.2	4	chain_up	0.45	p3d_hy0.8_m0.2_L4_up	/pscratch/sd/s/sanzharb/tc_nqs/phase3d/hy0.8/magnetic_hz0.2/L4	2026-09-18T20:03:23Z
58542688	0.8	magnetic_hz0.2	4	chain_up	0.5	p3d_hy0.8_m0.2_L4_up	/pscratch/sd/s/sanzharb/tc_nqs/phase3d/hy0.8/magnetic_hz0.2/L4	2026-09-18T20:03:23Z
58542688	0.8	magnetic_hz0.2	4	chain_up	0.55	p3d_hy0.8_m0.2_L4_up	/pscratch/sd/s/sanzharb/tc_nqs/phase3d/hy0.8/magnetic_hz0.2/L4	2026-09-18T20:03:23Z
58542688	0.8	magnetic_hz0.2	4	chain_up	0.6	p3d_hy0.8_m0.2_L4_up	/pscratch/sd/s/sanzharb/tc_nqs/phase3d/hy0.8/magnetic_hz0.2/L4	2026-09-18T20:03:23Z
58542688	0.8	magnetic_hz0.2	4	chain_up	0.65	p3d_hy0.8_m0.2_L4_up	/pscratch/sd/s/sanzharb/tc_nqs/phase3d/hy0.8/magnetic_hz0.2/L4	2026-09-18T20:03:23Z
58542688	0.8	magnetic_hz0.2	4	chain_up	0.7	p3d_hy0.8_m0.2_L4_up	/pscratch/sd/s/sanzharb/tc_nqs/phase3d/hy0.8/magnetic_hz0.2/L4	2026-09-18T20:03:23Z
58542688	0.8	magnetic_hz0.2	4	chain_up	0.75	p3d_hy0.8_m0.2_L4_up	/pscratch/sd/s/sanzharb/tc_nqs/phase3d/hy0.8/magnetic_hz0.2/L4	2026-09-18T20:03:23Z
58542688	0.8	magnetic_hz0.2	4	chain_up	0.8	p3d_hy0.8_m0.2_L4_up	/pscratch/sd/s/sanzharb/tc_nqs/phase3d/hy0.8/magnetic_hz0.2/L4	2026-09-18T20:03:23Z
58542688	0.8	magnetic_hz0.2	4	chain_up	0.85	p3d_hy0.8_m0.2_L4_up	/pscratch/sd/s/sanzharb/tc_nqs/phase3d/hy0.8/magnetic_hz0.2/L4	2026-09-18T20:03:23Z
58542688	0.8	magnetic_hz0.2	4	chain_up	0.9	p3d_hy0.8_m0.2_L4_up	/pscratch/sd/s/sanzharb/tc_nqs/phase3d/hy0.8/magnetic_hz0.2/L4	2026-09-18T20:03:23Z
58542688	0.8	magnetic_hz0.2	4	chain_up	0.95	p3d_hy0.8_m0.2_L4_up	/pscratch/sd/s/sanzharb/tc_nqs/phase3d/hy0.8/magnetic_hz0.2/L4	2026-09-18T20:03:23Z
58542689	0.8	magnetic_hz0.25	4	chain_up	0.45	p3d_hy0.8_m0.25_L4_up	/pscratch/sd/s/sanzharb/tc_nqs/phase3d/hy0.8/magnetic_hz0.25/L4	2026-09-18T20:03:23Z
58542689	0.8	magnetic_hz0.25	4	chain_up	0.5	p3d_hy0.8_m0.25_L4_up	/pscratch/sd/s/sanzharb/tc_nqs/phase3d/hy0.8/magnetic_hz0.25/L4	2026-09-18T20:03:23Z
58542689	0.8	magnetic_hz0.25	4	chain_up	0.55	p3d_hy0.8_m0.25_L4_up	/pscratch/sd/s/sanzharb/tc_nqs/phase3d/hy0.8/magnetic_hz0.25/L4	2026-09-18T20:03:23Z
58542689	0.8	magnetic_hz0.25	4	chain_up	0.6	p3d_hy0.8_m0.25_L4_up	/pscratch/sd/s/sanzharb/tc_nqs/phase3d/hy0.8/magnetic_hz0.25/L4	2026-09-18T20:03:23Z
58542689	0.8	magnetic_hz0.25	4	chain_up	0.65	p3d_hy0.8_m0.25_L4_up	/pscratch/sd/s/sanzharb/tc_nqs/phase3d/hy0.8/magnetic_hz0.25/L4	2026-09-18T20:03:23Z
58542689	0.8	magnetic_hz0.25	4	chain_up	0.7	p3d_hy0.8_m0.25_L4_up	/pscratch/sd/s/sanzharb/tc_nqs/phase3d/hy0.8/magnetic_hz0.25/L4	2026-09-18T20:03:23Z
58542689	0.8	magnetic_hz0.25	4	chain_up	0.75	p3d_hy0.8_m0.25_L4_up	/pscratch/sd/s/sanzharb/tc_nqs/phase3d/hy0.8/magnetic_hz0.25/L4	2026-09-18T20:03:23Z
58542689	0.8	magnetic_hz0.25	4	chain_up	0.8	p3d_hy0.8_m0.25_L4_up	/pscratch/sd/s/sanzharb/tc_nqs/phase3d/hy0.8/magnetic_hz0.25/L4	2026-09-18T20:03:23Z
58542689	0.8	magnetic_hz0.25	4	chain_up	0.85	p3d_hy0.8_m0.25_L4_up	/pscratch/sd/s/sanzharb/tc_nqs/phase3d/hy0.8/magnetic_hz0.25/L4	2026-09-18T20:03:23Z
58542689	0.8	magnetic_hz0.25	4	chain_up	0.9	p3d_hy0.8_m0.25_L4_up	/pscratch/sd/s/sanzharb/tc_nqs/phase3d/hy0.8/magnetic_hz0.25/L4	2026-09-18T20:03:23Z
58542689	0.8	magnetic_hz0.25	4	chain_up	0.95	p3d_hy0.8_m0.25_L4_up	/pscratch/sd/s/sanzharb/tc_nqs/phase3d/hy0.8/magnetic_hz0.25/L4	2026-09-18T20:03:23Z
58542690	0.8	electric_hx0.25	4	cold	0.1	p3d_hy0.8_e0.25_L4	/pscratch/sd/s/sanzharb/tc_nqs/phase3d/hy0.8/electric_hx0.25/L4	2026-09-18T20:03:23Z
58542691	0.8	electric_hx0.25	4	cold	0.15	p3d_hy0.8_e0.25_L4	/pscratch/sd/s/sanzharb/tc_nqs/phase3d/hy0.8/electric_hx0.25/L4	2026-09-18T20:03:23Z
58542692	0.8	electric_hx0.25	4	cold	0.18	p3d_hy0.8_e0.25_L4	/pscratch/sd/s/sanzharb/tc_nqs/phase3d/hy0.8/electric_hx0.25/L4	2026-09-18T20:03:23Z
58542693	0.8	electric_hx0.25	4	cold	0.21	p3d_hy0.8_e0.25_L4	/pscratch/sd/s/sanzharb/tc_nqs/phase3d/hy0.8/electric_hx0.25/L4	2026-09-18T20:03:23Z
58542694	0.8	electric_hx0.25	4	cold	0.24	p3d_hy0.8_e0.25_L4	/pscratch/sd/s/sanzharb/tc_nqs/phase3d/hy0.8/electric_hx0.25/L4	2026-09-18T20:03:23Z
58542695	0.8	electric_hx0.25	4	cold	0.28	p3d_hy0.8_e0.25_L4	/pscratch/sd/s/sanzharb/tc_nqs/phase3d/hy0.8/electric_hx0.25/L4	2026-09-18T20:03:23Z
58542696	0.8	electric_hx0.25	4	cold	0.33	p3d_hy0.8_e0.25_L4	/pscratch/sd/s/sanzharb/tc_nqs/phase3d/hy0.8/electric_hx0.25/L4	2026-09-18T20:03:23Z
58542698	1.0	magnetic_hz0.0	4	chain_up	0.45	p3d_hy1.0_m0.0_L4_up	/pscratch/sd/s/sanzharb/tc_nqs/phase3d/hy1.0/magnetic_hz0.0/L4	2026-09-18T20:03:25Z
58542698	1.0	magnetic_hz0.0	4	chain_up	0.5	p3d_hy1.0_m0.0_L4_up	/pscratch/sd/s/sanzharb/tc_nqs/phase3d/hy1.0/magnetic_hz0.0/L4	2026-09-18T20:03:25Z
58542698	1.0	magnetic_hz0.0	4	chain_up	0.55	p3d_hy1.0_m0.0_L4_up	/pscratch/sd/s/sanzharb/tc_nqs/phase3d/hy1.0/magnetic_hz0.0/L4	2026-09-18T20:03:25Z
58542698	1.0	magnetic_hz0.0	4	chain_up	0.6	p3d_hy1.0_m0.0_L4_up	/pscratch/sd/s/sanzharb/tc_nqs/phase3d/hy1.0/magnetic_hz0.0/L4	2026-09-18T20:03:25Z
58542698	1.0	magnetic_hz0.0	4	chain_up	0.65	p3d_hy1.0_m0.0_L4_up	/pscratch/sd/s/sanzharb/tc_nqs/phase3d/hy1.0/magnetic_hz0.0/L4	2026-09-18T20:03:25Z
58542698	1.0	magnetic_hz0.0	4	chain_up	0.7	p3d_hy1.0_m0.0_L4_up	/pscratch/sd/s/sanzharb/tc_nqs/phase3d/hy1.0/magnetic_hz0.0/L4	2026-09-18T20:03:25Z
58542698	1.0	magnetic_hz0.0	4	chain_up	0.75	p3d_hy1.0_m0.0_L4_up	/pscratch/sd/s/sanzharb/tc_nqs/phase3d/hy1.0/magnetic_hz0.0/L4	2026-09-18T20:03:25Z
58542698	1.0	magnetic_hz0.0	4	chain_up	0.8	p3d_hy1.0_m0.0_L4_up	/pscratch/sd/s/sanzharb/tc_nqs/phase3d/hy1.0/magnetic_hz0.0/L4	2026-09-18T20:03:25Z
58542698	1.0	magnetic_hz0.0	4	chain_up	0.85	p3d_hy1.0_m0.0_L4_up	/pscratch/sd/s/sanzharb/tc_nqs/phase3d/hy1.0/magnetic_hz0.0/L4	2026-09-18T20:03:25Z
58542698	1.0	magnetic_hz0.0	4	chain_up	0.9	p3d_hy1.0_m0.0_L4_up	/pscratch/sd/s/sanzharb/tc_nqs/phase3d/hy1.0/magnetic_hz0.0/L4	2026-09-18T20:03:25Z
58542698	1.0	magnetic_hz0.0	4	chain_up	0.95	p3d_hy1.0_m0.0_L4_up	/pscratch/sd/s/sanzharb/tc_nqs/phase3d/hy1.0/magnetic_hz0.0/L4	2026-09-18T20:03:25Z
58542699	1.0	magnetic_hz0.1	4	chain_up	0.45	p3d_hy1.0_m0.1_L4_up	/pscratch/sd/s/sanzharb/tc_nqs/phase3d/hy1.0/magnetic_hz0.1/L4	2026-09-18T20:03:25Z
58542699	1.0	magnetic_hz0.1	4	chain_up	0.5	p3d_hy1.0_m0.1_L4_up	/pscratch/sd/s/sanzharb/tc_nqs/phase3d/hy1.0/magnetic_hz0.1/L4	2026-09-18T20:03:25Z
58542699	1.0	magnetic_hz0.1	4	chain_up	0.55	p3d_hy1.0_m0.1_L4_up	/pscratch/sd/s/sanzharb/tc_nqs/phase3d/hy1.0/magnetic_hz0.1/L4	2026-09-18T20:03:25Z
58542699	1.0	magnetic_hz0.1	4	chain_up	0.6	p3d_hy1.0_m0.1_L4_up	/pscratch/sd/s/sanzharb/tc_nqs/phase3d/hy1.0/magnetic_hz0.1/L4	2026-09-18T20:03:25Z
58542699	1.0	magnetic_hz0.1	4	chain_up	0.65	p3d_hy1.0_m0.1_L4_up	/pscratch/sd/s/sanzharb/tc_nqs/phase3d/hy1.0/magnetic_hz0.1/L4	2026-09-18T20:03:25Z
58542699	1.0	magnetic_hz0.1	4	chain_up	0.7	p3d_hy1.0_m0.1_L4_up	/pscratch/sd/s/sanzharb/tc_nqs/phase3d/hy1.0/magnetic_hz0.1/L4	2026-09-18T20:03:25Z
58542699	1.0	magnetic_hz0.1	4	chain_up	0.75	p3d_hy1.0_m0.1_L4_up	/pscratch/sd/s/sanzharb/tc_nqs/phase3d/hy1.0/magnetic_hz0.1/L4	2026-09-18T20:03:25Z
58542699	1.0	magnetic_hz0.1	4	chain_up	0.8	p3d_hy1.0_m0.1_L4_up	/pscratch/sd/s/sanzharb/tc_nqs/phase3d/hy1.0/magnetic_hz0.1/L4	2026-09-18T20:03:25Z
58542699	1.0	magnetic_hz0.1	4	chain_up	0.85	p3d_hy1.0_m0.1_L4_up	/pscratch/sd/s/sanzharb/tc_nqs/phase3d/hy1.0/magnetic_hz0.1/L4	2026-09-18T20:03:25Z
58542699	1.0	magnetic_hz0.1	4	chain_up	0.9	p3d_hy1.0_m0.1_L4_up	/pscratch/sd/s/sanzharb/tc_nqs/phase3d/hy1.0/magnetic_hz0.1/L4	2026-09-18T20:03:25Z
58542699	1.0	magnetic_hz0.1	4	chain_up	0.95	p3d_hy1.0_m0.1_L4_up	/pscratch/sd/s/sanzharb/tc_nqs/phase3d/hy1.0/magnetic_hz0.1/L4	2026-09-18T20:03:25Z
58542700	1.0	magnetic_hz0.2	4	chain_up	0.45	p3d_hy1.0_m0.2_L4_up	/pscratch/sd/s/sanzharb/tc_nqs/phase3d/hy1.0/magnetic_hz0.2/L4	2026-09-18T20:03:26Z
58542700	1.0	magnetic_hz0.2	4	chain_up	0.5	p3d_hy1.0_m0.2_L4_up	/pscratch/sd/s/sanzharb/tc_nqs/phase3d/hy1.0/magnetic_hz0.2/L4	2026-09-18T20:03:26Z
58542700	1.0	magnetic_hz0.2	4	chain_up	0.55	p3d_hy1.0_m0.2_L4_up	/pscratch/sd/s/sanzharb/tc_nqs/phase3d/hy1.0/magnetic_hz0.2/L4	2026-09-18T20:03:26Z
58542700	1.0	magnetic_hz0.2	4	chain_up	0.6	p3d_hy1.0_m0.2_L4_up	/pscratch/sd/s/sanzharb/tc_nqs/phase3d/hy1.0/magnetic_hz0.2/L4	2026-09-18T20:03:26Z
58542700	1.0	magnetic_hz0.2	4	chain_up	0.65	p3d_hy1.0_m0.2_L4_up	/pscratch/sd/s/sanzharb/tc_nqs/phase3d/hy1.0/magnetic_hz0.2/L4	2026-09-18T20:03:26Z
58542700	1.0	magnetic_hz0.2	4	chain_up	0.7	p3d_hy1.0_m0.2_L4_up	/pscratch/sd/s/sanzharb/tc_nqs/phase3d/hy1.0/magnetic_hz0.2/L4	2026-09-18T20:03:26Z
58542700	1.0	magnetic_hz0.2	4	chain_up	0.75	p3d_hy1.0_m0.2_L4_up	/pscratch/sd/s/sanzharb/tc_nqs/phase3d/hy1.0/magnetic_hz0.2/L4	2026-09-18T20:03:26Z
58542700	1.0	magnetic_hz0.2	4	chain_up	0.8	p3d_hy1.0_m0.2_L4_up	/pscratch/sd/s/sanzharb/tc_nqs/phase3d/hy1.0/magnetic_hz0.2/L4	2026-09-18T20:03:26Z
58542700	1.0	magnetic_hz0.2	4	chain_up	0.85	p3d_hy1.0_m0.2_L4_up	/pscratch/sd/s/sanzharb/tc_nqs/phase3d/hy1.0/magnetic_hz0.2/L4	2026-09-18T20:03:26Z
58542700	1.0	magnetic_hz0.2	4	chain_up	0.9	p3d_hy1.0_m0.2_L4_up	/pscratch/sd/s/sanzharb/tc_nqs/phase3d/hy1.0/magnetic_hz0.2/L4	2026-09-18T20:03:26Z
58542700	1.0	magnetic_hz0.2	4	chain_up	0.95	p3d_hy1.0_m0.2_L4_up	/pscratch/sd/s/sanzharb/tc_nqs/phase3d/hy1.0/magnetic_hz0.2/L4	2026-09-18T20:03:26Z
58542701	1.0	magnetic_hz0.25	4	chain_up	0.45	p3d_hy1.0_m0.25_L4_up	/pscratch/sd/s/sanzharb/tc_nqs/phase3d/hy1.0/magnetic_hz0.25/L4	2026-09-18T20:03:26Z
58542701	1.0	magnetic_hz0.25	4	chain_up	0.5	p3d_hy1.0_m0.25_L4_up	/pscratch/sd/s/sanzharb/tc_nqs/phase3d/hy1.0/magnetic_hz0.25/L4	2026-09-18T20:03:26Z
58542701	1.0	magnetic_hz0.25	4	chain_up	0.55	p3d_hy1.0_m0.25_L4_up	/pscratch/sd/s/sanzharb/tc_nqs/phase3d/hy1.0/magnetic_hz0.25/L4	2026-09-18T20:03:26Z
58542701	1.0	magnetic_hz0.25	4	chain_up	0.6	p3d_hy1.0_m0.25_L4_up	/pscratch/sd/s/sanzharb/tc_nqs/phase3d/hy1.0/magnetic_hz0.25/L4	2026-09-18T20:03:26Z
58542701	1.0	magnetic_hz0.25	4	chain_up	0.65	p3d_hy1.0_m0.25_L4_up	/pscratch/sd/s/sanzharb/tc_nqs/phase3d/hy1.0/magnetic_hz0.25/L4	2026-09-18T20:03:26Z
58542701	1.0	magnetic_hz0.25	4	chain_up	0.7	p3d_hy1.0_m0.25_L4_up	/pscratch/sd/s/sanzharb/tc_nqs/phase3d/hy1.0/magnetic_hz0.25/L4	2026-09-18T20:03:26Z
58542701	1.0	magnetic_hz0.25	4	chain_up	0.75	p3d_hy1.0_m0.25_L4_up	/pscratch/sd/s/sanzharb/tc_nqs/phase3d/hy1.0/magnetic_hz0.25/L4	2026-09-18T20:03:26Z
58542701	1.0	magnetic_hz0.25	4	chain_up	0.8	p3d_hy1.0_m0.25_L4_up	/pscratch/sd/s/sanzharb/tc_nqs/phase3d/hy1.0/magnetic_hz0.25/L4	2026-09-18T20:03:26Z
58542701	1.0	magnetic_hz0.25	4	chain_up	0.85	p3d_hy1.0_m0.25_L4_up	/pscratch/sd/s/sanzharb/tc_nqs/phase3d/hy1.0/magnetic_hz0.25/L4	2026-09-18T20:03:26Z
58542701	1.0	magnetic_hz0.25	4	chain_up	0.9	p3d_hy1.0_m0.25_L4_up	/pscratch/sd/s/sanzharb/tc_nqs/phase3d/hy1.0/magnetic_hz0.25/L4	2026-09-18T20:03:26Z
58542701	1.0	magnetic_hz0.25	4	chain_up	0.95	p3d_hy1.0_m0.25_L4_up	/pscratch/sd/s/sanzharb/tc_nqs/phase3d/hy1.0/magnetic_hz0.25/L4	2026-09-18T20:03:26Z
58543128	1.0	electric_hx0.0	4	cold	0.04	p3d_hy1.0_e0.0_L4	/pscratch/sd/s/sanzharb/tc_nqs/phase3d/hy1.0/electric_hx0.0/L4	2026-09-18T20:10:04Z
58543130	1.0	electric_hx0.0	4	cold	0.1	p3d_hy1.0_e0.0_L4	/pscratch/sd/s/sanzharb/tc_nqs/phase3d/hy1.0/electric_hx0.0/L4	2026-09-18T20:10:04Z
58543131	1.0	electric_hx0.0	4	cold	0.13	p3d_hy1.0_e0.0_L4	/pscratch/sd/s/sanzharb/tc_nqs/phase3d/hy1.0/electric_hx0.0/L4	2026-09-18T20:10:04Z
58543132	1.0	electric_hx0.0	4	cold	0.16	p3d_hy1.0_e0.0_L4	/pscratch/sd/s/sanzharb/tc_nqs/phase3d/hy1.0/electric_hx0.0/L4	2026-09-18T20:10:04Z
58543133	1.0	electric_hx0.0	4	cold	0.19	p3d_hy1.0_e0.0_L4	/pscratch/sd/s/sanzharb/tc_nqs/phase3d/hy1.0/electric_hx0.0/L4	2026-09-18T20:10:04Z
58543134	1.0	electric_hx0.0	4	cold	0.22	p3d_hy1.0_e0.0_L4	/pscratch/sd/s/sanzharb/tc_nqs/phase3d/hy1.0/electric_hx0.0/L4	2026-09-18T20:10:05Z
58543135	1.0	electric_hx0.0	4	cold	0.28	p3d_hy1.0_e0.0_L4	/pscratch/sd/s/sanzharb/tc_nqs/phase3d/hy1.0/electric_hx0.0/L4	2026-09-18T20:10:05Z
58543136	1.0	electric_hx0.25	4	cold	0.04	p3d_hy1.0_e0.25_L4	/pscratch/sd/s/sanzharb/tc_nqs/phase3d/hy1.0/electric_hx0.25/L4	2026-09-18T20:10:05Z
58543137	1.0	electric_hx0.25	4	cold	0.1	p3d_hy1.0_e0.25_L4	/pscratch/sd/s/sanzharb/tc_nqs/phase3d/hy1.0/electric_hx0.25/L4	2026-09-18T20:10:05Z
58543138	1.0	electric_hx0.25	4	cold	0.13	p3d_hy1.0_e0.25_L4	/pscratch/sd/s/sanzharb/tc_nqs/phase3d/hy1.0/electric_hx0.25/L4	2026-09-18T20:10:05Z
58543139	1.0	electric_hx0.25	4	cold	0.16	p3d_hy1.0_e0.25_L4	/pscratch/sd/s/sanzharb/tc_nqs/phase3d/hy1.0/electric_hx0.25/L4	2026-09-18T20:10:05Z
58543140	1.0	electric_hx0.25	4	cold	0.19	p3d_hy1.0_e0.25_L4	/pscratch/sd/s/sanzharb/tc_nqs/phase3d/hy1.0/electric_hx0.25/L4	2026-09-18T20:10:05Z
58543141	1.0	electric_hx0.25	4	cold	0.22	p3d_hy1.0_e0.25_L4	/pscratch/sd/s/sanzharb/tc_nqs/phase3d/hy1.0/electric_hx0.25/L4	2026-09-18T20:10:05Z
58543142	1.0	electric_hx0.25	4	cold	0.28	p3d_hy1.0_e0.25_L4	/pscratch/sd/s/sanzharb/tc_nqs/phase3d/hy1.0/electric_hx0.25/L4	2026-09-18T20:10:05Z
58543144	1.0	electric_hx0.5	4	cold	0.06	p3d_hy1.0_e0.5_L4	/pscratch/sd/s/sanzharb/tc_nqs/phase3d/hy1.0/electric_hx0.5/L4	2026-09-18T20:10:05Z
58543145	1.0	electric_hx0.5	4	cold	0.12	p3d_hy1.0_e0.5_L4	/pscratch/sd/s/sanzharb/tc_nqs/phase3d/hy1.0/electric_hx0.5/L4	2026-09-18T20:10:05Z
58543146	1.0	electric_hx0.5	4	cold	0.15	p3d_hy1.0_e0.5_L4	/pscratch/sd/s/sanzharb/tc_nqs/phase3d/hy1.0/electric_hx0.5/L4	2026-09-18T20:10:06Z
58543147	1.0	electric_hx0.5	4	cold	0.18	p3d_hy1.0_e0.5_L4	/pscratch/sd/s/sanzharb/tc_nqs/phase3d/hy1.0/electric_hx0.5/L4	2026-09-18T20:10:06Z
58543148	1.0	electric_hx0.5	4	cold	0.21	p3d_hy1.0_e0.5_L4	/pscratch/sd/s/sanzharb/tc_nqs/phase3d/hy1.0/electric_hx0.5/L4	2026-09-18T20:10:06Z
58543149	1.0	electric_hx0.5	4	cold	0.24	p3d_hy1.0_e0.5_L4	/pscratch/sd/s/sanzharb/tc_nqs/phase3d/hy1.0/electric_hx0.5/L4	2026-09-18T20:10:06Z
58543150	1.0	electric_hx0.5	4	cold	0.3	p3d_hy1.0_e0.5_L4	/pscratch/sd/s/sanzharb/tc_nqs/phase3d/hy1.0/electric_hx0.5/L4	2026-09-18T20:10:06Z
58543478	0.6	electric_hx0.2	4	cold	0.13	p3d_hy0.6_e0.2_L4	/pscratch/sd/s/sanzharb/tc_nqs/phase3d/hy0.6/electric_hx0.2/L4	2026-09-18T20:13:25Z
58543480	0.6	electric_hx0.2	4	cold	0.19	p3d_hy0.6_e0.2_L4	/pscratch/sd/s/sanzharb/tc_nqs/phase3d/hy0.6/electric_hx0.2/L4	2026-09-18T20:13:25Z
58543481	0.6	electric_hx0.2	4	cold	0.22	p3d_hy0.6_e0.2_L4	/pscratch/sd/s/sanzharb/tc_nqs/phase3d/hy0.6/electric_hx0.2/L4	2026-09-18T20:13:25Z
58543482	0.6	electric_hx0.2	4	cold	0.25	p3d_hy0.6_e0.2_L4	/pscratch/sd/s/sanzharb/tc_nqs/phase3d/hy0.6/electric_hx0.2/L4	2026-09-18T20:13:25Z
58543483	0.6	electric_hx0.2	4	cold	0.28	p3d_hy0.6_e0.2_L4	/pscratch/sd/s/sanzharb/tc_nqs/phase3d/hy0.6/electric_hx0.2/L4	2026-09-18T20:13:25Z
58543484	0.6	electric_hx0.2	4	cold	0.31	p3d_hy0.6_e0.2_L4	/pscratch/sd/s/sanzharb/tc_nqs/phase3d/hy0.6/electric_hx0.2/L4	2026-09-18T20:13:25Z
58543485	0.6	electric_hx0.2	4	cold	0.37	p3d_hy0.6_e0.2_L4	/pscratch/sd/s/sanzharb/tc_nqs/phase3d/hy0.6/electric_hx0.2/L4	2026-09-18T20:13:25Z
58543487	0.8	electric_hx0.2	4	cold	0.09	p3d_hy0.8_e0.2_L4	/pscratch/sd/s/sanzharb/tc_nqs/phase3d/hy0.8/electric_hx0.2/L4	2026-09-18T20:13:34Z
58543491	0.8	electric_hx0.2	4	cold	0.18	p3d_hy0.8_e0.2_L4	/pscratch/sd/s/sanzharb/tc_nqs/phase3d/hy0.8/electric_hx0.2/L4	2026-09-18T20:13:34Z
58543492	0.8	electric_hx0.2	4	cold	0.21	p3d_hy0.8_e0.2_L4	/pscratch/sd/s/sanzharb/tc_nqs/phase3d/hy0.8/electric_hx0.2/L4	2026-09-18T20:13:37Z
58543494	0.8	electric_hx0.2	4	cold	0.24	p3d_hy0.8_e0.2_L4	/pscratch/sd/s/sanzharb/tc_nqs/phase3d/hy0.8/electric_hx0.2/L4	2026-09-18T20:13:37Z
58543495	0.8	electric_hx0.2	4	cold	0.27	p3d_hy0.8_e0.2_L4	/pscratch/sd/s/sanzharb/tc_nqs/phase3d/hy0.8/electric_hx0.2/L4	2026-09-18T20:13:39Z
58543497	0.8	electric_hx0.2	4	cold	0.33	p3d_hy0.8_e0.2_L4	/pscratch/sd/s/sanzharb/tc_nqs/phase3d/hy0.8/electric_hx0.2/L4	2026-09-18T20:13:43Z
58543500	1.0	electric_hx0.2	4	cold	0.04	p3d_hy1.0_e0.2_L4	/pscratch/sd/s/sanzharb/tc_nqs/phase3d/hy1.0/electric_hx0.2/L4	2026-09-18T20:13:48Z
58543503	1.0	electric_hx0.2	4	cold	0.1	p3d_hy1.0_e0.2_L4	/pscratch/sd/s/sanzharb/tc_nqs/phase3d/hy1.0/electric_hx0.2/L4	2026-09-18T20:13:48Z
58543505	1.0	electric_hx0.2	4	cold	0.13	p3d_hy1.0_e0.2_L4	/pscratch/sd/s/sanzharb/tc_nqs/phase3d/hy1.0/electric_hx0.2/L4	2026-09-18T20:13:51Z
58543510	1.0	electric_hx0.2	4	cold	0.16	p3d_hy1.0_e0.2_L4	/pscratch/sd/s/sanzharb/tc_nqs/phase3d/hy1.0/electric_hx0.2/L4	2026-09-18T20:13:51Z
58543513	1.0	electric_hx0.2	4	cold	0.19	p3d_hy1.0_e0.2_L4	/pscratch/sd/s/sanzharb/tc_nqs/phase3d/hy1.0/electric_hx0.2/L4	2026-09-18T20:13:51Z
58543515	1.0	electric_hx0.2	4	cold	0.22	p3d_hy1.0_e0.2_L4	/pscratch/sd/s/sanzharb/tc_nqs/phase3d/hy1.0/electric_hx0.2/L4	2026-09-18T20:13:51Z
58543517	1.0	electric_hx0.2	4	cold	0.28	p3d_hy1.0_e0.2_L4	/pscratch/sd/s/sanzharb/tc_nqs/phase3d/hy1.0/electric_hx0.2/L4	2026-09-18T20:13:51Z
58544598	1.0	magnetic_hz1.0	4	chain_dn	1.6	p3d_hy1.0_m1.0_L4_dn	/pscratch/sd/s/sanzharb/tc_nqs/phase3d/hy1.0/magnetic_hz1.0/L4	2026-09-18T20:40:19Z
58544598	1.0	magnetic_hz1.0	4	chain_dn	1.55	p3d_hy1.0_m1.0_L4_dn	/pscratch/sd/s/sanzharb/tc_nqs/phase3d/hy1.0/magnetic_hz1.0/L4	2026-09-18T20:40:19Z
58544598	1.0	magnetic_hz1.0	4	chain_dn	1.5	p3d_hy1.0_m1.0_L4_dn	/pscratch/sd/s/sanzharb/tc_nqs/phase3d/hy1.0/magnetic_hz1.0/L4	2026-09-18T20:40:19Z
58544598	1.0	magnetic_hz1.0	4	chain_dn	1.45	p3d_hy1.0_m1.0_L4_dn	/pscratch/sd/s/sanzharb/tc_nqs/phase3d/hy1.0/magnetic_hz1.0/L4	2026-09-18T20:40:19Z
58544598	1.0	magnetic_hz1.0	4	chain_dn	1.4	p3d_hy1.0_m1.0_L4_dn	/pscratch/sd/s/sanzharb/tc_nqs/phase3d/hy1.0/magnetic_hz1.0/L4	2026-09-18T20:40:19Z
58544598	1.0	magnetic_hz1.0	4	chain_dn	1.35	p3d_hy1.0_m1.0_L4_dn	/pscratch/sd/s/sanzharb/tc_nqs/phase3d/hy1.0/magnetic_hz1.0/L4	2026-09-18T20:40:19Z
58544598	1.0	magnetic_hz1.0	4	chain_dn	1.3	p3d_hy1.0_m1.0_L4_dn	/pscratch/sd/s/sanzharb/tc_nqs/phase3d/hy1.0/magnetic_hz1.0/L4	2026-09-18T20:40:19Z
58546356	y	ycut_hx0.5_hz0	4	chain_dn	1.5	p3d_y_hx0.5_hz0_L4_dn	/pscratch/sd/s/sanzharb/tc_nqs/phase3d/ycuts/ycut_hx0.5_hz0/L4	2026-09-18T21:38:54Z
58546356	y	ycut_hx0.5_hz0	4	chain_dn	1.4	p3d_y_hx0.5_hz0_L4_dn	/pscratch/sd/s/sanzharb/tc_nqs/phase3d/ycuts/ycut_hx0.5_hz0/L4	2026-09-18T21:38:55Z
58546356	y	ycut_hx0.5_hz0	4	chain_dn	1.3	p3d_y_hx0.5_hz0_L4_dn	/pscratch/sd/s/sanzharb/tc_nqs/phase3d/ycuts/ycut_hx0.5_hz0/L4	2026-09-18T21:38:55Z
58546356	y	ycut_hx0.5_hz0	4	chain_dn	1.25	p3d_y_hx0.5_hz0_L4_dn	/pscratch/sd/s/sanzharb/tc_nqs/phase3d/ycuts/ycut_hx0.5_hz0/L4	2026-09-18T21:38:55Z
58546356	y	ycut_hx0.5_hz0	4	chain_dn	1.2	p3d_y_hx0.5_hz0_L4_dn	/pscratch/sd/s/sanzharb/tc_nqs/phase3d/ycuts/ycut_hx0.5_hz0/L4	2026-09-18T21:38:55Z
58546356	y	ycut_hx0.5_hz0	4	chain_dn	1.15	p3d_y_hx0.5_hz0_L4_dn	/pscratch/sd/s/sanzharb/tc_nqs/phase3d/ycuts/ycut_hx0.5_hz0/L4	2026-09-18T21:38:55Z
58546356	y	ycut_hx0.5_hz0	4	chain_dn	1.1	p3d_y_hx0.5_hz0_L4_dn	/pscratch/sd/s/sanzharb/tc_nqs/phase3d/ycuts/ycut_hx0.5_hz0/L4	2026-09-18T21:38:55Z
58546356	y	ycut_hx0.5_hz0	4	chain_dn	1.05	p3d_y_hx0.5_hz0_L4_dn	/pscratch/sd/s/sanzharb/tc_nqs/phase3d/ycuts/ycut_hx0.5_hz0/L4	2026-09-18T21:38:55Z
58546356	y	ycut_hx0.5_hz0	4	chain_dn	1.0	p3d_y_hx0.5_hz0_L4_dn	/pscratch/sd/s/sanzharb/tc_nqs/phase3d/ycuts/ycut_hx0.5_hz0/L4	2026-09-18T21:38:55Z
58549329	1.0	electric_hx0.0	4	refine	0.02	p3d_hy1.0_e0.0_L4	/pscratch/sd/s/sanzharb/tc_nqs/phase3d/hy1.0/electric_hx0.0/L4	2026-09-18T22:40:29Z
58549330	1.0	electric_hx0.0	4	refine	0.06	p3d_hy1.0_e0.0_L4	/pscratch/sd/s/sanzharb/tc_nqs/phase3d/hy1.0/electric_hx0.0/L4	2026-09-18T22:40:34Z
58551570	0.8	electric_hx0.2	4	cold	0.15	p3d_hy0.8_e0.2_L4	/pscratch/sd/s/sanzharb/tc_nqs/phase3d/hy0.8/electric_hx0.2/L4	2026-09-18T23:35:23Z
58551572	y	ycut_hx0.8_hz0.2	4	chain_dn	1.5	p3d_y_hx0.8_hz0.2_L4_dn	/pscratch/sd/s/sanzharb/tc_nqs/phase3d/ycuts/ycut_hx0.8_hz0.2/L4	2026-09-18T23:35:26Z
58551572	y	ycut_hx0.8_hz0.2	4	chain_dn	1.4	p3d_y_hx0.8_hz0.2_L4_dn	/pscratch/sd/s/sanzharb/tc_nqs/phase3d/ycuts/ycut_hx0.8_hz0.2/L4	2026-09-18T23:35:26Z
58551572	y	ycut_hx0.8_hz0.2	4	chain_dn	1.3	p3d_y_hx0.8_hz0.2_L4_dn	/pscratch/sd/s/sanzharb/tc_nqs/phase3d/ycuts/ycut_hx0.8_hz0.2/L4	2026-09-18T23:35:26Z
58551572	y	ycut_hx0.8_hz0.2	4	chain_dn	1.25	p3d_y_hx0.8_hz0.2_L4_dn	/pscratch/sd/s/sanzharb/tc_nqs/phase3d/ycuts/ycut_hx0.8_hz0.2/L4	2026-09-18T23:35:26Z
58551572	y	ycut_hx0.8_hz0.2	4	chain_dn	1.2	p3d_y_hx0.8_hz0.2_L4_dn	/pscratch/sd/s/sanzharb/tc_nqs/phase3d/ycuts/ycut_hx0.8_hz0.2/L4	2026-09-18T23:35:26Z
58551572	y	ycut_hx0.8_hz0.2	4	chain_dn	1.15	p3d_y_hx0.8_hz0.2_L4_dn	/pscratch/sd/s/sanzharb/tc_nqs/phase3d/ycuts/ycut_hx0.8_hz0.2/L4	2026-09-18T23:35:26Z
58551572	y	ycut_hx0.8_hz0.2	4	chain_dn	1.1	p3d_y_hx0.8_hz0.2_L4_dn	/pscratch/sd/s/sanzharb/tc_nqs/phase3d/ycuts/ycut_hx0.8_hz0.2/L4	2026-09-18T23:35:26Z
58551572	y	ycut_hx0.8_hz0.2	4	chain_dn	1.05	p3d_y_hx0.8_hz0.2_L4_dn	/pscratch/sd/s/sanzharb/tc_nqs/phase3d/ycuts/ycut_hx0.8_hz0.2/L4	2026-09-18T23:35:26Z
58551572	y	ycut_hx0.8_hz0.2	4	chain_dn	1.0	p3d_y_hx0.8_hz0.2_L4_dn	/pscratch/sd/s/sanzharb/tc_nqs/phase3d/ycuts/ycut_hx0.8_hz0.2/L4	2026-09-18T23:35:26Z
58555000	y	ycut_hx0_hz0.55	4	chain_dn	1.5	p3d_y_hx0_hz0.55_L4_dn	/pscratch/sd/s/sanzharb/tc_nqs/phase3d/ycuts/ycut_hx0_hz0.55/L4	2026-09-19T01:35:11Z
58555000	y	ycut_hx0_hz0.55	4	chain_dn	1.4	p3d_y_hx0_hz0.55_L4_dn	/pscratch/sd/s/sanzharb/tc_nqs/phase3d/ycuts/ycut_hx0_hz0.55/L4	2026-09-19T01:35:11Z
58555000	y	ycut_hx0_hz0.55	4	chain_dn	1.3	p3d_y_hx0_hz0.55_L4_dn	/pscratch/sd/s/sanzharb/tc_nqs/phase3d/ycuts/ycut_hx0_hz0.55/L4	2026-09-19T01:35:11Z
58555000	y	ycut_hx0_hz0.55	4	chain_dn	1.25	p3d_y_hx0_hz0.55_L4_dn	/pscratch/sd/s/sanzharb/tc_nqs/phase3d/ycuts/ycut_hx0_hz0.55/L4	2026-09-19T01:35:11Z
58555000	y	ycut_hx0_hz0.55	4	chain_dn	1.2	p3d_y_hx0_hz0.55_L4_dn	/pscratch/sd/s/sanzharb/tc_nqs/phase3d/ycuts/ycut_hx0_hz0.55/L4	2026-09-19T01:35:11Z
58555000	y	ycut_hx0_hz0.55	4	chain_dn	1.15	p3d_y_hx0_hz0.55_L4_dn	/pscratch/sd/s/sanzharb/tc_nqs/phase3d/ycuts/ycut_hx0_hz0.55/L4	2026-09-19T01:35:11Z
58555000	y	ycut_hx0_hz0.55	4	chain_dn	1.1	p3d_y_hx0_hz0.55_L4_dn	/pscratch/sd/s/sanzharb/tc_nqs/phase3d/ycuts/ycut_hx0_hz0.55/L4	2026-09-19T01:35:11Z
58555000	y	ycut_hx0_hz0.55	4	chain_dn	1.05	p3d_y_hx0_hz0.55_L4_dn	/pscratch/sd/s/sanzharb/tc_nqs/phase3d/ycuts/ycut_hx0_hz0.55/L4	2026-09-19T01:35:11Z
58555000	y	ycut_hx0_hz0.55	4	chain_dn	1.0	p3d_y_hx0_hz0.55_L4_dn	/pscratch/sd/s/sanzharb/tc_nqs/phase3d/ycuts/ycut_hx0_hz0.55/L4	2026-09-19T01:35:11Z
58571809	0.6	magnetic_hz0.0	4	chain_up_refine	0.725	p3d_hy0.6_m0.0_L4_up	/pscratch/sd/s/sanzharb/tc_nqs/phase3d/hy0.6/magnetic_hz0.0/L4	2026-09-19T06:30:36Z
58571812	0.6	magnetic_hz0.0	4	chain_dn_refine	0.725	p3d_hy0.6_m0.0_L4_dn	/pscratch/sd/s/sanzharb/tc_nqs/phase3d/hy0.6/magnetic_hz0.0/L4	2026-09-19T06:30:36Z
58575076	1.0	electric_hx0.2	4	refine	0.0276	p3d_hy1.0_e0.2_L4	/pscratch/sd/s/sanzharb/tc_nqs/phase3d/hy1.0/electric_hx0.2/L4	2026-09-19T07:40:16Z
58575079	1.0	electric_hx0.2	4	refine	0.0676	p3d_hy1.0_e0.2_L4	/pscratch/sd/s/sanzharb/tc_nqs/phase3d/hy1.0/electric_hx0.2/L4	2026-09-19T07:40:21Z
58583241	0.6	magnetic_hz0.1	4	chain_up_refine	0.725	p3d_hy0.6_m0.1_L4_up	/pscratch/sd/s/sanzharb/tc_nqs/phase3d/hy0.6/magnetic_hz0.1/L4	2026-09-19T12:30:29Z
58583242	0.6	magnetic_hz0.1	4	chain_dn_refine	0.725	p3d_hy0.6_m0.1_L4_dn	/pscratch/sd/s/sanzharb/tc_nqs/phase3d/hy0.6/magnetic_hz0.1/L4	2026-09-19T12:30:29Z
58584571	0.8	magnetic_hz0.0	4	chain_up	0.45	p3d_hy0.8_m0.0_L4_up	/pscratch/sd/s/sanzharb/tc_nqs/phase3d/hy0.8/magnetic_hz0.0/L4	2026-09-19T13:30:37Z
58585135	0.8	magnetic_hz0.0	4	chain_up	0.7	p3d_hy0.8_m0.0_L4_up	/pscratch/sd/s/sanzharb/tc_nqs/phase3d/hy0.8/magnetic_hz0.0/L4	2026-09-19T14:35:13Z
58585135	0.8	magnetic_hz0.0	4	chain_up	0.75	p3d_hy0.8_m0.0_L4_up	/pscratch/sd/s/sanzharb/tc_nqs/phase3d/hy0.8/magnetic_hz0.0/L4	2026-09-19T14:35:13Z
58585135	0.8	magnetic_hz0.0	4	chain_up	0.8	p3d_hy0.8_m0.0_L4_up	/pscratch/sd/s/sanzharb/tc_nqs/phase3d/hy0.8/magnetic_hz0.0/L4	2026-09-19T14:35:13Z
58585135	0.8	magnetic_hz0.0	4	chain_up	0.85	p3d_hy0.8_m0.0_L4_up	/pscratch/sd/s/sanzharb/tc_nqs/phase3d/hy0.8/magnetic_hz0.0/L4	2026-09-19T14:35:13Z
58585135	0.8	magnetic_hz0.0	4	chain_up	0.9	p3d_hy0.8_m0.0_L4_up	/pscratch/sd/s/sanzharb/tc_nqs/phase3d/hy0.8/magnetic_hz0.0/L4	2026-09-19T14:35:13Z
58585135	0.8	magnetic_hz0.0	4	chain_up	0.95	p3d_hy0.8_m0.0_L4_up	/pscratch/sd/s/sanzharb/tc_nqs/phase3d/hy0.8/magnetic_hz0.0/L4	2026-09-19T14:35:13Z
58587919	0.8	magnetic_hz0.0	4	chain_up	0.5	p3d_hy0.8_m0.0_L4_up	/pscratch/sd/s/sanzharb/tc_nqs/phase3d/hy0.8/magnetic_hz0.0/L4	2026-09-19T17:37:17Z
58587919	0.8	magnetic_hz0.0	4	chain_up	0.55	p3d_hy0.8_m0.0_L4_up	/pscratch/sd/s/sanzharb/tc_nqs/phase3d/hy0.8/magnetic_hz0.0/L4	2026-09-19T17:37:17Z
58587919	0.8	magnetic_hz0.0	4	chain_up	0.6	p3d_hy0.8_m0.0_L4_up	/pscratch/sd/s/sanzharb/tc_nqs/phase3d/hy0.8/magnetic_hz0.0/L4	2026-09-19T17:37:17Z
58587919	0.8	magnetic_hz0.0	4	chain_up	0.65	p3d_hy0.8_m0.0_L4_up	/pscratch/sd/s/sanzharb/tc_nqs/phase3d/hy0.8/magnetic_hz0.0/L4	2026-09-19T17:37:17Z
58680153	1.0	electric_hx0.25	4	cold	0.0	p3d_hy1.0_e0.25_L4	/pscratch/sd/s/sanzharb/tc_nqs/phase3d/hy1.0/electric_hx0.25/L4	2026-09-21T06:49:06Z
58680154	1.0	electric_hx0.25	4	cold	0.015	p3d_hy1.0_e0.25_L4	/pscratch/sd/s/sanzharb/tc_nqs/phase3d/hy1.0/electric_hx0.25/L4	2026-09-21T06:49:06Z
58680155	1.0	electric_hx0.25	4	cold	0.03	p3d_hy1.0_e0.25_L4	/pscratch/sd/s/sanzharb/tc_nqs/phase3d/hy1.0/electric_hx0.25/L4	2026-09-21T06:49:06Z
58680156	1.0	electric_hx0.5	4	cold	0.0	p3d_hy1.0_e0.5_L4	/pscratch/sd/s/sanzharb/tc_nqs/phase3d/hy1.0/electric_hx0.5/L4	2026-09-21T06:49:06Z
58680157	1.0	electric_hx0.5	4	cold	0.02	p3d_hy1.0_e0.5_L4	/pscratch/sd/s/sanzharb/tc_nqs/phase3d/hy1.0/electric_hx0.5/L4	2026-09-21T06:49:06Z
58680158	1.0	electric_hx0.5	4	cold	0.04	p3d_hy1.0_e0.5_L4	/pscratch/sd/s/sanzharb/tc_nqs/phase3d/hy1.0/electric_hx0.5/L4	2026-09-21T06:49:06Z
58689262	0.6	electric_hx0.0	4	chain_up	0.02	p3d_hy0.6_e0_L4_up	/pscratch/sd/s/sanzharb/tc_nqs/phase3d/hy0.6/electric_hx0.0/L4	2026-09-21T10:53:25Z
58689262	0.6	electric_hx0.0	4	chain_up	0.05	p3d_hy0.6_e0_L4_up	/pscratch/sd/s/sanzharb/tc_nqs/phase3d/hy0.6/electric_hx0.0/L4	2026-09-21T10:53:25Z
58689262	0.6	electric_hx0.0	4	chain_up	0.08	p3d_hy0.6_e0_L4_up	/pscratch/sd/s/sanzharb/tc_nqs/phase3d/hy0.6/electric_hx0.0/L4	2026-09-21T10:53:25Z
58689262	0.6	electric_hx0.0	4	chain_up	0.11	p3d_hy0.6_e0_L4_up	/pscratch/sd/s/sanzharb/tc_nqs/phase3d/hy0.6/electric_hx0.0/L4	2026-09-21T10:53:25Z
58689262	0.6	electric_hx0.0	4	chain_up	0.14	p3d_hy0.6_e0_L4_up	/pscratch/sd/s/sanzharb/tc_nqs/phase3d/hy0.6/electric_hx0.0/L4	2026-09-21T10:53:25Z
58689262	0.6	electric_hx0.0	4	chain_up	0.17	p3d_hy0.6_e0_L4_up	/pscratch/sd/s/sanzharb/tc_nqs/phase3d/hy0.6/electric_hx0.0/L4	2026-09-21T10:53:25Z
58689262	0.6	electric_hx0.0	4	chain_up	0.2	p3d_hy0.6_e0_L4_up	/pscratch/sd/s/sanzharb/tc_nqs/phase3d/hy0.6/electric_hx0.0/L4	2026-09-21T10:53:25Z
58689262	0.6	electric_hx0.0	4	chain_up	0.23	p3d_hy0.6_e0_L4_up	/pscratch/sd/s/sanzharb/tc_nqs/phase3d/hy0.6/electric_hx0.0/L4	2026-09-21T10:53:25Z
58689262	0.6	electric_hx0.0	4	chain_up	0.26	p3d_hy0.6_e0_L4_up	/pscratch/sd/s/sanzharb/tc_nqs/phase3d/hy0.6/electric_hx0.0/L4	2026-09-21T10:53:25Z
58689262	0.6	electric_hx0.0	4	chain_up	0.29	p3d_hy0.6_e0_L4_up	/pscratch/sd/s/sanzharb/tc_nqs/phase3d/hy0.6/electric_hx0.0/L4	2026-09-21T10:53:25Z
58689262	0.6	electric_hx0.0	4	chain_up	0.32	p3d_hy0.6_e0_L4_up	/pscratch/sd/s/sanzharb/tc_nqs/phase3d/hy0.6/electric_hx0.0/L4	2026-09-21T10:53:25Z
58689262	0.6	electric_hx0.0	4	chain_up	0.36	p3d_hy0.6_e0_L4_up	/pscratch/sd/s/sanzharb/tc_nqs/phase3d/hy0.6/electric_hx0.0/L4	2026-09-21T10:53:25Z
58689262	0.6	electric_hx0.0	4	chain_up	0.4	p3d_hy0.6_e0_L4_up	/pscratch/sd/s/sanzharb/tc_nqs/phase3d/hy0.6/electric_hx0.0/L4	2026-09-21T10:53:25Z
58689263	0.6	electric_hx0.0	4	chain_dn	0.45	p3d_hy0.6_e0_L4_dn	/pscratch/sd/s/sanzharb/tc_nqs/phase3d/hy0.6/electric_hx0.0/L4	2026-09-21T10:53:25Z
58689263	0.6	electric_hx0.0	4	chain_dn	0.4	p3d_hy0.6_e0_L4_dn	/pscratch/sd/s/sanzharb/tc_nqs/phase3d/hy0.6/electric_hx0.0/L4	2026-09-21T10:53:25Z
58689263	0.6	electric_hx0.0	4	chain_dn	0.36	p3d_hy0.6_e0_L4_dn	/pscratch/sd/s/sanzharb/tc_nqs/phase3d/hy0.6/electric_hx0.0/L4	2026-09-21T10:53:25Z
58689263	0.6	electric_hx0.0	4	chain_dn	0.32	p3d_hy0.6_e0_L4_dn	/pscratch/sd/s/sanzharb/tc_nqs/phase3d/hy0.6/electric_hx0.0/L4	2026-09-21T10:53:25Z
58689263	0.6	electric_hx0.0	4	chain_dn	0.29	p3d_hy0.6_e0_L4_dn	/pscratch/sd/s/sanzharb/tc_nqs/phase3d/hy0.6/electric_hx0.0/L4	2026-09-21T10:53:25Z
58689263	0.6	electric_hx0.0	4	chain_dn	0.26	p3d_hy0.6_e0_L4_dn	/pscratch/sd/s/sanzharb/tc_nqs/phase3d/hy0.6/electric_hx0.0/L4	2026-09-21T10:53:25Z
58689263	0.6	electric_hx0.0	4	chain_dn	0.23	p3d_hy0.6_e0_L4_dn	/pscratch/sd/s/sanzharb/tc_nqs/phase3d/hy0.6/electric_hx0.0/L4	2026-09-21T10:53:25Z
58689263	0.6	electric_hx0.0	4	chain_dn	0.2	p3d_hy0.6_e0_L4_dn	/pscratch/sd/s/sanzharb/tc_nqs/phase3d/hy0.6/electric_hx0.0/L4	2026-09-21T10:53:25Z
58689263	0.6	electric_hx0.0	4	chain_dn	0.17	p3d_hy0.6_e0_L4_dn	/pscratch/sd/s/sanzharb/tc_nqs/phase3d/hy0.6/electric_hx0.0/L4	2026-09-21T10:53:25Z
58689263	0.6	electric_hx0.0	4	chain_dn	0.14	p3d_hy0.6_e0_L4_dn	/pscratch/sd/s/sanzharb/tc_nqs/phase3d/hy0.6/electric_hx0.0/L4	2026-09-21T10:53:25Z
58689263	0.6	electric_hx0.0	4	chain_dn	0.11	p3d_hy0.6_e0_L4_dn	/pscratch/sd/s/sanzharb/tc_nqs/phase3d/hy0.6/electric_hx0.0/L4	2026-09-21T10:53:25Z
58689263	0.6	electric_hx0.0	4	chain_dn	0.08	p3d_hy0.6_e0_L4_dn	/pscratch/sd/s/sanzharb/tc_nqs/phase3d/hy0.6/electric_hx0.0/L4	2026-09-21T10:53:25Z
58689263	0.6	electric_hx0.0	4	chain_dn	0.05	p3d_hy0.6_e0_L4_dn	/pscratch/sd/s/sanzharb/tc_nqs/phase3d/hy0.6/electric_hx0.0/L4	2026-09-21T10:53:25Z
58689264	0.8	electric_hx0.0	4	chain_up	0.02	p3d_hy0.8_e0_L4_up	/pscratch/sd/s/sanzharb/tc_nqs/phase3d/hy0.8/electric_hx0.0/L4	2026-09-21T10:53:27Z
58689264	0.8	electric_hx0.0	4	chain_up	0.05	p3d_hy0.8_e0_L4_up	/pscratch/sd/s/sanzharb/tc_nqs/phase3d/hy0.8/electric_hx0.0/L4	2026-09-21T10:53:27Z
58689264	0.8	electric_hx0.0	4	chain_up	0.08	p3d_hy0.8_e0_L4_up	/pscratch/sd/s/sanzharb/tc_nqs/phase3d/hy0.8/electric_hx0.0/L4	2026-09-21T10:53:27Z
58689264	0.8	electric_hx0.0	4	chain_up	0.11	p3d_hy0.8_e0_L4_up	/pscratch/sd/s/sanzharb/tc_nqs/phase3d/hy0.8/electric_hx0.0/L4	2026-09-21T10:53:27Z
58689264	0.8	electric_hx0.0	4	chain_up	0.14	p3d_hy0.8_e0_L4_up	/pscratch/sd/s/sanzharb/tc_nqs/phase3d/hy0.8/electric_hx0.0/L4	2026-09-21T10:53:27Z
58689264	0.8	electric_hx0.0	4	chain_up	0.17	p3d_hy0.8_e0_L4_up	/pscratch/sd/s/sanzharb/tc_nqs/phase3d/hy0.8/electric_hx0.0/L4	2026-09-21T10:53:27Z
58689264	0.8	electric_hx0.0	4	chain_up	0.2	p3d_hy0.8_e0_L4_up	/pscratch/sd/s/sanzharb/tc_nqs/phase3d/hy0.8/electric_hx0.0/L4	2026-09-21T10:53:27Z
58689264	0.8	electric_hx0.0	4	chain_up	0.23	p3d_hy0.8_e0_L4_up	/pscratch/sd/s/sanzharb/tc_nqs/phase3d/hy0.8/electric_hx0.0/L4	2026-09-21T10:53:27Z
58689264	0.8	electric_hx0.0	4	chain_up	0.26	p3d_hy0.8_e0_L4_up	/pscratch/sd/s/sanzharb/tc_nqs/phase3d/hy0.8/electric_hx0.0/L4	2026-09-21T10:53:27Z
58689264	0.8	electric_hx0.0	4	chain_up	0.29	p3d_hy0.8_e0_L4_up	/pscratch/sd/s/sanzharb/tc_nqs/phase3d/hy0.8/electric_hx0.0/L4	2026-09-21T10:53:27Z
58689264	0.8	electric_hx0.0	4	chain_up	0.32	p3d_hy0.8_e0_L4_up	/pscratch/sd/s/sanzharb/tc_nqs/phase3d/hy0.8/electric_hx0.0/L4	2026-09-21T10:53:27Z
58689264	0.8	electric_hx0.0	4	chain_up	0.36	p3d_hy0.8_e0_L4_up	/pscratch/sd/s/sanzharb/tc_nqs/phase3d/hy0.8/electric_hx0.0/L4	2026-09-21T10:53:27Z
58689264	0.8	electric_hx0.0	4	chain_up	0.4	p3d_hy0.8_e0_L4_up	/pscratch/sd/s/sanzharb/tc_nqs/phase3d/hy0.8/electric_hx0.0/L4	2026-09-21T10:53:27Z
58689265	0.8	electric_hx0.0	4	chain_dn	0.45	p3d_hy0.8_e0_L4_dn	/pscratch/sd/s/sanzharb/tc_nqs/phase3d/hy0.8/electric_hx0.0/L4	2026-09-21T10:53:27Z
58689265	0.8	electric_hx0.0	4	chain_dn	0.4	p3d_hy0.8_e0_L4_dn	/pscratch/sd/s/sanzharb/tc_nqs/phase3d/hy0.8/electric_hx0.0/L4	2026-09-21T10:53:27Z
58689265	0.8	electric_hx0.0	4	chain_dn	0.36	p3d_hy0.8_e0_L4_dn	/pscratch/sd/s/sanzharb/tc_nqs/phase3d/hy0.8/electric_hx0.0/L4	2026-09-21T10:53:27Z
58689265	0.8	electric_hx0.0	4	chain_dn	0.32	p3d_hy0.8_e0_L4_dn	/pscratch/sd/s/sanzharb/tc_nqs/phase3d/hy0.8/electric_hx0.0/L4	2026-09-21T10:53:27Z
58689265	0.8	electric_hx0.0	4	chain_dn	0.29	p3d_hy0.8_e0_L4_dn	/pscratch/sd/s/sanzharb/tc_nqs/phase3d/hy0.8/electric_hx0.0/L4	2026-09-21T10:53:27Z
58689265	0.8	electric_hx0.0	4	chain_dn	0.26	p3d_hy0.8_e0_L4_dn	/pscratch/sd/s/sanzharb/tc_nqs/phase3d/hy0.8/electric_hx0.0/L4	2026-09-21T10:53:27Z
58689265	0.8	electric_hx0.0	4	chain_dn	0.23	p3d_hy0.8_e0_L4_dn	/pscratch/sd/s/sanzharb/tc_nqs/phase3d/hy0.8/electric_hx0.0/L4	2026-09-21T10:53:27Z
58689265	0.8	electric_hx0.0	4	chain_dn	0.2	p3d_hy0.8_e0_L4_dn	/pscratch/sd/s/sanzharb/tc_nqs/phase3d/hy0.8/electric_hx0.0/L4	2026-09-21T10:53:27Z
58689265	0.8	electric_hx0.0	4	chain_dn	0.17	p3d_hy0.8_e0_L4_dn	/pscratch/sd/s/sanzharb/tc_nqs/phase3d/hy0.8/electric_hx0.0/L4	2026-09-21T10:53:27Z
58689265	0.8	electric_hx0.0	4	chain_dn	0.14	p3d_hy0.8_e0_L4_dn	/pscratch/sd/s/sanzharb/tc_nqs/phase3d/hy0.8/electric_hx0.0/L4	2026-09-21T10:53:27Z
58689265	0.8	electric_hx0.0	4	chain_dn	0.11	p3d_hy0.8_e0_L4_dn	/pscratch/sd/s/sanzharb/tc_nqs/phase3d/hy0.8/electric_hx0.0/L4	2026-09-21T10:53:27Z
58689265	0.8	electric_hx0.0	4	chain_dn	0.08	p3d_hy0.8_e0_L4_dn	/pscratch/sd/s/sanzharb/tc_nqs/phase3d/hy0.8/electric_hx0.0/L4	2026-09-21T10:53:27Z
58689265	0.8	electric_hx0.0	4	chain_dn	0.05	p3d_hy0.8_e0_L4_dn	/pscratch/sd/s/sanzharb/tc_nqs/phase3d/hy0.8/electric_hx0.0/L4	2026-09-21T10:53:27Z
58689266	1.0	electric_hx0.0	4	chain_up	0.02	p3d_hy1.0_e0_L4_up	/pscratch/sd/s/sanzharb/tc_nqs/phase3d/hy1.0/electric_hx0.0/L4	2026-09-21T10:53:29Z
58689266	1.0	electric_hx0.0	4	chain_up	0.05	p3d_hy1.0_e0_L4_up	/pscratch/sd/s/sanzharb/tc_nqs/phase3d/hy1.0/electric_hx0.0/L4	2026-09-21T10:53:29Z
58689266	1.0	electric_hx0.0	4	chain_up	0.08	p3d_hy1.0_e0_L4_up	/pscratch/sd/s/sanzharb/tc_nqs/phase3d/hy1.0/electric_hx0.0/L4	2026-09-21T10:53:29Z
58689266	1.0	electric_hx0.0	4	chain_up	0.11	p3d_hy1.0_e0_L4_up	/pscratch/sd/s/sanzharb/tc_nqs/phase3d/hy1.0/electric_hx0.0/L4	2026-09-21T10:53:29Z
58689266	1.0	electric_hx0.0	4	chain_up	0.14	p3d_hy1.0_e0_L4_up	/pscratch/sd/s/sanzharb/tc_nqs/phase3d/hy1.0/electric_hx0.0/L4	2026-09-21T10:53:29Z
58689266	1.0	electric_hx0.0	4	chain_up	0.17	p3d_hy1.0_e0_L4_up	/pscratch/sd/s/sanzharb/tc_nqs/phase3d/hy1.0/electric_hx0.0/L4	2026-09-21T10:53:29Z
58689266	1.0	electric_hx0.0	4	chain_up	0.2	p3d_hy1.0_e0_L4_up	/pscratch/sd/s/sanzharb/tc_nqs/phase3d/hy1.0/electric_hx0.0/L4	2026-09-21T10:53:29Z
58689266	1.0	electric_hx0.0	4	chain_up	0.23	p3d_hy1.0_e0_L4_up	/pscratch/sd/s/sanzharb/tc_nqs/phase3d/hy1.0/electric_hx0.0/L4	2026-09-21T10:53:29Z
58689266	1.0	electric_hx0.0	4	chain_up	0.26	p3d_hy1.0_e0_L4_up	/pscratch/sd/s/sanzharb/tc_nqs/phase3d/hy1.0/electric_hx0.0/L4	2026-09-21T10:53:29Z
58689266	1.0	electric_hx0.0	4	chain_up	0.29	p3d_hy1.0_e0_L4_up	/pscratch/sd/s/sanzharb/tc_nqs/phase3d/hy1.0/electric_hx0.0/L4	2026-09-21T10:53:29Z
58689266	1.0	electric_hx0.0	4	chain_up	0.32	p3d_hy1.0_e0_L4_up	/pscratch/sd/s/sanzharb/tc_nqs/phase3d/hy1.0/electric_hx0.0/L4	2026-09-21T10:53:29Z
58689266	1.0	electric_hx0.0	4	chain_up	0.36	p3d_hy1.0_e0_L4_up	/pscratch/sd/s/sanzharb/tc_nqs/phase3d/hy1.0/electric_hx0.0/L4	2026-09-21T10:53:29Z
58689266	1.0	electric_hx0.0	4	chain_up	0.4	p3d_hy1.0_e0_L4_up	/pscratch/sd/s/sanzharb/tc_nqs/phase3d/hy1.0/electric_hx0.0/L4	2026-09-21T10:53:29Z
58689267	1.0	electric_hx0.0	4	chain_dn	0.45	p3d_hy1.0_e0_L4_dn	/pscratch/sd/s/sanzharb/tc_nqs/phase3d/hy1.0/electric_hx0.0/L4	2026-09-21T10:53:29Z
58689267	1.0	electric_hx0.0	4	chain_dn	0.4	p3d_hy1.0_e0_L4_dn	/pscratch/sd/s/sanzharb/tc_nqs/phase3d/hy1.0/electric_hx0.0/L4	2026-09-21T10:53:29Z
58689267	1.0	electric_hx0.0	4	chain_dn	0.36	p3d_hy1.0_e0_L4_dn	/pscratch/sd/s/sanzharb/tc_nqs/phase3d/hy1.0/electric_hx0.0/L4	2026-09-21T10:53:29Z
58689267	1.0	electric_hx0.0	4	chain_dn	0.32	p3d_hy1.0_e0_L4_dn	/pscratch/sd/s/sanzharb/tc_nqs/phase3d/hy1.0/electric_hx0.0/L4	2026-09-21T10:53:29Z
58689267	1.0	electric_hx0.0	4	chain_dn	0.29	p3d_hy1.0_e0_L4_dn	/pscratch/sd/s/sanzharb/tc_nqs/phase3d/hy1.0/electric_hx0.0/L4	2026-09-21T10:53:29Z
58689267	1.0	electric_hx0.0	4	chain_dn	0.26	p3d_hy1.0_e0_L4_dn	/pscratch/sd/s/sanzharb/tc_nqs/phase3d/hy1.0/electric_hx0.0/L4	2026-09-21T10:53:29Z
58689267	1.0	electric_hx0.0	4	chain_dn	0.23	p3d_hy1.0_e0_L4_dn	/pscratch/sd/s/sanzharb/tc_nqs/phase3d/hy1.0/electric_hx0.0/L4	2026-09-21T10:53:29Z
58689267	1.0	electric_hx0.0	4	chain_dn	0.2	p3d_hy1.0_e0_L4_dn	/pscratch/sd/s/sanzharb/tc_nqs/phase3d/hy1.0/electric_hx0.0/L4	2026-09-21T10:53:29Z
58689267	1.0	electric_hx0.0	4	chain_dn	0.17	p3d_hy1.0_e0_L4_dn	/pscratch/sd/s/sanzharb/tc_nqs/phase3d/hy1.0/electric_hx0.0/L4	2026-09-21T10:53:29Z
58689267	1.0	electric_hx0.0	4	chain_dn	0.14	p3d_hy1.0_e0_L4_dn	/pscratch/sd/s/sanzharb/tc_nqs/phase3d/hy1.0/electric_hx0.0/L4	2026-09-21T10:53:29Z
58689267	1.0	electric_hx0.0	4	chain_dn	0.11	p3d_hy1.0_e0_L4_dn	/pscratch/sd/s/sanzharb/tc_nqs/phase3d/hy1.0/electric_hx0.0/L4	2026-09-21T10:53:29Z
58689267	1.0	electric_hx0.0	4	chain_dn	0.08	p3d_hy1.0_e0_L4_dn	/pscratch/sd/s/sanzharb/tc_nqs/phase3d/hy1.0/electric_hx0.0/L4	2026-09-21T10:53:29Z
58689267	1.0	electric_hx0.0	4	chain_dn	0.05	p3d_hy1.0_e0_L4_dn	/pscratch/sd/s/sanzharb/tc_nqs/phase3d/hy1.0/electric_hx0.0/L4	2026-09-21T10:53:29Z
58689269	y	ycut_hx0_hz0.05	4	chain_dn	1.5	p3d_y_hx0_hz0.05_L4_dn	/pscratch/sd/s/sanzharb/tc_nqs/phase3d/ycuts/ycut_hx0_hz0.05/L4	2026-09-21T10:53:30Z
58689269	y	ycut_hx0_hz0.05	4	chain_dn	1.4	p3d_y_hx0_hz0.05_L4_dn	/pscratch/sd/s/sanzharb/tc_nqs/phase3d/ycuts/ycut_hx0_hz0.05/L4	2026-09-21T10:53:30Z
58689269	y	ycut_hx0_hz0.05	4	chain_dn	1.33	p3d_y_hx0_hz0.05_L4_dn	/pscratch/sd/s/sanzharb/tc_nqs/phase3d/ycuts/ycut_hx0_hz0.05/L4	2026-09-21T10:53:30Z
58689269	y	ycut_hx0_hz0.05	4	chain_dn	1.28	p3d_y_hx0_hz0.05_L4_dn	/pscratch/sd/s/sanzharb/tc_nqs/phase3d/ycuts/ycut_hx0_hz0.05/L4	2026-09-21T10:53:30Z
58689269	y	ycut_hx0_hz0.05	4	chain_dn	1.23	p3d_y_hx0_hz0.05_L4_dn	/pscratch/sd/s/sanzharb/tc_nqs/phase3d/ycuts/ycut_hx0_hz0.05/L4	2026-09-21T10:53:30Z
58689269	y	ycut_hx0_hz0.05	4	chain_dn	1.18	p3d_y_hx0_hz0.05_L4_dn	/pscratch/sd/s/sanzharb/tc_nqs/phase3d/ycuts/ycut_hx0_hz0.05/L4	2026-09-21T10:53:30Z
58689269	y	ycut_hx0_hz0.05	4	chain_dn	1.13	p3d_y_hx0_hz0.05_L4_dn	/pscratch/sd/s/sanzharb/tc_nqs/phase3d/ycuts/ycut_hx0_hz0.05/L4	2026-09-21T10:53:30Z
58689269	y	ycut_hx0_hz0.05	4	chain_dn	1.08	p3d_y_hx0_hz0.05_L4_dn	/pscratch/sd/s/sanzharb/tc_nqs/phase3d/ycuts/ycut_hx0_hz0.05/L4	2026-09-21T10:53:30Z
58689269	y	ycut_hx0_hz0.05	4	chain_dn	1.03	p3d_y_hx0_hz0.05_L4_dn	/pscratch/sd/s/sanzharb/tc_nqs/phase3d/ycuts/ycut_hx0_hz0.05/L4	2026-09-21T10:53:30Z
58689270	y	ycut_hx0_hz0.15	4	chain_up	0.6	p3d_y_hx0_hz0.15_L4_up	/pscratch/sd/s/sanzharb/tc_nqs/phase3d/ycuts/ycut_hx0_hz0.15/L4	2026-09-21T10:53:30Z
58689270	y	ycut_hx0_hz0.15	4	chain_up	0.7	p3d_y_hx0_hz0.15_L4_up	/pscratch/sd/s/sanzharb/tc_nqs/phase3d/ycuts/ycut_hx0_hz0.15/L4	2026-09-21T10:53:30Z
58689270	y	ycut_hx0_hz0.15	4	chain_up	0.8	p3d_y_hx0_hz0.15_L4_up	/pscratch/sd/s/sanzharb/tc_nqs/phase3d/ycuts/ycut_hx0_hz0.15/L4	2026-09-21T10:53:30Z
58689270	y	ycut_hx0_hz0.15	4	chain_up	0.9	p3d_y_hx0_hz0.15_L4_up	/pscratch/sd/s/sanzharb/tc_nqs/phase3d/ycuts/ycut_hx0_hz0.15/L4	2026-09-21T10:53:30Z
58689270	y	ycut_hx0_hz0.15	4	chain_up	1.0	p3d_y_hx0_hz0.15_L4_up	/pscratch/sd/s/sanzharb/tc_nqs/phase3d/ycuts/ycut_hx0_hz0.15/L4	2026-09-21T10:53:30Z
58689270	y	ycut_hx0_hz0.15	4	chain_up	1.02	p3d_y_hx0_hz0.15_L4_up	/pscratch/sd/s/sanzharb/tc_nqs/phase3d/ycuts/ycut_hx0_hz0.15/L4	2026-09-21T10:53:30Z
58689270	y	ycut_hx0_hz0.15	4	chain_up	1.07	p3d_y_hx0_hz0.15_L4_up	/pscratch/sd/s/sanzharb/tc_nqs/phase3d/ycuts/ycut_hx0_hz0.15/L4	2026-09-21T10:53:30Z
58689270	y	ycut_hx0_hz0.15	4	chain_up	1.12	p3d_y_hx0_hz0.15_L4_up	/pscratch/sd/s/sanzharb/tc_nqs/phase3d/ycuts/ycut_hx0_hz0.15/L4	2026-09-21T10:53:30Z
58689270	y	ycut_hx0_hz0.15	4	chain_up	1.17	p3d_y_hx0_hz0.15_L4_up	/pscratch/sd/s/sanzharb/tc_nqs/phase3d/ycuts/ycut_hx0_hz0.15/L4	2026-09-21T10:53:30Z
58689270	y	ycut_hx0_hz0.15	4	chain_up	1.22	p3d_y_hx0_hz0.15_L4_up	/pscratch/sd/s/sanzharb/tc_nqs/phase3d/ycuts/ycut_hx0_hz0.15/L4	2026-09-21T10:53:30Z
58689270	y	ycut_hx0_hz0.15	4	chain_up	1.27	p3d_y_hx0_hz0.15_L4_up	/pscratch/sd/s/sanzharb/tc_nqs/phase3d/ycuts/ycut_hx0_hz0.15/L4	2026-09-21T10:53:30Z
58689270	y	ycut_hx0_hz0.15	4	chain_up	1.32	p3d_y_hx0_hz0.15_L4_up	/pscratch/sd/s/sanzharb/tc_nqs/phase3d/ycuts/ycut_hx0_hz0.15/L4	2026-09-21T10:53:30Z
58689271	y	ycut_hx0_hz0.15	4	chain_dn	1.5	p3d_y_hx0_hz0.15_L4_dn	/pscratch/sd/s/sanzharb/tc_nqs/phase3d/ycuts/ycut_hx0_hz0.15/L4	2026-09-21T10:53:30Z
58689271	y	ycut_hx0_hz0.15	4	chain_dn	1.4	p3d_y_hx0_hz0.15_L4_dn	/pscratch/sd/s/sanzharb/tc_nqs/phase3d/ycuts/ycut_hx0_hz0.15/L4	2026-09-21T10:53:30Z
58689271	y	ycut_hx0_hz0.15	4	chain_dn	1.32	p3d_y_hx0_hz0.15_L4_dn	/pscratch/sd/s/sanzharb/tc_nqs/phase3d/ycuts/ycut_hx0_hz0.15/L4	2026-09-21T10:53:30Z
58689271	y	ycut_hx0_hz0.15	4	chain_dn	1.27	p3d_y_hx0_hz0.15_L4_dn	/pscratch/sd/s/sanzharb/tc_nqs/phase3d/ycuts/ycut_hx0_hz0.15/L4	2026-09-21T10:53:30Z
58689271	y	ycut_hx0_hz0.15	4	chain_dn	1.22	p3d_y_hx0_hz0.15_L4_dn	/pscratch/sd/s/sanzharb/tc_nqs/phase3d/ycuts/ycut_hx0_hz0.15/L4	2026-09-21T10:53:30Z
58689271	y	ycut_hx0_hz0.15	4	chain_dn	1.17	p3d_y_hx0_hz0.15_L4_dn	/pscratch/sd/s/sanzharb/tc_nqs/phase3d/ycuts/ycut_hx0_hz0.15/L4	2026-09-21T10:53:30Z
58689271	y	ycut_hx0_hz0.15	4	chain_dn	1.12	p3d_y_hx0_hz0.15_L4_dn	/pscratch/sd/s/sanzharb/tc_nqs/phase3d/ycuts/ycut_hx0_hz0.15/L4	2026-09-21T10:53:30Z
58689271	y	ycut_hx0_hz0.15	4	chain_dn	1.07	p3d_y_hx0_hz0.15_L4_dn	/pscratch/sd/s/sanzharb/tc_nqs/phase3d/ycuts/ycut_hx0_hz0.15/L4	2026-09-21T10:53:30Z
58689271	y	ycut_hx0_hz0.15	4	chain_dn	1.02	p3d_y_hx0_hz0.15_L4_dn	/pscratch/sd/s/sanzharb/tc_nqs/phase3d/ycuts/ycut_hx0_hz0.15/L4	2026-09-21T10:53:30Z
58689272	y	ycut_hx0.2_hz0	4	chain_up	0.6	p3d_y_hx0.2_hz0_L4_up	/pscratch/sd/s/sanzharb/tc_nqs/phase3d/ycuts/ycut_hx0.2_hz0/L4	2026-09-21T10:53:31Z
58689272	y	ycut_hx0.2_hz0	4	chain_up	0.7	p3d_y_hx0.2_hz0_L4_up	/pscratch/sd/s/sanzharb/tc_nqs/phase3d/ycuts/ycut_hx0.2_hz0/L4	2026-09-21T10:53:31Z
58689272	y	ycut_hx0.2_hz0	4	chain_up	0.8	p3d_y_hx0.2_hz0_L4_up	/pscratch/sd/s/sanzharb/tc_nqs/phase3d/ycuts/ycut_hx0.2_hz0/L4	2026-09-21T10:53:31Z
58689272	y	ycut_hx0.2_hz0	4	chain_up	0.9	p3d_y_hx0.2_hz0_L4_up	/pscratch/sd/s/sanzharb/tc_nqs/phase3d/ycuts/ycut_hx0.2_hz0/L4	2026-09-21T10:53:31Z
58689272	y	ycut_hx0.2_hz0	4	chain_up	1.0	p3d_y_hx0.2_hz0_L4_up	/pscratch/sd/s/sanzharb/tc_nqs/phase3d/ycuts/ycut_hx0.2_hz0/L4	2026-09-21T10:53:31Z
58689272	y	ycut_hx0.2_hz0	4	chain_up	1.01	p3d_y_hx0.2_hz0_L4_up	/pscratch/sd/s/sanzharb/tc_nqs/phase3d/ycuts/ycut_hx0.2_hz0/L4	2026-09-21T10:53:31Z
58689272	y	ycut_hx0.2_hz0	4	chain_up	1.06	p3d_y_hx0.2_hz0_L4_up	/pscratch/sd/s/sanzharb/tc_nqs/phase3d/ycuts/ycut_hx0.2_hz0/L4	2026-09-21T10:53:31Z
58689272	y	ycut_hx0.2_hz0	4	chain_up	1.11	p3d_y_hx0.2_hz0_L4_up	/pscratch/sd/s/sanzharb/tc_nqs/phase3d/ycuts/ycut_hx0.2_hz0/L4	2026-09-21T10:53:31Z
58689272	y	ycut_hx0.2_hz0	4	chain_up	1.16	p3d_y_hx0.2_hz0_L4_up	/pscratch/sd/s/sanzharb/tc_nqs/phase3d/ycuts/ycut_hx0.2_hz0/L4	2026-09-21T10:53:31Z
58689272	y	ycut_hx0.2_hz0	4	chain_up	1.21	p3d_y_hx0.2_hz0_L4_up	/pscratch/sd/s/sanzharb/tc_nqs/phase3d/ycuts/ycut_hx0.2_hz0/L4	2026-09-21T10:53:31Z
58689272	y	ycut_hx0.2_hz0	4	chain_up	1.26	p3d_y_hx0.2_hz0_L4_up	/pscratch/sd/s/sanzharb/tc_nqs/phase3d/ycuts/ycut_hx0.2_hz0/L4	2026-09-21T10:53:31Z
58689272	y	ycut_hx0.2_hz0	4	chain_up	1.31	p3d_y_hx0.2_hz0_L4_up	/pscratch/sd/s/sanzharb/tc_nqs/phase3d/ycuts/ycut_hx0.2_hz0/L4	2026-09-21T10:53:31Z
58689273	y	ycut_hx0.2_hz0	4	chain_dn	1.5	p3d_y_hx0.2_hz0_L4_dn	/pscratch/sd/s/sanzharb/tc_nqs/phase3d/ycuts/ycut_hx0.2_hz0/L4	2026-09-21T10:53:31Z
58689273	y	ycut_hx0.2_hz0	4	chain_dn	1.4	p3d_y_hx0.2_hz0_L4_dn	/pscratch/sd/s/sanzharb/tc_nqs/phase3d/ycuts/ycut_hx0.2_hz0/L4	2026-09-21T10:53:31Z
58689273	y	ycut_hx0.2_hz0	4	chain_dn	1.31	p3d_y_hx0.2_hz0_L4_dn	/pscratch/sd/s/sanzharb/tc_nqs/phase3d/ycuts/ycut_hx0.2_hz0/L4	2026-09-21T10:53:31Z
58689273	y	ycut_hx0.2_hz0	4	chain_dn	1.26	p3d_y_hx0.2_hz0_L4_dn	/pscratch/sd/s/sanzharb/tc_nqs/phase3d/ycuts/ycut_hx0.2_hz0/L4	2026-09-21T10:53:31Z
58689273	y	ycut_hx0.2_hz0	4	chain_dn	1.21	p3d_y_hx0.2_hz0_L4_dn	/pscratch/sd/s/sanzharb/tc_nqs/phase3d/ycuts/ycut_hx0.2_hz0/L4	2026-09-21T10:53:31Z
58689273	y	ycut_hx0.2_hz0	4	chain_dn	1.16	p3d_y_hx0.2_hz0_L4_dn	/pscratch/sd/s/sanzharb/tc_nqs/phase3d/ycuts/ycut_hx0.2_hz0/L4	2026-09-21T10:53:31Z
58689273	y	ycut_hx0.2_hz0	4	chain_dn	1.11	p3d_y_hx0.2_hz0_L4_dn	/pscratch/sd/s/sanzharb/tc_nqs/phase3d/ycuts/ycut_hx0.2_hz0/L4	2026-09-21T10:53:31Z
58689273	y	ycut_hx0.2_hz0	4	chain_dn	1.06	p3d_y_hx0.2_hz0_L4_dn	/pscratch/sd/s/sanzharb/tc_nqs/phase3d/ycuts/ycut_hx0.2_hz0/L4	2026-09-21T10:53:31Z
58689273	y	ycut_hx0.2_hz0	4	chain_dn	1.01	p3d_y_hx0.2_hz0_L4_dn	/pscratch/sd/s/sanzharb/tc_nqs/phase3d/ycuts/ycut_hx0.2_hz0/L4	2026-09-21T10:53:31Z
58689275	y	ycut_hx0.4_hz0	4	chain_dn	1.5	p3d_y_hx0.4_hz0_L4_dn	/pscratch/sd/s/sanzharb/tc_nqs/phase3d/ycuts/ycut_hx0.4_hz0/L4	2026-09-21T10:53:31Z
58689275	y	ycut_hx0.4_hz0	4	chain_dn	1.4	p3d_y_hx0.4_hz0_L4_dn	/pscratch/sd/s/sanzharb/tc_nqs/phase3d/ycuts/ycut_hx0.4_hz0/L4	2026-09-21T10:53:31Z
58689275	y	ycut_hx0.4_hz0	4	chain_dn	1.3	p3d_y_hx0.4_hz0_L4_dn	/pscratch/sd/s/sanzharb/tc_nqs/phase3d/ycuts/ycut_hx0.4_hz0/L4	2026-09-21T10:53:31Z
58689275	y	ycut_hx0.4_hz0	4	chain_dn	1.26	p3d_y_hx0.4_hz0_L4_dn	/pscratch/sd/s/sanzharb/tc_nqs/phase3d/ycuts/ycut_hx0.4_hz0/L4	2026-09-21T10:53:31Z
58689275	y	ycut_hx0.4_hz0	4	chain_dn	1.21	p3d_y_hx0.4_hz0_L4_dn	/pscratch/sd/s/sanzharb/tc_nqs/phase3d/ycuts/ycut_hx0.4_hz0/L4	2026-09-21T10:53:31Z
58689275	y	ycut_hx0.4_hz0	4	chain_dn	1.16	p3d_y_hx0.4_hz0_L4_dn	/pscratch/sd/s/sanzharb/tc_nqs/phase3d/ycuts/ycut_hx0.4_hz0/L4	2026-09-21T10:53:31Z
58689275	y	ycut_hx0.4_hz0	4	chain_dn	1.11	p3d_y_hx0.4_hz0_L4_dn	/pscratch/sd/s/sanzharb/tc_nqs/phase3d/ycuts/ycut_hx0.4_hz0/L4	2026-09-21T10:53:31Z
58689275	y	ycut_hx0.4_hz0	4	chain_dn	1.06	p3d_y_hx0.4_hz0_L4_dn	/pscratch/sd/s/sanzharb/tc_nqs/phase3d/ycuts/ycut_hx0.4_hz0/L4	2026-09-21T10:53:31Z
58689275	y	ycut_hx0.4_hz0	4	chain_dn	1.01	p3d_y_hx0.4_hz0_L4_dn	/pscratch/sd/s/sanzharb/tc_nqs/phase3d/ycuts/ycut_hx0.4_hz0/L4	2026-09-21T10:53:31Z
58689275	y	ycut_hx0.4_hz0	4	chain_dn	0.96	p3d_y_hx0.4_hz0_L4_dn	/pscratch/sd/s/sanzharb/tc_nqs/phase3d/ycuts/ycut_hx0.4_hz0/L4	2026-09-21T10:53:31Z
58689276	y	ycut_hx0.6_hz0	4	chain_up	0.6	p3d_y_hx0.6_hz0_L4_up	/pscratch/sd/s/sanzharb/tc_nqs/phase3d/ycuts/ycut_hx0.6_hz0/L4	2026-09-21T10:53:31Z
58689276	y	ycut_hx0.6_hz0	4	chain_up	0.7	p3d_y_hx0.6_hz0_L4_up	/pscratch/sd/s/sanzharb/tc_nqs/phase3d/ycuts/ycut_hx0.6_hz0/L4	2026-09-21T10:53:31Z
58689276	y	ycut_hx0.6_hz0	4	chain_up	0.8	p3d_y_hx0.6_hz0_L4_up	/pscratch/sd/s/sanzharb/tc_nqs/phase3d/ycuts/ycut_hx0.6_hz0/L4	2026-09-21T10:53:31Z
58689276	y	ycut_hx0.6_hz0	4	chain_up	0.87	p3d_y_hx0.6_hz0_L4_up	/pscratch/sd/s/sanzharb/tc_nqs/phase3d/ycuts/ycut_hx0.6_hz0/L4	2026-09-21T10:53:31Z
58689276	y	ycut_hx0.6_hz0	4	chain_up	0.92	p3d_y_hx0.6_hz0_L4_up	/pscratch/sd/s/sanzharb/tc_nqs/phase3d/ycuts/ycut_hx0.6_hz0/L4	2026-09-21T10:53:31Z
58689276	y	ycut_hx0.6_hz0	4	chain_up	0.97	p3d_y_hx0.6_hz0_L4_up	/pscratch/sd/s/sanzharb/tc_nqs/phase3d/ycuts/ycut_hx0.6_hz0/L4	2026-09-21T10:53:31Z
58689276	y	ycut_hx0.6_hz0	4	chain_up	1.02	p3d_y_hx0.6_hz0_L4_up	/pscratch/sd/s/sanzharb/tc_nqs/phase3d/ycuts/ycut_hx0.6_hz0/L4	2026-09-21T10:53:31Z
58689276	y	ycut_hx0.6_hz0	4	chain_up	1.07	p3d_y_hx0.6_hz0_L4_up	/pscratch/sd/s/sanzharb/tc_nqs/phase3d/ycuts/ycut_hx0.6_hz0/L4	2026-09-21T10:53:31Z
58689276	y	ycut_hx0.6_hz0	4	chain_up	1.12	p3d_y_hx0.6_hz0_L4_up	/pscratch/sd/s/sanzharb/tc_nqs/phase3d/ycuts/ycut_hx0.6_hz0/L4	2026-09-21T10:53:31Z
58689276	y	ycut_hx0.6_hz0	4	chain_up	1.17	p3d_y_hx0.6_hz0_L4_up	/pscratch/sd/s/sanzharb/tc_nqs/phase3d/ycuts/ycut_hx0.6_hz0/L4	2026-09-21T10:53:31Z
58689277	y	ycut_hx0.6_hz0	4	chain_dn	1.5	p3d_y_hx0.6_hz0_L4_dn	/pscratch/sd/s/sanzharb/tc_nqs/phase3d/ycuts/ycut_hx0.6_hz0/L4	2026-09-21T10:53:31Z
58689277	y	ycut_hx0.6_hz0	4	chain_dn	1.4	p3d_y_hx0.6_hz0_L4_dn	/pscratch/sd/s/sanzharb/tc_nqs/phase3d/ycuts/ycut_hx0.6_hz0/L4	2026-09-21T10:53:31Z
58689277	y	ycut_hx0.6_hz0	4	chain_dn	1.3	p3d_y_hx0.6_hz0_L4_dn	/pscratch/sd/s/sanzharb/tc_nqs/phase3d/ycuts/ycut_hx0.6_hz0/L4	2026-09-21T10:53:31Z
58689277	y	ycut_hx0.6_hz0	4	chain_dn	1.2	p3d_y_hx0.6_hz0_L4_dn	/pscratch/sd/s/sanzharb/tc_nqs/phase3d/ycuts/ycut_hx0.6_hz0/L4	2026-09-21T10:53:31Z
58689277	y	ycut_hx0.6_hz0	4	chain_dn	1.17	p3d_y_hx0.6_hz0_L4_dn	/pscratch/sd/s/sanzharb/tc_nqs/phase3d/ycuts/ycut_hx0.6_hz0/L4	2026-09-21T10:53:31Z
58689277	y	ycut_hx0.6_hz0	4	chain_dn	1.12	p3d_y_hx0.6_hz0_L4_dn	/pscratch/sd/s/sanzharb/tc_nqs/phase3d/ycuts/ycut_hx0.6_hz0/L4	2026-09-21T10:53:31Z
58689277	y	ycut_hx0.6_hz0	4	chain_dn	1.07	p3d_y_hx0.6_hz0_L4_dn	/pscratch/sd/s/sanzharb/tc_nqs/phase3d/ycuts/ycut_hx0.6_hz0/L4	2026-09-21T10:53:31Z
58689277	y	ycut_hx0.6_hz0	4	chain_dn	1.02	p3d_y_hx0.6_hz0_L4_dn	/pscratch/sd/s/sanzharb/tc_nqs/phase3d/ycuts/ycut_hx0.6_hz0/L4	2026-09-21T10:53:31Z
58689277	y	ycut_hx0.6_hz0	4	chain_dn	0.97	p3d_y_hx0.6_hz0_L4_dn	/pscratch/sd/s/sanzharb/tc_nqs/phase3d/ycuts/ycut_hx0.6_hz0/L4	2026-09-21T10:53:31Z
58689277	y	ycut_hx0.6_hz0	4	chain_dn	0.92	p3d_y_hx0.6_hz0_L4_dn	/pscratch/sd/s/sanzharb/tc_nqs/phase3d/ycuts/ycut_hx0.6_hz0/L4	2026-09-21T10:53:31Z
58689277	y	ycut_hx0.6_hz0	4	chain_dn	0.87	p3d_y_hx0.6_hz0_L4_dn	/pscratch/sd/s/sanzharb/tc_nqs/phase3d/ycuts/ycut_hx0.6_hz0/L4	2026-09-21T10:53:31Z
58711879	0.8	electric_hx0.0	4	refine	0.1806	p3d_hy0.8_e0.0_L4	/pscratch/sd/s/sanzharb/tc_nqs/phase3d/hy0.8/electric_hx0.0/L4	2026-09-21T22:35:24Z
58711880	0.8	electric_hx0.0	4	refine	0.2206	p3d_hy0.8_e0.0_L4	/pscratch/sd/s/sanzharb/tc_nqs/phase3d/hy0.8/electric_hx0.0/L4	2026-09-21T22:35:24Z
58744241	y	ycut_hx0_hz0.05	4	chain_up	0.6	p3d_y_hx0_hz0.05_L4_up	/pscratch/sd/s/sanzharb/tc_nqs/phase3d/ycuts/ycut_hx0_hz0.05/L4	2026-09-22T09:26:42Z
58744241	y	ycut_hx0_hz0.05	4	chain_up	0.7	p3d_y_hx0_hz0.05_L4_up	/pscratch/sd/s/sanzharb/tc_nqs/phase3d/ycuts/ycut_hx0_hz0.05/L4	2026-09-22T09:26:42Z
58744241	y	ycut_hx0_hz0.05	4	chain_up	0.8	p3d_y_hx0_hz0.05_L4_up	/pscratch/sd/s/sanzharb/tc_nqs/phase3d/ycuts/ycut_hx0_hz0.05/L4	2026-09-22T09:26:42Z
58744241	y	ycut_hx0_hz0.05	4	chain_up	0.9	p3d_y_hx0_hz0.05_L4_up	/pscratch/sd/s/sanzharb/tc_nqs/phase3d/ycuts/ycut_hx0_hz0.05/L4	2026-09-22T09:26:42Z
58744241	y	ycut_hx0_hz0.05	4	chain_up	1.0	p3d_y_hx0_hz0.05_L4_up	/pscratch/sd/s/sanzharb/tc_nqs/phase3d/ycuts/ycut_hx0_hz0.05/L4	2026-09-22T09:26:42Z
58744241	y	ycut_hx0_hz0.05	4	chain_up	1.03	p3d_y_hx0_hz0.05_L4_up	/pscratch/sd/s/sanzharb/tc_nqs/phase3d/ycuts/ycut_hx0_hz0.05/L4	2026-09-22T09:26:42Z
58744241	y	ycut_hx0_hz0.05	4	chain_up	1.08	p3d_y_hx0_hz0.05_L4_up	/pscratch/sd/s/sanzharb/tc_nqs/phase3d/ycuts/ycut_hx0_hz0.05/L4	2026-09-22T09:26:42Z
58744241	y	ycut_hx0_hz0.05	4	chain_up	1.13	p3d_y_hx0_hz0.05_L4_up	/pscratch/sd/s/sanzharb/tc_nqs/phase3d/ycuts/ycut_hx0_hz0.05/L4	2026-09-22T09:26:42Z
58744241	y	ycut_hx0_hz0.05	4	chain_up	1.18	p3d_y_hx0_hz0.05_L4_up	/pscratch/sd/s/sanzharb/tc_nqs/phase3d/ycuts/ycut_hx0_hz0.05/L4	2026-09-22T09:26:42Z
58744241	y	ycut_hx0_hz0.05	4	chain_up	1.23	p3d_y_hx0_hz0.05_L4_up	/pscratch/sd/s/sanzharb/tc_nqs/phase3d/ycuts/ycut_hx0_hz0.05/L4	2026-09-22T09:26:42Z
58744241	y	ycut_hx0_hz0.05	4	chain_up	1.28	p3d_y_hx0_hz0.05_L4_up	/pscratch/sd/s/sanzharb/tc_nqs/phase3d/ycuts/ycut_hx0_hz0.05/L4	2026-09-22T09:26:42Z
58744241	y	ycut_hx0_hz0.05	4	chain_up	1.33	p3d_y_hx0_hz0.05_L4_up	/pscratch/sd/s/sanzharb/tc_nqs/phase3d/ycuts/ycut_hx0_hz0.05/L4	2026-09-22T09:26:42Z
58744247	y	ycut_hx0.4_hz0	4	chain_up	0.6	p3d_y_hx0.4_hz0_L4_up	/pscratch/sd/s/sanzharb/tc_nqs/phase3d/ycuts/ycut_hx0.4_hz0/L4	2026-09-22T09:26:45Z
58744247	y	ycut_hx0.4_hz0	4	chain_up	0.7	p3d_y_hx0.4_hz0_L4_up	/pscratch/sd/s/sanzharb/tc_nqs/phase3d/ycuts/ycut_hx0.4_hz0/L4	2026-09-22T09:26:45Z
58744247	y	ycut_hx0.4_hz0	4	chain_up	0.8	p3d_y_hx0.4_hz0_L4_up	/pscratch/sd/s/sanzharb/tc_nqs/phase3d/ycuts/ycut_hx0.4_hz0/L4	2026-09-22T09:26:45Z
58744247	y	ycut_hx0.4_hz0	4	chain_up	0.9	p3d_y_hx0.4_hz0_L4_up	/pscratch/sd/s/sanzharb/tc_nqs/phase3d/ycuts/ycut_hx0.4_hz0/L4	2026-09-22T09:26:45Z
58744247	y	ycut_hx0.4_hz0	4	chain_up	0.96	p3d_y_hx0.4_hz0_L4_up	/pscratch/sd/s/sanzharb/tc_nqs/phase3d/ycuts/ycut_hx0.4_hz0/L4	2026-09-22T09:26:45Z
58744247	y	ycut_hx0.4_hz0	4	chain_up	1.01	p3d_y_hx0.4_hz0_L4_up	/pscratch/sd/s/sanzharb/tc_nqs/phase3d/ycuts/ycut_hx0.4_hz0/L4	2026-09-22T09:26:45Z
58744247	y	ycut_hx0.4_hz0	4	chain_up	1.06	p3d_y_hx0.4_hz0_L4_up	/pscratch/sd/s/sanzharb/tc_nqs/phase3d/ycuts/ycut_hx0.4_hz0/L4	2026-09-22T09:26:45Z
58744247	y	ycut_hx0.4_hz0	4	chain_up	1.11	p3d_y_hx0.4_hz0_L4_up	/pscratch/sd/s/sanzharb/tc_nqs/phase3d/ycuts/ycut_hx0.4_hz0/L4	2026-09-22T09:26:45Z
58744247	y	ycut_hx0.4_hz0	4	chain_up	1.16	p3d_y_hx0.4_hz0_L4_up	/pscratch/sd/s/sanzharb/tc_nqs/phase3d/ycuts/ycut_hx0.4_hz0/L4	2026-09-22T09:26:45Z
58744247	y	ycut_hx0.4_hz0	4	chain_up	1.21	p3d_y_hx0.4_hz0_L4_up	/pscratch/sd/s/sanzharb/tc_nqs/phase3d/ycuts/ycut_hx0.4_hz0/L4	2026-09-22T09:26:45Z
58744247	y	ycut_hx0.4_hz0	4	chain_up	1.26	p3d_y_hx0.4_hz0_L4_up	/pscratch/sd/s/sanzharb/tc_nqs/phase3d/ycuts/ycut_hx0.4_hz0/L4	2026-09-22T09:26:45Z
58744879	1.0	electric_hx0.2	4	chain_up	0.02	p3d_hy1.0_e0.2_L4_up	/pscratch/sd/s/sanzharb/tc_nqs/phase3d/hy1.0/electric_hx0.2/L4	2026-09-22T10:04:33Z
58744879	1.0	electric_hx0.2	4	chain_up	0.05	p3d_hy1.0_e0.2_L4_up	/pscratch/sd/s/sanzharb/tc_nqs/phase3d/hy1.0/electric_hx0.2/L4	2026-09-22T10:04:33Z
58744879	1.0	electric_hx0.2	4	chain_up	0.08	p3d_hy1.0_e0.2_L4_up	/pscratch/sd/s/sanzharb/tc_nqs/phase3d/hy1.0/electric_hx0.2/L4	2026-09-22T10:04:33Z
58744879	1.0	electric_hx0.2	4	chain_up	0.11	p3d_hy1.0_e0.2_L4_up	/pscratch/sd/s/sanzharb/tc_nqs/phase3d/hy1.0/electric_hx0.2/L4	2026-09-22T10:04:33Z
58744879	1.0	electric_hx0.2	4	chain_up	0.14	p3d_hy1.0_e0.2_L4_up	/pscratch/sd/s/sanzharb/tc_nqs/phase3d/hy1.0/electric_hx0.2/L4	2026-09-22T10:04:33Z
58744879	1.0	electric_hx0.2	4	chain_up	0.17	p3d_hy1.0_e0.2_L4_up	/pscratch/sd/s/sanzharb/tc_nqs/phase3d/hy1.0/electric_hx0.2/L4	2026-09-22T10:04:33Z
58744879	1.0	electric_hx0.2	4	chain_up	0.2	p3d_hy1.0_e0.2_L4_up	/pscratch/sd/s/sanzharb/tc_nqs/phase3d/hy1.0/electric_hx0.2/L4	2026-09-22T10:04:33Z
58744879	1.0	electric_hx0.2	4	chain_up	0.23	p3d_hy1.0_e0.2_L4_up	/pscratch/sd/s/sanzharb/tc_nqs/phase3d/hy1.0/electric_hx0.2/L4	2026-09-22T10:04:33Z
58744879	1.0	electric_hx0.2	4	chain_up	0.26	p3d_hy1.0_e0.2_L4_up	/pscratch/sd/s/sanzharb/tc_nqs/phase3d/hy1.0/electric_hx0.2/L4	2026-09-22T10:04:33Z
58744879	1.0	electric_hx0.2	4	chain_up	0.29	p3d_hy1.0_e0.2_L4_up	/pscratch/sd/s/sanzharb/tc_nqs/phase3d/hy1.0/electric_hx0.2/L4	2026-09-22T10:04:33Z
58744879	1.0	electric_hx0.2	4	chain_up	0.32	p3d_hy1.0_e0.2_L4_up	/pscratch/sd/s/sanzharb/tc_nqs/phase3d/hy1.0/electric_hx0.2/L4	2026-09-22T10:04:33Z
58744879	1.0	electric_hx0.2	4	chain_up	0.36	p3d_hy1.0_e0.2_L4_up	/pscratch/sd/s/sanzharb/tc_nqs/phase3d/hy1.0/electric_hx0.2/L4	2026-09-22T10:04:33Z
58744879	1.0	electric_hx0.2	4	chain_up	0.4	p3d_hy1.0_e0.2_L4_up	/pscratch/sd/s/sanzharb/tc_nqs/phase3d/hy1.0/electric_hx0.2/L4	2026-09-22T10:04:33Z
58744880	1.0	electric_hx0.2	4	chain_dn	0.45	p3d_hy1.0_e0.2_L4_dn	/pscratch/sd/s/sanzharb/tc_nqs/phase3d/hy1.0/electric_hx0.2/L4	2026-09-22T10:04:35Z
58744880	1.0	electric_hx0.2	4	chain_dn	0.4	p3d_hy1.0_e0.2_L4_dn	/pscratch/sd/s/sanzharb/tc_nqs/phase3d/hy1.0/electric_hx0.2/L4	2026-09-22T10:04:35Z
58744880	1.0	electric_hx0.2	4	chain_dn	0.36	p3d_hy1.0_e0.2_L4_dn	/pscratch/sd/s/sanzharb/tc_nqs/phase3d/hy1.0/electric_hx0.2/L4	2026-09-22T10:04:35Z
58744880	1.0	electric_hx0.2	4	chain_dn	0.32	p3d_hy1.0_e0.2_L4_dn	/pscratch/sd/s/sanzharb/tc_nqs/phase3d/hy1.0/electric_hx0.2/L4	2026-09-22T10:04:35Z
58744880	1.0	electric_hx0.2	4	chain_dn	0.29	p3d_hy1.0_e0.2_L4_dn	/pscratch/sd/s/sanzharb/tc_nqs/phase3d/hy1.0/electric_hx0.2/L4	2026-09-22T10:04:35Z
58744880	1.0	electric_hx0.2	4	chain_dn	0.26	p3d_hy1.0_e0.2_L4_dn	/pscratch/sd/s/sanzharb/tc_nqs/phase3d/hy1.0/electric_hx0.2/L4	2026-09-22T10:04:35Z
58744880	1.0	electric_hx0.2	4	chain_dn	0.23	p3d_hy1.0_e0.2_L4_dn	/pscratch/sd/s/sanzharb/tc_nqs/phase3d/hy1.0/electric_hx0.2/L4	2026-09-22T10:04:35Z
58744880	1.0	electric_hx0.2	4	chain_dn	0.2	p3d_hy1.0_e0.2_L4_dn	/pscratch/sd/s/sanzharb/tc_nqs/phase3d/hy1.0/electric_hx0.2/L4	2026-09-22T10:04:35Z
58744880	1.0	electric_hx0.2	4	chain_dn	0.17	p3d_hy1.0_e0.2_L4_dn	/pscratch/sd/s/sanzharb/tc_nqs/phase3d/hy1.0/electric_hx0.2/L4	2026-09-22T10:04:35Z
58744880	1.0	electric_hx0.2	4	chain_dn	0.14	p3d_hy1.0_e0.2_L4_dn	/pscratch/sd/s/sanzharb/tc_nqs/phase3d/hy1.0/electric_hx0.2/L4	2026-09-22T10:04:35Z
58744880	1.0	electric_hx0.2	4	chain_dn	0.11	p3d_hy1.0_e0.2_L4_dn	/pscratch/sd/s/sanzharb/tc_nqs/phase3d/hy1.0/electric_hx0.2/L4	2026-09-22T10:04:35Z
58744880	1.0	electric_hx0.2	4	chain_dn	0.08	p3d_hy1.0_e0.2_L4_dn	/pscratch/sd/s/sanzharb/tc_nqs/phase3d/hy1.0/electric_hx0.2/L4	2026-09-22T10:04:35Z
58744880	1.0	electric_hx0.2	4	chain_dn	0.05	p3d_hy1.0_e0.2_L4_dn	/pscratch/sd/s/sanzharb/tc_nqs/phase3d/hy1.0/electric_hx0.2/L4	2026-09-22T10:04:35Z
58744882	1.0	electric_hx0.25	4	chain_up	0.02	p3d_hy1.0_e0.25_L4_up	/pscratch/sd/s/sanzharb/tc_nqs/phase3d/hy1.0/electric_hx0.25/L4	2026-09-22T10:04:36Z
58744882	1.0	electric_hx0.25	4	chain_up	0.05	p3d_hy1.0_e0.25_L4_up	/pscratch/sd/s/sanzharb/tc_nqs/phase3d/hy1.0/electric_hx0.25/L4	2026-09-22T10:04:36Z
58744882	1.0	electric_hx0.25	4	chain_up	0.08	p3d_hy1.0_e0.25_L4_up	/pscratch/sd/s/sanzharb/tc_nqs/phase3d/hy1.0/electric_hx0.25/L4	2026-09-22T10:04:36Z
58744882	1.0	electric_hx0.25	4	chain_up	0.11	p3d_hy1.0_e0.25_L4_up	/pscratch/sd/s/sanzharb/tc_nqs/phase3d/hy1.0/electric_hx0.25/L4	2026-09-22T10:04:36Z
58744882	1.0	electric_hx0.25	4	chain_up	0.14	p3d_hy1.0_e0.25_L4_up	/pscratch/sd/s/sanzharb/tc_nqs/phase3d/hy1.0/electric_hx0.25/L4	2026-09-22T10:04:36Z
58744882	1.0	electric_hx0.25	4	chain_up	0.17	p3d_hy1.0_e0.25_L4_up	/pscratch/sd/s/sanzharb/tc_nqs/phase3d/hy1.0/electric_hx0.25/L4	2026-09-22T10:04:36Z
58744882	1.0	electric_hx0.25	4	chain_up	0.2	p3d_hy1.0_e0.25_L4_up	/pscratch/sd/s/sanzharb/tc_nqs/phase3d/hy1.0/electric_hx0.25/L4	2026-09-22T10:04:36Z
58744882	1.0	electric_hx0.25	4	chain_up	0.23	p3d_hy1.0_e0.25_L4_up	/pscratch/sd/s/sanzharb/tc_nqs/phase3d/hy1.0/electric_hx0.25/L4	2026-09-22T10:04:36Z
58744882	1.0	electric_hx0.25	4	chain_up	0.26	p3d_hy1.0_e0.25_L4_up	/pscratch/sd/s/sanzharb/tc_nqs/phase3d/hy1.0/electric_hx0.25/L4	2026-09-22T10:04:36Z
58744882	1.0	electric_hx0.25	4	chain_up	0.29	p3d_hy1.0_e0.25_L4_up	/pscratch/sd/s/sanzharb/tc_nqs/phase3d/hy1.0/electric_hx0.25/L4	2026-09-22T10:04:36Z
58744882	1.0	electric_hx0.25	4	chain_up	0.32	p3d_hy1.0_e0.25_L4_up	/pscratch/sd/s/sanzharb/tc_nqs/phase3d/hy1.0/electric_hx0.25/L4	2026-09-22T10:04:36Z
58744882	1.0	electric_hx0.25	4	chain_up	0.36	p3d_hy1.0_e0.25_L4_up	/pscratch/sd/s/sanzharb/tc_nqs/phase3d/hy1.0/electric_hx0.25/L4	2026-09-22T10:04:36Z
58744882	1.0	electric_hx0.25	4	chain_up	0.4	p3d_hy1.0_e0.25_L4_up	/pscratch/sd/s/sanzharb/tc_nqs/phase3d/hy1.0/electric_hx0.25/L4	2026-09-22T10:04:36Z
58744889	1.0	electric_hx0.25	4	chain_dn	0.45	p3d_hy1.0_e0.25_L4_dn	/pscratch/sd/s/sanzharb/tc_nqs/phase3d/hy1.0/electric_hx0.25/L4	2026-09-22T10:04:38Z
58744889	1.0	electric_hx0.25	4	chain_dn	0.4	p3d_hy1.0_e0.25_L4_dn	/pscratch/sd/s/sanzharb/tc_nqs/phase3d/hy1.0/electric_hx0.25/L4	2026-09-22T10:04:38Z
58744889	1.0	electric_hx0.25	4	chain_dn	0.36	p3d_hy1.0_e0.25_L4_dn	/pscratch/sd/s/sanzharb/tc_nqs/phase3d/hy1.0/electric_hx0.25/L4	2026-09-22T10:04:38Z
58744889	1.0	electric_hx0.25	4	chain_dn	0.32	p3d_hy1.0_e0.25_L4_dn	/pscratch/sd/s/sanzharb/tc_nqs/phase3d/hy1.0/electric_hx0.25/L4	2026-09-22T10:04:38Z
58744889	1.0	electric_hx0.25	4	chain_dn	0.29	p3d_hy1.0_e0.25_L4_dn	/pscratch/sd/s/sanzharb/tc_nqs/phase3d/hy1.0/electric_hx0.25/L4	2026-09-22T10:04:38Z
58744889	1.0	electric_hx0.25	4	chain_dn	0.26	p3d_hy1.0_e0.25_L4_dn	/pscratch/sd/s/sanzharb/tc_nqs/phase3d/hy1.0/electric_hx0.25/L4	2026-09-22T10:04:38Z
58744889	1.0	electric_hx0.25	4	chain_dn	0.23	p3d_hy1.0_e0.25_L4_dn	/pscratch/sd/s/sanzharb/tc_nqs/phase3d/hy1.0/electric_hx0.25/L4	2026-09-22T10:04:38Z
58744889	1.0	electric_hx0.25	4	chain_dn	0.2	p3d_hy1.0_e0.25_L4_dn	/pscratch/sd/s/sanzharb/tc_nqs/phase3d/hy1.0/electric_hx0.25/L4	2026-09-22T10:04:38Z
58744889	1.0	electric_hx0.25	4	chain_dn	0.17	p3d_hy1.0_e0.25_L4_dn	/pscratch/sd/s/sanzharb/tc_nqs/phase3d/hy1.0/electric_hx0.25/L4	2026-09-22T10:04:38Z
58744889	1.0	electric_hx0.25	4	chain_dn	0.14	p3d_hy1.0_e0.25_L4_dn	/pscratch/sd/s/sanzharb/tc_nqs/phase3d/hy1.0/electric_hx0.25/L4	2026-09-22T10:04:38Z
58744889	1.0	electric_hx0.25	4	chain_dn	0.11	p3d_hy1.0_e0.25_L4_dn	/pscratch/sd/s/sanzharb/tc_nqs/phase3d/hy1.0/electric_hx0.25/L4	2026-09-22T10:04:38Z
58744889	1.0	electric_hx0.25	4	chain_dn	0.08	p3d_hy1.0_e0.25_L4_dn	/pscratch/sd/s/sanzharb/tc_nqs/phase3d/hy1.0/electric_hx0.25/L4	2026-09-22T10:04:38Z
58744889	1.0	electric_hx0.25	4	chain_dn	0.05	p3d_hy1.0_e0.25_L4_dn	/pscratch/sd/s/sanzharb/tc_nqs/phase3d/hy1.0/electric_hx0.25/L4	2026-09-22T10:04:38Z
58744890	1.0	electric_hx0.5	4	chain_up	0.02	p3d_hy1.0_e0.5_L4_up	/pscratch/sd/s/sanzharb/tc_nqs/phase3d/hy1.0/electric_hx0.5/L4	2026-09-22T10:04:38Z
58744890	1.0	electric_hx0.5	4	chain_up	0.05	p3d_hy1.0_e0.5_L4_up	/pscratch/sd/s/sanzharb/tc_nqs/phase3d/hy1.0/electric_hx0.5/L4	2026-09-22T10:04:39Z
58744890	1.0	electric_hx0.5	4	chain_up	0.08	p3d_hy1.0_e0.5_L4_up	/pscratch/sd/s/sanzharb/tc_nqs/phase3d/hy1.0/electric_hx0.5/L4	2026-09-22T10:04:39Z
58744890	1.0	electric_hx0.5	4	chain_up	0.11	p3d_hy1.0_e0.5_L4_up	/pscratch/sd/s/sanzharb/tc_nqs/phase3d/hy1.0/electric_hx0.5/L4	2026-09-22T10:04:39Z
58744890	1.0	electric_hx0.5	4	chain_up	0.14	p3d_hy1.0_e0.5_L4_up	/pscratch/sd/s/sanzharb/tc_nqs/phase3d/hy1.0/electric_hx0.5/L4	2026-09-22T10:04:39Z
58744890	1.0	electric_hx0.5	4	chain_up	0.17	p3d_hy1.0_e0.5_L4_up	/pscratch/sd/s/sanzharb/tc_nqs/phase3d/hy1.0/electric_hx0.5/L4	2026-09-22T10:04:39Z
58744890	1.0	electric_hx0.5	4	chain_up	0.2	p3d_hy1.0_e0.5_L4_up	/pscratch/sd/s/sanzharb/tc_nqs/phase3d/hy1.0/electric_hx0.5/L4	2026-09-22T10:04:39Z
58744890	1.0	electric_hx0.5	4	chain_up	0.23	p3d_hy1.0_e0.5_L4_up	/pscratch/sd/s/sanzharb/tc_nqs/phase3d/hy1.0/electric_hx0.5/L4	2026-09-22T10:04:39Z
58744890	1.0	electric_hx0.5	4	chain_up	0.26	p3d_hy1.0_e0.5_L4_up	/pscratch/sd/s/sanzharb/tc_nqs/phase3d/hy1.0/electric_hx0.5/L4	2026-09-22T10:04:39Z
58744890	1.0	electric_hx0.5	4	chain_up	0.29	p3d_hy1.0_e0.5_L4_up	/pscratch/sd/s/sanzharb/tc_nqs/phase3d/hy1.0/electric_hx0.5/L4	2026-09-22T10:04:39Z
58744890	1.0	electric_hx0.5	4	chain_up	0.32	p3d_hy1.0_e0.5_L4_up	/pscratch/sd/s/sanzharb/tc_nqs/phase3d/hy1.0/electric_hx0.5/L4	2026-09-22T10:04:39Z
58744890	1.0	electric_hx0.5	4	chain_up	0.36	p3d_hy1.0_e0.5_L4_up	/pscratch/sd/s/sanzharb/tc_nqs/phase3d/hy1.0/electric_hx0.5/L4	2026-09-22T10:04:39Z
58744890	1.0	electric_hx0.5	4	chain_up	0.4	p3d_hy1.0_e0.5_L4_up	/pscratch/sd/s/sanzharb/tc_nqs/phase3d/hy1.0/electric_hx0.5/L4	2026-09-22T10:04:39Z
58744891	1.0	electric_hx0.5	4	chain_dn	0.45	p3d_hy1.0_e0.5_L4_dn	/pscratch/sd/s/sanzharb/tc_nqs/phase3d/hy1.0/electric_hx0.5/L4	2026-09-22T10:04:39Z
58744891	1.0	electric_hx0.5	4	chain_dn	0.4	p3d_hy1.0_e0.5_L4_dn	/pscratch/sd/s/sanzharb/tc_nqs/phase3d/hy1.0/electric_hx0.5/L4	2026-09-22T10:04:39Z
58744891	1.0	electric_hx0.5	4	chain_dn	0.36	p3d_hy1.0_e0.5_L4_dn	/pscratch/sd/s/sanzharb/tc_nqs/phase3d/hy1.0/electric_hx0.5/L4	2026-09-22T10:04:39Z
58744891	1.0	electric_hx0.5	4	chain_dn	0.32	p3d_hy1.0_e0.5_L4_dn	/pscratch/sd/s/sanzharb/tc_nqs/phase3d/hy1.0/electric_hx0.5/L4	2026-09-22T10:04:39Z
58744891	1.0	electric_hx0.5	4	chain_dn	0.29	p3d_hy1.0_e0.5_L4_dn	/pscratch/sd/s/sanzharb/tc_nqs/phase3d/hy1.0/electric_hx0.5/L4	2026-09-22T10:04:39Z
58744891	1.0	electric_hx0.5	4	chain_dn	0.26	p3d_hy1.0_e0.5_L4_dn	/pscratch/sd/s/sanzharb/tc_nqs/phase3d/hy1.0/electric_hx0.5/L4	2026-09-22T10:04:39Z
58744891	1.0	electric_hx0.5	4	chain_dn	0.23	p3d_hy1.0_e0.5_L4_dn	/pscratch/sd/s/sanzharb/tc_nqs/phase3d/hy1.0/electric_hx0.5/L4	2026-09-22T10:04:39Z
58744891	1.0	electric_hx0.5	4	chain_dn	0.2	p3d_hy1.0_e0.5_L4_dn	/pscratch/sd/s/sanzharb/tc_nqs/phase3d/hy1.0/electric_hx0.5/L4	2026-09-22T10:04:39Z
58744891	1.0	electric_hx0.5	4	chain_dn	0.17	p3d_hy1.0_e0.5_L4_dn	/pscratch/sd/s/sanzharb/tc_nqs/phase3d/hy1.0/electric_hx0.5/L4	2026-09-22T10:04:39Z
58744891	1.0	electric_hx0.5	4	chain_dn	0.14	p3d_hy1.0_e0.5_L4_dn	/pscratch/sd/s/sanzharb/tc_nqs/phase3d/hy1.0/electric_hx0.5/L4	2026-09-22T10:04:39Z
58744891	1.0	electric_hx0.5	4	chain_dn	0.11	p3d_hy1.0_e0.5_L4_dn	/pscratch/sd/s/sanzharb/tc_nqs/phase3d/hy1.0/electric_hx0.5/L4	2026-09-22T10:04:39Z
58744891	1.0	electric_hx0.5	4	chain_dn	0.08	p3d_hy1.0_e0.5_L4_dn	/pscratch/sd/s/sanzharb/tc_nqs/phase3d/hy1.0/electric_hx0.5/L4	2026-09-22T10:04:39Z
58744891	1.0	electric_hx0.5	4	chain_dn	0.05	p3d_hy1.0_e0.5_L4_dn	/pscratch/sd/s/sanzharb/tc_nqs/phase3d/hy1.0/electric_hx0.5/L4	2026-09-22T10:04:39Z
58747688	y	ycut_hx0.7_hz0	4	chain_up	0.6	p3d_y_hx0.7_hz0_L4_up	/pscratch/sd/s/sanzharb/tc_nqs/phase3d/ycuts/ycut_hx0.7_hz0/L4	2026-09-22T12:13:50Z
58747688	y	ycut_hx0.7_hz0	4	chain_up	0.7	p3d_y_hx0.7_hz0_L4_up	/pscratch/sd/s/sanzharb/tc_nqs/phase3d/ycuts/ycut_hx0.7_hz0/L4	2026-09-22T12:13:50Z
58747688	y	ycut_hx0.7_hz0	4	chain_up	0.8	p3d_y_hx0.7_hz0_L4_up	/pscratch/sd/s/sanzharb/tc_nqs/phase3d/ycuts/ycut_hx0.7_hz0/L4	2026-09-22T12:13:50Z
58747688	y	ycut_hx0.7_hz0	4	chain_up	0.82	p3d_y_hx0.7_hz0_L4_up	/pscratch/sd/s/sanzharb/tc_nqs/phase3d/ycuts/ycut_hx0.7_hz0/L4	2026-09-22T12:13:50Z
58747688	y	ycut_hx0.7_hz0	4	chain_up	0.87	p3d_y_hx0.7_hz0_L4_up	/pscratch/sd/s/sanzharb/tc_nqs/phase3d/ycuts/ycut_hx0.7_hz0/L4	2026-09-22T12:13:50Z
58747688	y	ycut_hx0.7_hz0	4	chain_up	0.92	p3d_y_hx0.7_hz0_L4_up	/pscratch/sd/s/sanzharb/tc_nqs/phase3d/ycuts/ycut_hx0.7_hz0/L4	2026-09-22T12:13:50Z
58747688	y	ycut_hx0.7_hz0	4	chain_up	0.97	p3d_y_hx0.7_hz0_L4_up	/pscratch/sd/s/sanzharb/tc_nqs/phase3d/ycuts/ycut_hx0.7_hz0/L4	2026-09-22T12:13:50Z
58747688	y	ycut_hx0.7_hz0	4	chain_up	1.02	p3d_y_hx0.7_hz0_L4_up	/pscratch/sd/s/sanzharb/tc_nqs/phase3d/ycuts/ycut_hx0.7_hz0/L4	2026-09-22T12:13:50Z
58747688	y	ycut_hx0.7_hz0	4	chain_up	1.07	p3d_y_hx0.7_hz0_L4_up	/pscratch/sd/s/sanzharb/tc_nqs/phase3d/ycuts/ycut_hx0.7_hz0/L4	2026-09-22T12:13:50Z
58747688	y	ycut_hx0.7_hz0	4	chain_up	1.12	p3d_y_hx0.7_hz0_L4_up	/pscratch/sd/s/sanzharb/tc_nqs/phase3d/ycuts/ycut_hx0.7_hz0/L4	2026-09-22T12:13:50Z
58747689	y	ycut_hx0.7_hz0	4	chain_dn	1.5	p3d_y_hx0.7_hz0_L4_dn	/pscratch/sd/s/sanzharb/tc_nqs/phase3d/ycuts/ycut_hx0.7_hz0/L4	2026-09-22T12:13:50Z
58747689	y	ycut_hx0.7_hz0	4	chain_dn	1.4	p3d_y_hx0.7_hz0_L4_dn	/pscratch/sd/s/sanzharb/tc_nqs/phase3d/ycuts/ycut_hx0.7_hz0/L4	2026-09-22T12:13:50Z
58747689	y	ycut_hx0.7_hz0	4	chain_dn	1.3	p3d_y_hx0.7_hz0_L4_dn	/pscratch/sd/s/sanzharb/tc_nqs/phase3d/ycuts/ycut_hx0.7_hz0/L4	2026-09-22T12:13:50Z
58747689	y	ycut_hx0.7_hz0	4	chain_dn	1.2	p3d_y_hx0.7_hz0_L4_dn	/pscratch/sd/s/sanzharb/tc_nqs/phase3d/ycuts/ycut_hx0.7_hz0/L4	2026-09-22T12:13:50Z
58747689	y	ycut_hx0.7_hz0	4	chain_dn	1.12	p3d_y_hx0.7_hz0_L4_dn	/pscratch/sd/s/sanzharb/tc_nqs/phase3d/ycuts/ycut_hx0.7_hz0/L4	2026-09-22T12:13:50Z
58747689	y	ycut_hx0.7_hz0	4	chain_dn	1.07	p3d_y_hx0.7_hz0_L4_dn	/pscratch/sd/s/sanzharb/tc_nqs/phase3d/ycuts/ycut_hx0.7_hz0/L4	2026-09-22T12:13:50Z
58747689	y	ycut_hx0.7_hz0	4	chain_dn	1.02	p3d_y_hx0.7_hz0_L4_dn	/pscratch/sd/s/sanzharb/tc_nqs/phase3d/ycuts/ycut_hx0.7_hz0/L4	2026-09-22T12:13:50Z
58747689	y	ycut_hx0.7_hz0	4	chain_dn	0.97	p3d_y_hx0.7_hz0_L4_dn	/pscratch/sd/s/sanzharb/tc_nqs/phase3d/ycuts/ycut_hx0.7_hz0/L4	2026-09-22T12:13:50Z
58747689	y	ycut_hx0.7_hz0	4	chain_dn	0.92	p3d_y_hx0.7_hz0_L4_dn	/pscratch/sd/s/sanzharb/tc_nqs/phase3d/ycuts/ycut_hx0.7_hz0/L4	2026-09-22T12:13:50Z
58747689	y	ycut_hx0.7_hz0	4	chain_dn	0.87	p3d_y_hx0.7_hz0_L4_dn	/pscratch/sd/s/sanzharb/tc_nqs/phase3d/ycuts/ycut_hx0.7_hz0/L4	2026-09-22T12:13:50Z
58747689	y	ycut_hx0.7_hz0	4	chain_dn	0.82	p3d_y_hx0.7_hz0_L4_dn	/pscratch/sd/s/sanzharb/tc_nqs/phase3d/ycuts/ycut_hx0.7_hz0/L4	2026-09-22T12:13:50Z
58747690	y	ycut_hx0.9_hz0	4	chain_up	0.6	p3d_y_hx0.9_hz0_L4_up	/pscratch/sd/s/sanzharb/tc_nqs/phase3d/ycuts/ycut_hx0.9_hz0/L4	2026-09-22T12:13:50Z
58747690	y	ycut_hx0.9_hz0	4	chain_up	0.7	p3d_y_hx0.9_hz0_L4_up	/pscratch/sd/s/sanzharb/tc_nqs/phase3d/ycuts/ycut_hx0.9_hz0/L4	2026-09-22T12:13:50Z
58747690	y	ycut_hx0.9_hz0	4	chain_up	0.8	p3d_y_hx0.9_hz0_L4_up	/pscratch/sd/s/sanzharb/tc_nqs/phase3d/ycuts/ycut_hx0.9_hz0/L4	2026-09-22T12:13:50Z
58747690	y	ycut_hx0.9_hz0	4	chain_up	0.9	p3d_y_hx0.9_hz0_L4_up	/pscratch/sd/s/sanzharb/tc_nqs/phase3d/ycuts/ycut_hx0.9_hz0/L4	2026-09-22T12:13:50Z
58747690	y	ycut_hx0.9_hz0	4	chain_up	0.95	p3d_y_hx0.9_hz0_L4_up	/pscratch/sd/s/sanzharb/tc_nqs/phase3d/ycuts/ycut_hx0.9_hz0/L4	2026-09-22T12:13:50Z
58747690	y	ycut_hx0.9_hz0	4	chain_up	1.0	p3d_y_hx0.9_hz0_L4_up	/pscratch/sd/s/sanzharb/tc_nqs/phase3d/ycuts/ycut_hx0.9_hz0/L4	2026-09-22T12:13:50Z
58747690	y	ycut_hx0.9_hz0	4	chain_up	1.05	p3d_y_hx0.9_hz0_L4_up	/pscratch/sd/s/sanzharb/tc_nqs/phase3d/ycuts/ycut_hx0.9_hz0/L4	2026-09-22T12:13:50Z
58747690	y	ycut_hx0.9_hz0	4	chain_up	1.1	p3d_y_hx0.9_hz0_L4_up	/pscratch/sd/s/sanzharb/tc_nqs/phase3d/ycuts/ycut_hx0.9_hz0/L4	2026-09-22T12:13:50Z
58747690	y	ycut_hx0.9_hz0	4	chain_up	1.15	p3d_y_hx0.9_hz0_L4_up	/pscratch/sd/s/sanzharb/tc_nqs/phase3d/ycuts/ycut_hx0.9_hz0/L4	2026-09-22T12:13:50Z
58747690	y	ycut_hx0.9_hz0	4	chain_up	1.2	p3d_y_hx0.9_hz0_L4_up	/pscratch/sd/s/sanzharb/tc_nqs/phase3d/ycuts/ycut_hx0.9_hz0/L4	2026-09-22T12:13:50Z
58747691	y	ycut_hx0.9_hz0	4	chain_dn	1.5	p3d_y_hx0.9_hz0_L4_dn	/pscratch/sd/s/sanzharb/tc_nqs/phase3d/ycuts/ycut_hx0.9_hz0/L4	2026-09-22T12:13:50Z
58747691	y	ycut_hx0.9_hz0	4	chain_dn	1.4	p3d_y_hx0.9_hz0_L4_dn	/pscratch/sd/s/sanzharb/tc_nqs/phase3d/ycuts/ycut_hx0.9_hz0/L4	2026-09-22T12:13:50Z
58747691	y	ycut_hx0.9_hz0	4	chain_dn	1.3	p3d_y_hx0.9_hz0_L4_dn	/pscratch/sd/s/sanzharb/tc_nqs/phase3d/ycuts/ycut_hx0.9_hz0/L4	2026-09-22T12:13:51Z
58747691	y	ycut_hx0.9_hz0	4	chain_dn	1.2	p3d_y_hx0.9_hz0_L4_dn	/pscratch/sd/s/sanzharb/tc_nqs/phase3d/ycuts/ycut_hx0.9_hz0/L4	2026-09-22T12:13:51Z
58747691	y	ycut_hx0.9_hz0	4	chain_dn	1.15	p3d_y_hx0.9_hz0_L4_dn	/pscratch/sd/s/sanzharb/tc_nqs/phase3d/ycuts/ycut_hx0.9_hz0/L4	2026-09-22T12:13:51Z
58747691	y	ycut_hx0.9_hz0	4	chain_dn	1.1	p3d_y_hx0.9_hz0_L4_dn	/pscratch/sd/s/sanzharb/tc_nqs/phase3d/ycuts/ycut_hx0.9_hz0/L4	2026-09-22T12:13:51Z
58747691	y	ycut_hx0.9_hz0	4	chain_dn	1.05	p3d_y_hx0.9_hz0_L4_dn	/pscratch/sd/s/sanzharb/tc_nqs/phase3d/ycuts/ycut_hx0.9_hz0/L4	2026-09-22T12:13:51Z
58747691	y	ycut_hx0.9_hz0	4	chain_dn	1.0	p3d_y_hx0.9_hz0_L4_dn	/pscratch/sd/s/sanzharb/tc_nqs/phase3d/ycuts/ycut_hx0.9_hz0/L4	2026-09-22T12:13:51Z
58747691	y	ycut_hx0.9_hz0	4	chain_dn	0.95	p3d_y_hx0.9_hz0_L4_dn	/pscratch/sd/s/sanzharb/tc_nqs/phase3d/ycuts/ycut_hx0.9_hz0/L4	2026-09-22T12:13:51Z
58747691	y	ycut_hx0.9_hz0	4	chain_dn	0.9	p3d_y_hx0.9_hz0_L4_dn	/pscratch/sd/s/sanzharb/tc_nqs/phase3d/ycuts/ycut_hx0.9_hz0/L4	2026-09-22T12:13:51Z
58747692	y	ycut_hx0_hz0.25	4	chain_up	0.6	p3d_y_hx0_hz0.25_L4_up	/pscratch/sd/s/sanzharb/tc_nqs/phase3d/ycuts/ycut_hx0_hz0.25/L4	2026-09-22T12:13:51Z
58747692	y	ycut_hx0_hz0.25	4	chain_up	0.7	p3d_y_hx0_hz0.25_L4_up	/pscratch/sd/s/sanzharb/tc_nqs/phase3d/ycuts/ycut_hx0_hz0.25/L4	2026-09-22T12:13:51Z
58747692	y	ycut_hx0_hz0.25	4	chain_up	0.8	p3d_y_hx0_hz0.25_L4_up	/pscratch/sd/s/sanzharb/tc_nqs/phase3d/ycuts/ycut_hx0_hz0.25/L4	2026-09-22T12:13:51Z
58747692	y	ycut_hx0_hz0.25	4	chain_up	0.9	p3d_y_hx0_hz0.25_L4_up	/pscratch/sd/s/sanzharb/tc_nqs/phase3d/ycuts/ycut_hx0_hz0.25/L4	2026-09-22T12:13:51Z
58747692	y	ycut_hx0_hz0.25	4	chain_up	1.0	p3d_y_hx0_hz0.25_L4_up	/pscratch/sd/s/sanzharb/tc_nqs/phase3d/ycuts/ycut_hx0_hz0.25/L4	2026-09-22T12:13:51Z
58747692	y	ycut_hx0_hz0.25	4	chain_up	1.1	p3d_y_hx0_hz0.25_L4_up	/pscratch/sd/s/sanzharb/tc_nqs/phase3d/ycuts/ycut_hx0_hz0.25/L4	2026-09-22T12:13:51Z
58747692	y	ycut_hx0_hz0.25	4	chain_up	1.2	p3d_y_hx0_hz0.25_L4_up	/pscratch/sd/s/sanzharb/tc_nqs/phase3d/ycuts/ycut_hx0_hz0.25/L4	2026-09-22T12:13:51Z
58747692	y	ycut_hx0_hz0.25	4	chain_up	1.25	p3d_y_hx0_hz0.25_L4_up	/pscratch/sd/s/sanzharb/tc_nqs/phase3d/ycuts/ycut_hx0_hz0.25/L4	2026-09-22T12:13:51Z
58747692	y	ycut_hx0_hz0.25	4	chain_up	1.3	p3d_y_hx0_hz0.25_L4_up	/pscratch/sd/s/sanzharb/tc_nqs/phase3d/ycuts/ycut_hx0_hz0.25/L4	2026-09-22T12:13:51Z
58747692	y	ycut_hx0_hz0.25	4	chain_up	1.35	p3d_y_hx0_hz0.25_L4_up	/pscratch/sd/s/sanzharb/tc_nqs/phase3d/ycuts/ycut_hx0_hz0.25/L4	2026-09-22T12:13:51Z
58747692	y	ycut_hx0_hz0.25	4	chain_up	1.4	p3d_y_hx0_hz0.25_L4_up	/pscratch/sd/s/sanzharb/tc_nqs/phase3d/ycuts/ycut_hx0_hz0.25/L4	2026-09-22T12:13:51Z
58747692	y	ycut_hx0_hz0.25	4	chain_up	1.45	p3d_y_hx0_hz0.25_L4_up	/pscratch/sd/s/sanzharb/tc_nqs/phase3d/ycuts/ycut_hx0_hz0.25/L4	2026-09-22T12:13:51Z
58747692	y	ycut_hx0_hz0.25	4	chain_up	1.5	p3d_y_hx0_hz0.25_L4_up	/pscratch/sd/s/sanzharb/tc_nqs/phase3d/ycuts/ycut_hx0_hz0.25/L4	2026-09-22T12:13:51Z
58747692	y	ycut_hx0_hz0.25	4	chain_up	1.55	p3d_y_hx0_hz0.25_L4_up	/pscratch/sd/s/sanzharb/tc_nqs/phase3d/ycuts/ycut_hx0_hz0.25/L4	2026-09-22T12:13:51Z
58747693	y	ycut_hx0_hz0.25	4	chain_dn	2.0	p3d_y_hx0_hz0.25_L4_dn	/pscratch/sd/s/sanzharb/tc_nqs/phase3d/ycuts/ycut_hx0_hz0.25/L4	2026-09-22T12:13:51Z
58747693	y	ycut_hx0_hz0.25	4	chain_dn	1.9	p3d_y_hx0_hz0.25_L4_dn	/pscratch/sd/s/sanzharb/tc_nqs/phase3d/ycuts/ycut_hx0_hz0.25/L4	2026-09-22T12:13:51Z
58747693	y	ycut_hx0_hz0.25	4	chain_dn	1.8	p3d_y_hx0_hz0.25_L4_dn	/pscratch/sd/s/sanzharb/tc_nqs/phase3d/ycuts/ycut_hx0_hz0.25/L4	2026-09-22T12:13:51Z
58747693	y	ycut_hx0_hz0.25	4	chain_dn	1.7	p3d_y_hx0_hz0.25_L4_dn	/pscratch/sd/s/sanzharb/tc_nqs/phase3d/ycuts/ycut_hx0_hz0.25/L4	2026-09-22T12:13:51Z
58747693	y	ycut_hx0_hz0.25	4	chain_dn	1.6	p3d_y_hx0_hz0.25_L4_dn	/pscratch/sd/s/sanzharb/tc_nqs/phase3d/ycuts/ycut_hx0_hz0.25/L4	2026-09-22T12:13:51Z
58747693	y	ycut_hx0_hz0.25	4	chain_dn	1.55	p3d_y_hx0_hz0.25_L4_dn	/pscratch/sd/s/sanzharb/tc_nqs/phase3d/ycuts/ycut_hx0_hz0.25/L4	2026-09-22T12:13:51Z
58747693	y	ycut_hx0_hz0.25	4	chain_dn	1.5	p3d_y_hx0_hz0.25_L4_dn	/pscratch/sd/s/sanzharb/tc_nqs/phase3d/ycuts/ycut_hx0_hz0.25/L4	2026-09-22T12:13:51Z
58747693	y	ycut_hx0_hz0.25	4	chain_dn	1.45	p3d_y_hx0_hz0.25_L4_dn	/pscratch/sd/s/sanzharb/tc_nqs/phase3d/ycuts/ycut_hx0_hz0.25/L4	2026-09-22T12:13:51Z
58747693	y	ycut_hx0_hz0.25	4	chain_dn	1.4	p3d_y_hx0_hz0.25_L4_dn	/pscratch/sd/s/sanzharb/tc_nqs/phase3d/ycuts/ycut_hx0_hz0.25/L4	2026-09-22T12:13:51Z
58747693	y	ycut_hx0_hz0.25	4	chain_dn	1.35	p3d_y_hx0_hz0.25_L4_dn	/pscratch/sd/s/sanzharb/tc_nqs/phase3d/ycuts/ycut_hx0_hz0.25/L4	2026-09-22T12:13:51Z
58747693	y	ycut_hx0_hz0.25	4	chain_dn	1.3	p3d_y_hx0_hz0.25_L4_dn	/pscratch/sd/s/sanzharb/tc_nqs/phase3d/ycuts/ycut_hx0_hz0.25/L4	2026-09-22T12:13:51Z
58747693	y	ycut_hx0_hz0.25	4	chain_dn	1.25	p3d_y_hx0_hz0.25_L4_dn	/pscratch/sd/s/sanzharb/tc_nqs/phase3d/ycuts/ycut_hx0_hz0.25/L4	2026-09-22T12:13:51Z
58747694	y	ycut_hx0_hz0.3	4	chain_up	0.6	p3d_y_hx0_hz0.3_L4_up	/pscratch/sd/s/sanzharb/tc_nqs/phase3d/ycuts/ycut_hx0_hz0.3/L4	2026-09-22T12:13:51Z
58747694	y	ycut_hx0_hz0.3	4	chain_up	0.7	p3d_y_hx0_hz0.3_L4_up	/pscratch/sd/s/sanzharb/tc_nqs/phase3d/ycuts/ycut_hx0_hz0.3/L4	2026-09-22T12:13:51Z
58747694	y	ycut_hx0_hz0.3	4	chain_up	0.8	p3d_y_hx0_hz0.3_L4_up	/pscratch/sd/s/sanzharb/tc_nqs/phase3d/ycuts/ycut_hx0_hz0.3/L4	2026-09-22T12:13:51Z
58747694	y	ycut_hx0_hz0.3	4	chain_up	0.9	p3d_y_hx0_hz0.3_L4_up	/pscratch/sd/s/sanzharb/tc_nqs/phase3d/ycuts/ycut_hx0_hz0.3/L4	2026-09-22T12:13:51Z
58747694	y	ycut_hx0_hz0.3	4	chain_up	1.0	p3d_y_hx0_hz0.3_L4_up	/pscratch/sd/s/sanzharb/tc_nqs/phase3d/ycuts/ycut_hx0_hz0.3/L4	2026-09-22T12:13:51Z
58747694	y	ycut_hx0_hz0.3	4	chain_up	1.1	p3d_y_hx0_hz0.3_L4_up	/pscratch/sd/s/sanzharb/tc_nqs/phase3d/ycuts/ycut_hx0_hz0.3/L4	2026-09-22T12:13:51Z
58747694	y	ycut_hx0_hz0.3	4	chain_up	1.2	p3d_y_hx0_hz0.3_L4_up	/pscratch/sd/s/sanzharb/tc_nqs/phase3d/ycuts/ycut_hx0_hz0.3/L4	2026-09-22T12:13:51Z
58747694	y	ycut_hx0_hz0.3	4	chain_up	1.3	p3d_y_hx0_hz0.3_L4_up	/pscratch/sd/s/sanzharb/tc_nqs/phase3d/ycuts/ycut_hx0_hz0.3/L4	2026-09-22T12:13:51Z
58747694	y	ycut_hx0_hz0.3	4	chain_up	1.4	p3d_y_hx0_hz0.3_L4_up	/pscratch/sd/s/sanzharb/tc_nqs/phase3d/ycuts/ycut_hx0_hz0.3/L4	2026-09-22T12:13:51Z
58747694	y	ycut_hx0_hz0.3	4	chain_up	1.45	p3d_y_hx0_hz0.3_L4_up	/pscratch/sd/s/sanzharb/tc_nqs/phase3d/ycuts/ycut_hx0_hz0.3/L4	2026-09-22T12:13:51Z
58747694	y	ycut_hx0_hz0.3	4	chain_up	1.5	p3d_y_hx0_hz0.3_L4_up	/pscratch/sd/s/sanzharb/tc_nqs/phase3d/ycuts/ycut_hx0_hz0.3/L4	2026-09-22T12:13:51Z
58747694	y	ycut_hx0_hz0.3	4	chain_up	1.55	p3d_y_hx0_hz0.3_L4_up	/pscratch/sd/s/sanzharb/tc_nqs/phase3d/ycuts/ycut_hx0_hz0.3/L4	2026-09-22T12:13:51Z
58747694	y	ycut_hx0_hz0.3	4	chain_up	1.6	p3d_y_hx0_hz0.3_L4_up	/pscratch/sd/s/sanzharb/tc_nqs/phase3d/ycuts/ycut_hx0_hz0.3/L4	2026-09-22T12:13:51Z
58747694	y	ycut_hx0_hz0.3	4	chain_up	1.65	p3d_y_hx0_hz0.3_L4_up	/pscratch/sd/s/sanzharb/tc_nqs/phase3d/ycuts/ycut_hx0_hz0.3/L4	2026-09-22T12:13:51Z
58747694	y	ycut_hx0_hz0.3	4	chain_up	1.7	p3d_y_hx0_hz0.3_L4_up	/pscratch/sd/s/sanzharb/tc_nqs/phase3d/ycuts/ycut_hx0_hz0.3/L4	2026-09-22T12:13:51Z
58747695	y	ycut_hx0_hz0.3	4	chain_dn	2.0	p3d_y_hx0_hz0.3_L4_dn	/pscratch/sd/s/sanzharb/tc_nqs/phase3d/ycuts/ycut_hx0_hz0.3/L4	2026-09-22T12:13:51Z
58747695	y	ycut_hx0_hz0.3	4	chain_dn	1.9	p3d_y_hx0_hz0.3_L4_dn	/pscratch/sd/s/sanzharb/tc_nqs/phase3d/ycuts/ycut_hx0_hz0.3/L4	2026-09-22T12:13:51Z
58747695	y	ycut_hx0_hz0.3	4	chain_dn	1.8	p3d_y_hx0_hz0.3_L4_dn	/pscratch/sd/s/sanzharb/tc_nqs/phase3d/ycuts/ycut_hx0_hz0.3/L4	2026-09-22T12:13:51Z
58747695	y	ycut_hx0_hz0.3	4	chain_dn	1.7	p3d_y_hx0_hz0.3_L4_dn	/pscratch/sd/s/sanzharb/tc_nqs/phase3d/ycuts/ycut_hx0_hz0.3/L4	2026-09-22T12:13:51Z
58747695	y	ycut_hx0_hz0.3	4	chain_dn	1.65	p3d_y_hx0_hz0.3_L4_dn	/pscratch/sd/s/sanzharb/tc_nqs/phase3d/ycuts/ycut_hx0_hz0.3/L4	2026-09-22T12:13:51Z
58747695	y	ycut_hx0_hz0.3	4	chain_dn	1.6	p3d_y_hx0_hz0.3_L4_dn	/pscratch/sd/s/sanzharb/tc_nqs/phase3d/ycuts/ycut_hx0_hz0.3/L4	2026-09-22T12:13:51Z
58747695	y	ycut_hx0_hz0.3	4	chain_dn	1.55	p3d_y_hx0_hz0.3_L4_dn	/pscratch/sd/s/sanzharb/tc_nqs/phase3d/ycuts/ycut_hx0_hz0.3/L4	2026-09-22T12:13:51Z
58747695	y	ycut_hx0_hz0.3	4	chain_dn	1.5	p3d_y_hx0_hz0.3_L4_dn	/pscratch/sd/s/sanzharb/tc_nqs/phase3d/ycuts/ycut_hx0_hz0.3/L4	2026-09-22T12:13:51Z
58747695	y	ycut_hx0_hz0.3	4	chain_dn	1.45	p3d_y_hx0_hz0.3_L4_dn	/pscratch/sd/s/sanzharb/tc_nqs/phase3d/ycuts/ycut_hx0_hz0.3/L4	2026-09-22T12:13:51Z
58747695	y	ycut_hx0_hz0.3	4	chain_dn	1.4	p3d_y_hx0_hz0.3_L4_dn	/pscratch/sd/s/sanzharb/tc_nqs/phase3d/ycuts/ycut_hx0_hz0.3/L4	2026-09-22T12:13:51Z
58754370	1.0	electric_hx0.5	4	refine	0.1216	p3d_hy1.0_e0.5_L4	/pscratch/sd/s/sanzharb/tc_nqs/phase3d/hy1.0/electric_hx0.5/L4	2026-09-22T16:40:46Z
58754371	1.0	electric_hx0.5	4	refine	0.1616	p3d_hy1.0_e0.5_L4	/pscratch/sd/s/sanzharb/tc_nqs/phase3d/hy1.0/electric_hx0.5/L4	2026-09-22T16:40:47Z
58754397	1.4	electric_hx0.0	4	chain_up	0.05	p3d_hy1.4_e0_L4_up	/pscratch/sd/s/sanzharb/tc_nqs/phase3d/hy1.4/electric_hx0.0/L4	2026-09-22T16:42:55Z
58754397	1.4	electric_hx0.0	4	chain_up	0.1	p3d_hy1.4_e0_L4_up	/pscratch/sd/s/sanzharb/tc_nqs/phase3d/hy1.4/electric_hx0.0/L4	2026-09-22T16:42:55Z
58754397	1.4	electric_hx0.0	4	chain_up	0.15	p3d_hy1.4_e0_L4_up	/pscratch/sd/s/sanzharb/tc_nqs/phase3d/hy1.4/electric_hx0.0/L4	2026-09-22T16:42:55Z
58754397	1.4	electric_hx0.0	4	chain_up	0.2	p3d_hy1.4_e0_L4_up	/pscratch/sd/s/sanzharb/tc_nqs/phase3d/hy1.4/electric_hx0.0/L4	2026-09-22T16:42:55Z
58754397	1.4	electric_hx0.0	4	chain_up	0.25	p3d_hy1.4_e0_L4_up	/pscratch/sd/s/sanzharb/tc_nqs/phase3d/hy1.4/electric_hx0.0/L4	2026-09-22T16:42:55Z
58754397	1.4	electric_hx0.0	4	chain_up	0.3	p3d_hy1.4_e0_L4_up	/pscratch/sd/s/sanzharb/tc_nqs/phase3d/hy1.4/electric_hx0.0/L4	2026-09-22T16:42:55Z
58754397	1.4	electric_hx0.0	4	chain_up	0.35	p3d_hy1.4_e0_L4_up	/pscratch/sd/s/sanzharb/tc_nqs/phase3d/hy1.4/electric_hx0.0/L4	2026-09-22T16:42:55Z
58754397	1.4	electric_hx0.0	4	chain_up	0.4	p3d_hy1.4_e0_L4_up	/pscratch/sd/s/sanzharb/tc_nqs/phase3d/hy1.4/electric_hx0.0/L4	2026-09-22T16:42:55Z
58754397	1.4	electric_hx0.0	4	chain_up	0.45	p3d_hy1.4_e0_L4_up	/pscratch/sd/s/sanzharb/tc_nqs/phase3d/hy1.4/electric_hx0.0/L4	2026-09-22T16:42:55Z
58754397	1.4	electric_hx0.0	4	chain_up	0.5	p3d_hy1.4_e0_L4_up	/pscratch/sd/s/sanzharb/tc_nqs/phase3d/hy1.4/electric_hx0.0/L4	2026-09-22T16:42:55Z
58754397	1.4	electric_hx0.0	4	chain_up	0.55	p3d_hy1.4_e0_L4_up	/pscratch/sd/s/sanzharb/tc_nqs/phase3d/hy1.4/electric_hx0.0/L4	2026-09-22T16:42:55Z
58754397	1.4	electric_hx0.0	4	chain_up	0.6	p3d_hy1.4_e0_L4_up	/pscratch/sd/s/sanzharb/tc_nqs/phase3d/hy1.4/electric_hx0.0/L4	2026-09-22T16:42:55Z
58754397	1.4	electric_hx0.0	4	chain_up	0.65	p3d_hy1.4_e0_L4_up	/pscratch/sd/s/sanzharb/tc_nqs/phase3d/hy1.4/electric_hx0.0/L4	2026-09-22T16:42:55Z
58754397	1.4	electric_hx0.0	4	chain_up	0.7	p3d_hy1.4_e0_L4_up	/pscratch/sd/s/sanzharb/tc_nqs/phase3d/hy1.4/electric_hx0.0/L4	2026-09-22T16:42:55Z
58754398	1.4	electric_hx0.0	4	chain_dn	1.2	p3d_hy1.4_e0_L4_dn	/pscratch/sd/s/sanzharb/tc_nqs/phase3d/hy1.4/electric_hx0.0/L4	2026-09-22T16:42:55Z
58754398	1.4	electric_hx0.0	4	chain_dn	1.1	p3d_hy1.4_e0_L4_dn	/pscratch/sd/s/sanzharb/tc_nqs/phase3d/hy1.4/electric_hx0.0/L4	2026-09-22T16:42:55Z
58754398	1.4	electric_hx0.0	4	chain_dn	1.0	p3d_hy1.4_e0_L4_dn	/pscratch/sd/s/sanzharb/tc_nqs/phase3d/hy1.4/electric_hx0.0/L4	2026-09-22T16:42:55Z
58754398	1.4	electric_hx0.0	4	chain_dn	0.9	p3d_hy1.4_e0_L4_dn	/pscratch/sd/s/sanzharb/tc_nqs/phase3d/hy1.4/electric_hx0.0/L4	2026-09-22T16:42:55Z
58754398	1.4	electric_hx0.0	4	chain_dn	0.8	p3d_hy1.4_e0_L4_dn	/pscratch/sd/s/sanzharb/tc_nqs/phase3d/hy1.4/electric_hx0.0/L4	2026-09-22T16:42:55Z
58754398	1.4	electric_hx0.0	4	chain_dn	0.7	p3d_hy1.4_e0_L4_dn	/pscratch/sd/s/sanzharb/tc_nqs/phase3d/hy1.4/electric_hx0.0/L4	2026-09-22T16:42:55Z
58754398	1.4	electric_hx0.0	4	chain_dn	0.65	p3d_hy1.4_e0_L4_dn	/pscratch/sd/s/sanzharb/tc_nqs/phase3d/hy1.4/electric_hx0.0/L4	2026-09-22T16:42:55Z
58754398	1.4	electric_hx0.0	4	chain_dn	0.6	p3d_hy1.4_e0_L4_dn	/pscratch/sd/s/sanzharb/tc_nqs/phase3d/hy1.4/electric_hx0.0/L4	2026-09-22T16:42:55Z
58754398	1.4	electric_hx0.0	4	chain_dn	0.55	p3d_hy1.4_e0_L4_dn	/pscratch/sd/s/sanzharb/tc_nqs/phase3d/hy1.4/electric_hx0.0/L4	2026-09-22T16:42:55Z
58754398	1.4	electric_hx0.0	4	chain_dn	0.5	p3d_hy1.4_e0_L4_dn	/pscratch/sd/s/sanzharb/tc_nqs/phase3d/hy1.4/electric_hx0.0/L4	2026-09-22T16:42:55Z
58754398	1.4	electric_hx0.0	4	chain_dn	0.45	p3d_hy1.4_e0_L4_dn	/pscratch/sd/s/sanzharb/tc_nqs/phase3d/hy1.4/electric_hx0.0/L4	2026-09-22T16:42:55Z
58754398	1.4	electric_hx0.0	4	chain_dn	0.4	p3d_hy1.4_e0_L4_dn	/pscratch/sd/s/sanzharb/tc_nqs/phase3d/hy1.4/electric_hx0.0/L4	2026-09-22T16:42:55Z
58754398	1.4	electric_hx0.0	4	chain_dn	0.35	p3d_hy1.4_e0_L4_dn	/pscratch/sd/s/sanzharb/tc_nqs/phase3d/hy1.4/electric_hx0.0/L4	2026-09-22T16:42:55Z
58754398	1.4	electric_hx0.0	4	chain_dn	0.3	p3d_hy1.4_e0_L4_dn	/pscratch/sd/s/sanzharb/tc_nqs/phase3d/hy1.4/electric_hx0.0/L4	2026-09-22T16:42:55Z
58754398	1.4	electric_hx0.0	4	chain_dn	0.25	p3d_hy1.4_e0_L4_dn	/pscratch/sd/s/sanzharb/tc_nqs/phase3d/hy1.4/electric_hx0.0/L4	2026-09-22T16:42:55Z
58754398	1.4	electric_hx0.0	4	chain_dn	0.2	p3d_hy1.4_e0_L4_dn	/pscratch/sd/s/sanzharb/tc_nqs/phase3d/hy1.4/electric_hx0.0/L4	2026-09-22T16:42:55Z
58754398	1.4	electric_hx0.0	4	chain_dn	0.15	p3d_hy1.4_e0_L4_dn	/pscratch/sd/s/sanzharb/tc_nqs/phase3d/hy1.4/electric_hx0.0/L4	2026-09-22T16:42:55Z
58754398	1.4	electric_hx0.0	4	chain_dn	0.1	p3d_hy1.4_e0_L4_dn	/pscratch/sd/s/sanzharb/tc_nqs/phase3d/hy1.4/electric_hx0.0/L4	2026-09-22T16:42:55Z
58754399	1.5	electric_hx0.0	4	chain_up	0.05	p3d_hy1.5_e0_L4_up	/pscratch/sd/s/sanzharb/tc_nqs/phase3d/hy1.5/electric_hx0.0/L4	2026-09-22T16:42:59Z
58754399	1.5	electric_hx0.0	4	chain_up	0.15	p3d_hy1.5_e0_L4_up	/pscratch/sd/s/sanzharb/tc_nqs/phase3d/hy1.5/electric_hx0.0/L4	2026-09-22T16:42:59Z
58754399	1.5	electric_hx0.0	4	chain_up	0.25	p3d_hy1.5_e0_L4_up	/pscratch/sd/s/sanzharb/tc_nqs/phase3d/hy1.5/electric_hx0.0/L4	2026-09-22T16:42:59Z
58754399	1.5	electric_hx0.0	4	chain_up	0.3	p3d_hy1.5_e0_L4_up	/pscratch/sd/s/sanzharb/tc_nqs/phase3d/hy1.5/electric_hx0.0/L4	2026-09-22T16:42:59Z
58754399	1.5	electric_hx0.0	4	chain_up	0.35	p3d_hy1.5_e0_L4_up	/pscratch/sd/s/sanzharb/tc_nqs/phase3d/hy1.5/electric_hx0.0/L4	2026-09-22T16:42:59Z
58754399	1.5	electric_hx0.0	4	chain_up	0.4	p3d_hy1.5_e0_L4_up	/pscratch/sd/s/sanzharb/tc_nqs/phase3d/hy1.5/electric_hx0.0/L4	2026-09-22T16:42:59Z
58754399	1.5	electric_hx0.0	4	chain_up	0.45	p3d_hy1.5_e0_L4_up	/pscratch/sd/s/sanzharb/tc_nqs/phase3d/hy1.5/electric_hx0.0/L4	2026-09-22T16:42:59Z
58754399	1.5	electric_hx0.0	4	chain_up	0.5	p3d_hy1.5_e0_L4_up	/pscratch/sd/s/sanzharb/tc_nqs/phase3d/hy1.5/electric_hx0.0/L4	2026-09-22T16:42:59Z
58754399	1.5	electric_hx0.0	4	chain_up	0.55	p3d_hy1.5_e0_L4_up	/pscratch/sd/s/sanzharb/tc_nqs/phase3d/hy1.5/electric_hx0.0/L4	2026-09-22T16:42:59Z
58754399	1.5	electric_hx0.0	4	chain_up	0.6	p3d_hy1.5_e0_L4_up	/pscratch/sd/s/sanzharb/tc_nqs/phase3d/hy1.5/electric_hx0.0/L4	2026-09-22T16:42:59Z
58754399	1.5	electric_hx0.0	4	chain_up	0.65	p3d_hy1.5_e0_L4_up	/pscratch/sd/s/sanzharb/tc_nqs/phase3d/hy1.5/electric_hx0.0/L4	2026-09-22T16:42:59Z
58754399	1.5	electric_hx0.0	4	chain_up	0.7	p3d_hy1.5_e0_L4_up	/pscratch/sd/s/sanzharb/tc_nqs/phase3d/hy1.5/electric_hx0.0/L4	2026-09-22T16:42:59Z
58754399	1.5	electric_hx0.0	4	chain_up	0.75	p3d_hy1.5_e0_L4_up	/pscratch/sd/s/sanzharb/tc_nqs/phase3d/hy1.5/electric_hx0.0/L4	2026-09-22T16:42:59Z
58754399	1.5	electric_hx0.0	4	chain_up	0.8	p3d_hy1.5_e0_L4_up	/pscratch/sd/s/sanzharb/tc_nqs/phase3d/hy1.5/electric_hx0.0/L4	2026-09-22T16:42:59Z
58754399	1.5	electric_hx0.0	4	chain_up	0.85	p3d_hy1.5_e0_L4_up	/pscratch/sd/s/sanzharb/tc_nqs/phase3d/hy1.5/electric_hx0.0/L4	2026-09-22T16:42:59Z
58754404	1.5	electric_hx0.0	4	chain_dn	1.3	p3d_hy1.5_e0_L4_dn	/pscratch/sd/s/sanzharb/tc_nqs/phase3d/hy1.5/electric_hx0.0/L4	2026-09-22T16:43:03Z
58754404	1.5	electric_hx0.0	4	chain_dn	1.2	p3d_hy1.5_e0_L4_dn	/pscratch/sd/s/sanzharb/tc_nqs/phase3d/hy1.5/electric_hx0.0/L4	2026-09-22T16:43:03Z
58754404	1.5	electric_hx0.0	4	chain_dn	1.1	p3d_hy1.5_e0_L4_dn	/pscratch/sd/s/sanzharb/tc_nqs/phase3d/hy1.5/electric_hx0.0/L4	2026-09-22T16:43:03Z
58754404	1.5	electric_hx0.0	4	chain_dn	1.0	p3d_hy1.5_e0_L4_dn	/pscratch/sd/s/sanzharb/tc_nqs/phase3d/hy1.5/electric_hx0.0/L4	2026-09-22T16:43:03Z
58754404	1.5	electric_hx0.0	4	chain_dn	0.9	p3d_hy1.5_e0_L4_dn	/pscratch/sd/s/sanzharb/tc_nqs/phase3d/hy1.5/electric_hx0.0/L4	2026-09-22T16:43:03Z
58754404	1.5	electric_hx0.0	4	chain_dn	0.85	p3d_hy1.5_e0_L4_dn	/pscratch/sd/s/sanzharb/tc_nqs/phase3d/hy1.5/electric_hx0.0/L4	2026-09-22T16:43:03Z
58754404	1.5	electric_hx0.0	4	chain_dn	0.8	p3d_hy1.5_e0_L4_dn	/pscratch/sd/s/sanzharb/tc_nqs/phase3d/hy1.5/electric_hx0.0/L4	2026-09-22T16:43:03Z
58754404	1.5	electric_hx0.0	4	chain_dn	0.75	p3d_hy1.5_e0_L4_dn	/pscratch/sd/s/sanzharb/tc_nqs/phase3d/hy1.5/electric_hx0.0/L4	2026-09-22T16:43:03Z
58754404	1.5	electric_hx0.0	4	chain_dn	0.7	p3d_hy1.5_e0_L4_dn	/pscratch/sd/s/sanzharb/tc_nqs/phase3d/hy1.5/electric_hx0.0/L4	2026-09-22T16:43:03Z
58754404	1.5	electric_hx0.0	4	chain_dn	0.65	p3d_hy1.5_e0_L4_dn	/pscratch/sd/s/sanzharb/tc_nqs/phase3d/hy1.5/electric_hx0.0/L4	2026-09-22T16:43:03Z
58754404	1.5	electric_hx0.0	4	chain_dn	0.6	p3d_hy1.5_e0_L4_dn	/pscratch/sd/s/sanzharb/tc_nqs/phase3d/hy1.5/electric_hx0.0/L4	2026-09-22T16:43:03Z
58754404	1.5	electric_hx0.0	4	chain_dn	0.55	p3d_hy1.5_e0_L4_dn	/pscratch/sd/s/sanzharb/tc_nqs/phase3d/hy1.5/electric_hx0.0/L4	2026-09-22T16:43:03Z
58754404	1.5	electric_hx0.0	4	chain_dn	0.5	p3d_hy1.5_e0_L4_dn	/pscratch/sd/s/sanzharb/tc_nqs/phase3d/hy1.5/electric_hx0.0/L4	2026-09-22T16:43:03Z
58754404	1.5	electric_hx0.0	4	chain_dn	0.45	p3d_hy1.5_e0_L4_dn	/pscratch/sd/s/sanzharb/tc_nqs/phase3d/hy1.5/electric_hx0.0/L4	2026-09-22T16:43:03Z
58754404	1.5	electric_hx0.0	4	chain_dn	0.4	p3d_hy1.5_e0_L4_dn	/pscratch/sd/s/sanzharb/tc_nqs/phase3d/hy1.5/electric_hx0.0/L4	2026-09-22T16:43:03Z
58754404	1.5	electric_hx0.0	4	chain_dn	0.35	p3d_hy1.5_e0_L4_dn	/pscratch/sd/s/sanzharb/tc_nqs/phase3d/hy1.5/electric_hx0.0/L4	2026-09-22T16:43:03Z
58754404	1.5	electric_hx0.0	4	chain_dn	0.3	p3d_hy1.5_e0_L4_dn	/pscratch/sd/s/sanzharb/tc_nqs/phase3d/hy1.5/electric_hx0.0/L4	2026-09-22T16:43:03Z
58754404	1.5	electric_hx0.0	4	chain_dn	0.25	p3d_hy1.5_e0_L4_dn	/pscratch/sd/s/sanzharb/tc_nqs/phase3d/hy1.5/electric_hx0.0/L4	2026-09-22T16:43:03Z
58754408	y	ycut_hx0.8_hz0	4	chain_up	0.5	p3d_yhc_hx0.8_hz0_L4_up	/pscratch/sd/s/sanzharb/tc_nqs/phase3d/ycuts/ycut_hx0.8_hz0/L4	2026-09-22T16:43:06Z
58754408	y	ycut_hx0.8_hz0	4	chain_up	0.6	p3d_yhc_hx0.8_hz0_L4_up	/pscratch/sd/s/sanzharb/tc_nqs/phase3d/ycuts/ycut_hx0.8_hz0/L4	2026-09-22T16:43:06Z
58754408	y	ycut_hx0.8_hz0	4	chain_up	0.65	p3d_yhc_hx0.8_hz0_L4_up	/pscratch/sd/s/sanzharb/tc_nqs/phase3d/ycuts/ycut_hx0.8_hz0/L4	2026-09-22T16:43:06Z
58754408	y	ycut_hx0.8_hz0	4	chain_up	0.7	p3d_yhc_hx0.8_hz0_L4_up	/pscratch/sd/s/sanzharb/tc_nqs/phase3d/ycuts/ycut_hx0.8_hz0/L4	2026-09-22T16:43:06Z
58754408	y	ycut_hx0.8_hz0	4	chain_up	0.75	p3d_yhc_hx0.8_hz0_L4_up	/pscratch/sd/s/sanzharb/tc_nqs/phase3d/ycuts/ycut_hx0.8_hz0/L4	2026-09-22T16:43:06Z
58754408	y	ycut_hx0.8_hz0	4	chain_up	0.8	p3d_yhc_hx0.8_hz0_L4_up	/pscratch/sd/s/sanzharb/tc_nqs/phase3d/ycuts/ycut_hx0.8_hz0/L4	2026-09-22T16:43:06Z
58754408	y	ycut_hx0.8_hz0	4	chain_up	0.85	p3d_yhc_hx0.8_hz0_L4_up	/pscratch/sd/s/sanzharb/tc_nqs/phase3d/ycuts/ycut_hx0.8_hz0/L4	2026-09-22T16:43:06Z
58754408	y	ycut_hx0.8_hz0	4	chain_up	0.9	p3d_yhc_hx0.8_hz0_L4_up	/pscratch/sd/s/sanzharb/tc_nqs/phase3d/ycuts/ycut_hx0.8_hz0/L4	2026-09-22T16:43:06Z
58754408	y	ycut_hx0.8_hz0	4	chain_up	0.95	p3d_yhc_hx0.8_hz0_L4_up	/pscratch/sd/s/sanzharb/tc_nqs/phase3d/ycuts/ycut_hx0.8_hz0/L4	2026-09-22T16:43:06Z
58754408	y	ycut_hx0.8_hz0	4	chain_up	1.0	p3d_yhc_hx0.8_hz0_L4_up	/pscratch/sd/s/sanzharb/tc_nqs/phase3d/ycuts/ycut_hx0.8_hz0/L4	2026-09-22T16:43:06Z
58754408	y	ycut_hx0.8_hz0	4	chain_up	1.05	p3d_yhc_hx0.8_hz0_L4_up	/pscratch/sd/s/sanzharb/tc_nqs/phase3d/ycuts/ycut_hx0.8_hz0/L4	2026-09-22T16:43:06Z
58754408	y	ycut_hx0.8_hz0	4	chain_up	1.1	p3d_yhc_hx0.8_hz0_L4_up	/pscratch/sd/s/sanzharb/tc_nqs/phase3d/ycuts/ycut_hx0.8_hz0/L4	2026-09-22T16:43:06Z
58754408	y	ycut_hx0.8_hz0	4	chain_up	1.15	p3d_yhc_hx0.8_hz0_L4_up	/pscratch/sd/s/sanzharb/tc_nqs/phase3d/ycuts/ycut_hx0.8_hz0/L4	2026-09-22T16:43:06Z
58754408	y	ycut_hx0.8_hz0	4	chain_up	1.2	p3d_yhc_hx0.8_hz0_L4_up	/pscratch/sd/s/sanzharb/tc_nqs/phase3d/ycuts/ycut_hx0.8_hz0/L4	2026-09-22T16:43:06Z
58754408	y	ycut_hx0.8_hz0	4	chain_up	1.25	p3d_yhc_hx0.8_hz0_L4_up	/pscratch/sd/s/sanzharb/tc_nqs/phase3d/ycuts/ycut_hx0.8_hz0/L4	2026-09-22T16:43:06Z
58754408	y	ycut_hx0.8_hz0	4	chain_up	1.3	p3d_yhc_hx0.8_hz0_L4_up	/pscratch/sd/s/sanzharb/tc_nqs/phase3d/ycuts/ycut_hx0.8_hz0/L4	2026-09-22T16:43:06Z
58754408	y	ycut_hx0.8_hz0	4	chain_up	1.35	p3d_yhc_hx0.8_hz0_L4_up	/pscratch/sd/s/sanzharb/tc_nqs/phase3d/ycuts/ycut_hx0.8_hz0/L4	2026-09-22T16:43:06Z
58754408	y	ycut_hx0.8_hz0	4	chain_up	1.4	p3d_yhc_hx0.8_hz0_L4_up	/pscratch/sd/s/sanzharb/tc_nqs/phase3d/ycuts/ycut_hx0.8_hz0/L4	2026-09-22T16:43:06Z
58754411	y	ycut_hx0.8_hz0	4	chain_dn	1.5	p3d_yhc_hx0.8_hz0_L4_dn	/pscratch/sd/s/sanzharb/tc_nqs/phase3d/ycuts/ycut_hx0.8_hz0/L4	2026-09-22T16:43:08Z
58754411	y	ycut_hx0.8_hz0	4	chain_dn	1.4	p3d_yhc_hx0.8_hz0_L4_dn	/pscratch/sd/s/sanzharb/tc_nqs/phase3d/ycuts/ycut_hx0.8_hz0/L4	2026-09-22T16:43:08Z
58754411	y	ycut_hx0.8_hz0	4	chain_dn	1.35	p3d_yhc_hx0.8_hz0_L4_dn	/pscratch/sd/s/sanzharb/tc_nqs/phase3d/ycuts/ycut_hx0.8_hz0/L4	2026-09-22T16:43:08Z
58754411	y	ycut_hx0.8_hz0	4	chain_dn	1.3	p3d_yhc_hx0.8_hz0_L4_dn	/pscratch/sd/s/sanzharb/tc_nqs/phase3d/ycuts/ycut_hx0.8_hz0/L4	2026-09-22T16:43:08Z
58754411	y	ycut_hx0.8_hz0	4	chain_dn	1.25	p3d_yhc_hx0.8_hz0_L4_dn	/pscratch/sd/s/sanzharb/tc_nqs/phase3d/ycuts/ycut_hx0.8_hz0/L4	2026-09-22T16:43:08Z
58754411	y	ycut_hx0.8_hz0	4	chain_dn	1.2	p3d_yhc_hx0.8_hz0_L4_dn	/pscratch/sd/s/sanzharb/tc_nqs/phase3d/ycuts/ycut_hx0.8_hz0/L4	2026-09-22T16:43:08Z
58754411	y	ycut_hx0.8_hz0	4	chain_dn	1.15	p3d_yhc_hx0.8_hz0_L4_dn	/pscratch/sd/s/sanzharb/tc_nqs/phase3d/ycuts/ycut_hx0.8_hz0/L4	2026-09-22T16:43:08Z
58754411	y	ycut_hx0.8_hz0	4	chain_dn	1.1	p3d_yhc_hx0.8_hz0_L4_dn	/pscratch/sd/s/sanzharb/tc_nqs/phase3d/ycuts/ycut_hx0.8_hz0/L4	2026-09-22T16:43:08Z
58754411	y	ycut_hx0.8_hz0	4	chain_dn	1.05	p3d_yhc_hx0.8_hz0_L4_dn	/pscratch/sd/s/sanzharb/tc_nqs/phase3d/ycuts/ycut_hx0.8_hz0/L4	2026-09-22T16:43:08Z
58754411	y	ycut_hx0.8_hz0	4	chain_dn	1.0	p3d_yhc_hx0.8_hz0_L4_dn	/pscratch/sd/s/sanzharb/tc_nqs/phase3d/ycuts/ycut_hx0.8_hz0/L4	2026-09-22T16:43:08Z
58754411	y	ycut_hx0.8_hz0	4	chain_dn	0.95	p3d_yhc_hx0.8_hz0_L4_dn	/pscratch/sd/s/sanzharb/tc_nqs/phase3d/ycuts/ycut_hx0.8_hz0/L4	2026-09-22T16:43:08Z
58754411	y	ycut_hx0.8_hz0	4	chain_dn	0.9	p3d_yhc_hx0.8_hz0_L4_dn	/pscratch/sd/s/sanzharb/tc_nqs/phase3d/ycuts/ycut_hx0.8_hz0/L4	2026-09-22T16:43:08Z
58754411	y	ycut_hx0.8_hz0	4	chain_dn	0.85	p3d_yhc_hx0.8_hz0_L4_dn	/pscratch/sd/s/sanzharb/tc_nqs/phase3d/ycuts/ycut_hx0.8_hz0/L4	2026-09-22T16:43:08Z
58754411	y	ycut_hx0.8_hz0	4	chain_dn	0.8	p3d_yhc_hx0.8_hz0_L4_dn	/pscratch/sd/s/sanzharb/tc_nqs/phase3d/ycuts/ycut_hx0.8_hz0/L4	2026-09-22T16:43:08Z
58754411	y	ycut_hx0.8_hz0	4	chain_dn	0.75	p3d_yhc_hx0.8_hz0_L4_dn	/pscratch/sd/s/sanzharb/tc_nqs/phase3d/ycuts/ycut_hx0.8_hz0/L4	2026-09-22T16:43:08Z
58754411	y	ycut_hx0.8_hz0	4	chain_dn	0.7	p3d_yhc_hx0.8_hz0_L4_dn	/pscratch/sd/s/sanzharb/tc_nqs/phase3d/ycuts/ycut_hx0.8_hz0/L4	2026-09-22T16:43:08Z
58754411	y	ycut_hx0.8_hz0	4	chain_dn	0.65	p3d_yhc_hx0.8_hz0_L4_dn	/pscratch/sd/s/sanzharb/tc_nqs/phase3d/ycuts/ycut_hx0.8_hz0/L4	2026-09-22T16:43:08Z
58754411	y	ycut_hx0.8_hz0	4	chain_dn	0.6	p3d_yhc_hx0.8_hz0_L4_dn	/pscratch/sd/s/sanzharb/tc_nqs/phase3d/ycuts/ycut_hx0.8_hz0/L4	2026-09-22T16:43:08Z
58754415	y	ycut_hx0.9_hz0	4	chain_up	0.6	p3d_yhc_hx0.9_hz0_L4_up	/pscratch/sd/s/sanzharb/tc_nqs/phase3d/ycuts/ycut_hx0.9_hz0/L4	2026-09-22T16:43:09Z
58754415	y	ycut_hx0.9_hz0	4	chain_up	0.7	p3d_yhc_hx0.9_hz0_L4_up	/pscratch/sd/s/sanzharb/tc_nqs/phase3d/ycuts/ycut_hx0.9_hz0/L4	2026-09-22T16:43:09Z
58754415	y	ycut_hx0.9_hz0	4	chain_up	0.75	p3d_yhc_hx0.9_hz0_L4_up	/pscratch/sd/s/sanzharb/tc_nqs/phase3d/ycuts/ycut_hx0.9_hz0/L4	2026-09-22T16:43:09Z
58754415	y	ycut_hx0.9_hz0	4	chain_up	0.8	p3d_yhc_hx0.9_hz0_L4_up	/pscratch/sd/s/sanzharb/tc_nqs/phase3d/ycuts/ycut_hx0.9_hz0/L4	2026-09-22T16:43:09Z
58754415	y	ycut_hx0.9_hz0	4	chain_up	0.85	p3d_yhc_hx0.9_hz0_L4_up	/pscratch/sd/s/sanzharb/tc_nqs/phase3d/ycuts/ycut_hx0.9_hz0/L4	2026-09-22T16:43:09Z
58754415	y	ycut_hx0.9_hz0	4	chain_up	0.9	p3d_yhc_hx0.9_hz0_L4_up	/pscratch/sd/s/sanzharb/tc_nqs/phase3d/ycuts/ycut_hx0.9_hz0/L4	2026-09-22T16:43:09Z
58754415	y	ycut_hx0.9_hz0	4	chain_up	0.95	p3d_yhc_hx0.9_hz0_L4_up	/pscratch/sd/s/sanzharb/tc_nqs/phase3d/ycuts/ycut_hx0.9_hz0/L4	2026-09-22T16:43:09Z
58754415	y	ycut_hx0.9_hz0	4	chain_up	1.0	p3d_yhc_hx0.9_hz0_L4_up	/pscratch/sd/s/sanzharb/tc_nqs/phase3d/ycuts/ycut_hx0.9_hz0/L4	2026-09-22T16:43:09Z
58754415	y	ycut_hx0.9_hz0	4	chain_up	1.05	p3d_yhc_hx0.9_hz0_L4_up	/pscratch/sd/s/sanzharb/tc_nqs/phase3d/ycuts/ycut_hx0.9_hz0/L4	2026-09-22T16:43:09Z
58754415	y	ycut_hx0.9_hz0	4	chain_up	1.1	p3d_yhc_hx0.9_hz0_L4_up	/pscratch/sd/s/sanzharb/tc_nqs/phase3d/ycuts/ycut_hx0.9_hz0/L4	2026-09-22T16:43:09Z
58754415	y	ycut_hx0.9_hz0	4	chain_up	1.15	p3d_yhc_hx0.9_hz0_L4_up	/pscratch/sd/s/sanzharb/tc_nqs/phase3d/ycuts/ycut_hx0.9_hz0/L4	2026-09-22T16:43:09Z
58754415	y	ycut_hx0.9_hz0	4	chain_up	1.2	p3d_yhc_hx0.9_hz0_L4_up	/pscratch/sd/s/sanzharb/tc_nqs/phase3d/ycuts/ycut_hx0.9_hz0/L4	2026-09-22T16:43:09Z
58754415	y	ycut_hx0.9_hz0	4	chain_up	1.25	p3d_yhc_hx0.9_hz0_L4_up	/pscratch/sd/s/sanzharb/tc_nqs/phase3d/ycuts/ycut_hx0.9_hz0/L4	2026-09-22T16:43:09Z
58754415	y	ycut_hx0.9_hz0	4	chain_up	1.3	p3d_yhc_hx0.9_hz0_L4_up	/pscratch/sd/s/sanzharb/tc_nqs/phase3d/ycuts/ycut_hx0.9_hz0/L4	2026-09-22T16:43:09Z
58754415	y	ycut_hx0.9_hz0	4	chain_up	1.35	p3d_yhc_hx0.9_hz0_L4_up	/pscratch/sd/s/sanzharb/tc_nqs/phase3d/ycuts/ycut_hx0.9_hz0/L4	2026-09-22T16:43:09Z
58754415	y	ycut_hx0.9_hz0	4	chain_up	1.4	p3d_yhc_hx0.9_hz0_L4_up	/pscratch/sd/s/sanzharb/tc_nqs/phase3d/ycuts/ycut_hx0.9_hz0/L4	2026-09-22T16:43:09Z
58754415	y	ycut_hx0.9_hz0	4	chain_up	1.45	p3d_yhc_hx0.9_hz0_L4_up	/pscratch/sd/s/sanzharb/tc_nqs/phase3d/ycuts/ycut_hx0.9_hz0/L4	2026-09-22T16:43:09Z
58754415	y	ycut_hx0.9_hz0	4	chain_up	1.5	p3d_yhc_hx0.9_hz0_L4_up	/pscratch/sd/s/sanzharb/tc_nqs/phase3d/ycuts/ycut_hx0.9_hz0/L4	2026-09-22T16:43:09Z
58754419	y	ycut_hx0.9_hz0	4	chain_dn	1.6	p3d_yhc_hx0.9_hz0_L4_dn	/pscratch/sd/s/sanzharb/tc_nqs/phase3d/ycuts/ycut_hx0.9_hz0/L4	2026-09-22T16:43:14Z
58754419	y	ycut_hx0.9_hz0	4	chain_dn	1.5	p3d_yhc_hx0.9_hz0_L4_dn	/pscratch/sd/s/sanzharb/tc_nqs/phase3d/ycuts/ycut_hx0.9_hz0/L4	2026-09-22T16:43:14Z
58754419	y	ycut_hx0.9_hz0	4	chain_dn	1.45	p3d_yhc_hx0.9_hz0_L4_dn	/pscratch/sd/s/sanzharb/tc_nqs/phase3d/ycuts/ycut_hx0.9_hz0/L4	2026-09-22T16:43:14Z
58754419	y	ycut_hx0.9_hz0	4	chain_dn	1.4	p3d_yhc_hx0.9_hz0_L4_dn	/pscratch/sd/s/sanzharb/tc_nqs/phase3d/ycuts/ycut_hx0.9_hz0/L4	2026-09-22T16:43:14Z
58754419	y	ycut_hx0.9_hz0	4	chain_dn	1.35	p3d_yhc_hx0.9_hz0_L4_dn	/pscratch/sd/s/sanzharb/tc_nqs/phase3d/ycuts/ycut_hx0.9_hz0/L4	2026-09-22T16:43:14Z
58754419	y	ycut_hx0.9_hz0	4	chain_dn	1.3	p3d_yhc_hx0.9_hz0_L4_dn	/pscratch/sd/s/sanzharb/tc_nqs/phase3d/ycuts/ycut_hx0.9_hz0/L4	2026-09-22T16:43:14Z
58754419	y	ycut_hx0.9_hz0	4	chain_dn	1.25	p3d_yhc_hx0.9_hz0_L4_dn	/pscratch/sd/s/sanzharb/tc_nqs/phase3d/ycuts/ycut_hx0.9_hz0/L4	2026-09-22T16:43:14Z
58754419	y	ycut_hx0.9_hz0	4	chain_dn	1.2	p3d_yhc_hx0.9_hz0_L4_dn	/pscratch/sd/s/sanzharb/tc_nqs/phase3d/ycuts/ycut_hx0.9_hz0/L4	2026-09-22T16:43:14Z
58754419	y	ycut_hx0.9_hz0	4	chain_dn	1.15	p3d_yhc_hx0.9_hz0_L4_dn	/pscratch/sd/s/sanzharb/tc_nqs/phase3d/ycuts/ycut_hx0.9_hz0/L4	2026-09-22T16:43:14Z
58754419	y	ycut_hx0.9_hz0	4	chain_dn	1.1	p3d_yhc_hx0.9_hz0_L4_dn	/pscratch/sd/s/sanzharb/tc_nqs/phase3d/ycuts/ycut_hx0.9_hz0/L4	2026-09-22T16:43:14Z
58754419	y	ycut_hx0.9_hz0	4	chain_dn	1.05	p3d_yhc_hx0.9_hz0_L4_dn	/pscratch/sd/s/sanzharb/tc_nqs/phase3d/ycuts/ycut_hx0.9_hz0/L4	2026-09-22T16:43:14Z
58754419	y	ycut_hx0.9_hz0	4	chain_dn	1.0	p3d_yhc_hx0.9_hz0_L4_dn	/pscratch/sd/s/sanzharb/tc_nqs/phase3d/ycuts/ycut_hx0.9_hz0/L4	2026-09-22T16:43:14Z
58754419	y	ycut_hx0.9_hz0	4	chain_dn	0.95	p3d_yhc_hx0.9_hz0_L4_dn	/pscratch/sd/s/sanzharb/tc_nqs/phase3d/ycuts/ycut_hx0.9_hz0/L4	2026-09-22T16:43:14Z
58754419	y	ycut_hx0.9_hz0	4	chain_dn	0.9	p3d_yhc_hx0.9_hz0_L4_dn	/pscratch/sd/s/sanzharb/tc_nqs/phase3d/ycuts/ycut_hx0.9_hz0/L4	2026-09-22T16:43:14Z
58754419	y	ycut_hx0.9_hz0	4	chain_dn	0.85	p3d_yhc_hx0.9_hz0_L4_dn	/pscratch/sd/s/sanzharb/tc_nqs/phase3d/ycuts/ycut_hx0.9_hz0/L4	2026-09-22T16:43:14Z
58754419	y	ycut_hx0.9_hz0	4	chain_dn	0.8	p3d_yhc_hx0.9_hz0_L4_dn	/pscratch/sd/s/sanzharb/tc_nqs/phase3d/ycuts/ycut_hx0.9_hz0/L4	2026-09-22T16:43:14Z
58754419	y	ycut_hx0.9_hz0	4	chain_dn	0.75	p3d_yhc_hx0.9_hz0_L4_dn	/pscratch/sd/s/sanzharb/tc_nqs/phase3d/ycuts/ycut_hx0.9_hz0/L4	2026-09-22T16:43:14Z
58754419	y	ycut_hx0.9_hz0	4	chain_dn	0.7	p3d_yhc_hx0.9_hz0_L4_dn	/pscratch/sd/s/sanzharb/tc_nqs/phase3d/ycuts/ycut_hx0.9_hz0/L4	2026-09-22T16:43:14Z
58755647	y	ycut_hx0.4_hz0	4	chain_up_extend	1.06	p3d_y_hx0.4_hz0_L4_up	/pscratch/sd/s/sanzharb/tc_nqs/phase3d/ycuts/ycut_hx0.4_hz0/L4	2026-09-22T17:33:03Z
58755647	y	ycut_hx0.4_hz0	4	chain_up_extend	1.11	p3d_y_hx0.4_hz0_L4_up	/pscratch/sd/s/sanzharb/tc_nqs/phase3d/ycuts/ycut_hx0.4_hz0/L4	2026-09-22T17:33:03Z
58755647	y	ycut_hx0.4_hz0	4	chain_up_extend	1.16	p3d_y_hx0.4_hz0_L4_up	/pscratch/sd/s/sanzharb/tc_nqs/phase3d/ycuts/ycut_hx0.4_hz0/L4	2026-09-22T17:33:03Z
58755647	y	ycut_hx0.4_hz0	4	chain_up_extend	1.21	p3d_y_hx0.4_hz0_L4_up	/pscratch/sd/s/sanzharb/tc_nqs/phase3d/ycuts/ycut_hx0.4_hz0/L4	2026-09-22T17:33:03Z
58755647	y	ycut_hx0.4_hz0	4	chain_up_extend	1.26	p3d_y_hx0.4_hz0_L4_up	/pscratch/sd/s/sanzharb/tc_nqs/phase3d/ycuts/ycut_hx0.4_hz0/L4	2026-09-22T17:33:03Z
58782510	y	ycut_hx0.4_hz0	4	chain_up_extend	1.08	p3d_y_hx0.4_hz0_L4_up	/pscratch/sd/s/sanzharb/tc_nqs/phase3d/ycuts/ycut_hx0.4_hz0/L4	2026-09-23T06:12:49Z
58782510	y	ycut_hx0.4_hz0	4	chain_up_extend	1.11	p3d_y_hx0.4_hz0_L4_up	/pscratch/sd/s/sanzharb/tc_nqs/phase3d/ycuts/ycut_hx0.4_hz0/L4	2026-09-23T06:12:49Z
58782510	y	ycut_hx0.4_hz0	4	chain_up_extend	1.13	p3d_y_hx0.4_hz0_L4_up	/pscratch/sd/s/sanzharb/tc_nqs/phase3d/ycuts/ycut_hx0.4_hz0/L4	2026-09-23T06:12:49Z
58782510	y	ycut_hx0.4_hz0	4	chain_up_extend	1.16	p3d_y_hx0.4_hz0_L4_up	/pscratch/sd/s/sanzharb/tc_nqs/phase3d/ycuts/ycut_hx0.4_hz0/L4	2026-09-23T06:12:49Z
58782510	y	ycut_hx0.4_hz0	4	chain_up_extend	1.18	p3d_y_hx0.4_hz0_L4_up	/pscratch/sd/s/sanzharb/tc_nqs/phase3d/ycuts/ycut_hx0.4_hz0/L4	2026-09-23T06:12:49Z
58782510	y	ycut_hx0.4_hz0	4	chain_up_extend	1.21	p3d_y_hx0.4_hz0_L4_up	/pscratch/sd/s/sanzharb/tc_nqs/phase3d/ycuts/ycut_hx0.4_hz0/L4	2026-09-23T06:12:49Z
58785717	1.6	electric_hx0.0	4	chain_up	0.05	p3d_hy1.6_e0_L4_up	/pscratch/sd/s/sanzharb/tc_nqs/phase3d/hy1.6/electric_hx0.0/L4	2026-09-23T10:15:55Z
58785717	1.6	electric_hx0.0	4	chain_up	0.15	p3d_hy1.6_e0_L4_up	/pscratch/sd/s/sanzharb/tc_nqs/phase3d/hy1.6/electric_hx0.0/L4	2026-09-23T10:15:55Z
58785717	1.6	electric_hx0.0	4	chain_up	0.2	p3d_hy1.6_e0_L4_up	/pscratch/sd/s/sanzharb/tc_nqs/phase3d/hy1.6/electric_hx0.0/L4	2026-09-23T10:15:55Z
58785717	1.6	electric_hx0.0	4	chain_up	0.25	p3d_hy1.6_e0_L4_up	/pscratch/sd/s/sanzharb/tc_nqs/phase3d/hy1.6/electric_hx0.0/L4	2026-09-23T10:15:55Z
58785717	1.6	electric_hx0.0	4	chain_up	0.3	p3d_hy1.6_e0_L4_up	/pscratch/sd/s/sanzharb/tc_nqs/phase3d/hy1.6/electric_hx0.0/L4	2026-09-23T10:15:55Z
58785717	1.6	electric_hx0.0	4	chain_up	0.35	p3d_hy1.6_e0_L4_up	/pscratch/sd/s/sanzharb/tc_nqs/phase3d/hy1.6/electric_hx0.0/L4	2026-09-23T10:15:55Z
58785717	1.6	electric_hx0.0	4	chain_up	0.4	p3d_hy1.6_e0_L4_up	/pscratch/sd/s/sanzharb/tc_nqs/phase3d/hy1.6/electric_hx0.0/L4	2026-09-23T10:15:55Z
58785717	1.6	electric_hx0.0	4	chain_up	0.45	p3d_hy1.6_e0_L4_up	/pscratch/sd/s/sanzharb/tc_nqs/phase3d/hy1.6/electric_hx0.0/L4	2026-09-23T10:15:55Z
58785717	1.6	electric_hx0.0	4	chain_up	0.5	p3d_hy1.6_e0_L4_up	/pscratch/sd/s/sanzharb/tc_nqs/phase3d/hy1.6/electric_hx0.0/L4	2026-09-23T10:15:55Z
58785717	1.6	electric_hx0.0	4	chain_up	0.55	p3d_hy1.6_e0_L4_up	/pscratch/sd/s/sanzharb/tc_nqs/phase3d/hy1.6/electric_hx0.0/L4	2026-09-23T10:15:55Z
58785717	1.6	electric_hx0.0	4	chain_up	0.6	p3d_hy1.6_e0_L4_up	/pscratch/sd/s/sanzharb/tc_nqs/phase3d/hy1.6/electric_hx0.0/L4	2026-09-23T10:15:55Z
58785717	1.6	electric_hx0.0	4	chain_up	0.65	p3d_hy1.6_e0_L4_up	/pscratch/sd/s/sanzharb/tc_nqs/phase3d/hy1.6/electric_hx0.0/L4	2026-09-23T10:15:55Z
58785717	1.6	electric_hx0.0	4	chain_up	0.7	p3d_hy1.6_e0_L4_up	/pscratch/sd/s/sanzharb/tc_nqs/phase3d/hy1.6/electric_hx0.0/L4	2026-09-23T10:15:55Z
58785718	1.6	electric_hx0.0	4	chain_dn	0.8	p3d_hy1.6_e0_L4_dn	/pscratch/sd/s/sanzharb/tc_nqs/phase3d/hy1.6/electric_hx0.0/L4	2026-09-23T10:15:58Z
58785718	1.6	electric_hx0.0	4	chain_dn	0.7	p3d_hy1.6_e0_L4_dn	/pscratch/sd/s/sanzharb/tc_nqs/phase3d/hy1.6/electric_hx0.0/L4	2026-09-23T10:15:58Z
58785718	1.6	electric_hx0.0	4	chain_dn	0.65	p3d_hy1.6_e0_L4_dn	/pscratch/sd/s/sanzharb/tc_nqs/phase3d/hy1.6/electric_hx0.0/L4	2026-09-23T10:15:58Z
58785718	1.6	electric_hx0.0	4	chain_dn	0.6	p3d_hy1.6_e0_L4_dn	/pscratch/sd/s/sanzharb/tc_nqs/phase3d/hy1.6/electric_hx0.0/L4	2026-09-23T10:15:58Z
58785718	1.6	electric_hx0.0	4	chain_dn	0.55	p3d_hy1.6_e0_L4_dn	/pscratch/sd/s/sanzharb/tc_nqs/phase3d/hy1.6/electric_hx0.0/L4	2026-09-23T10:15:58Z
58785718	1.6	electric_hx0.0	4	chain_dn	0.5	p3d_hy1.6_e0_L4_dn	/pscratch/sd/s/sanzharb/tc_nqs/phase3d/hy1.6/electric_hx0.0/L4	2026-09-23T10:15:58Z
58785718	1.6	electric_hx0.0	4	chain_dn	0.45	p3d_hy1.6_e0_L4_dn	/pscratch/sd/s/sanzharb/tc_nqs/phase3d/hy1.6/electric_hx0.0/L4	2026-09-23T10:15:58Z
58785718	1.6	electric_hx0.0	4	chain_dn	0.4	p3d_hy1.6_e0_L4_dn	/pscratch/sd/s/sanzharb/tc_nqs/phase3d/hy1.6/electric_hx0.0/L4	2026-09-23T10:15:58Z
58785718	1.6	electric_hx0.0	4	chain_dn	0.35	p3d_hy1.6_e0_L4_dn	/pscratch/sd/s/sanzharb/tc_nqs/phase3d/hy1.6/electric_hx0.0/L4	2026-09-23T10:15:58Z
58785718	1.6	electric_hx0.0	4	chain_dn	0.3	p3d_hy1.6_e0_L4_dn	/pscratch/sd/s/sanzharb/tc_nqs/phase3d/hy1.6/electric_hx0.0/L4	2026-09-23T10:15:58Z
58785718	1.6	electric_hx0.0	4	chain_dn	0.25	p3d_hy1.6_e0_L4_dn	/pscratch/sd/s/sanzharb/tc_nqs/phase3d/hy1.6/electric_hx0.0/L4	2026-09-23T10:15:58Z
58785718	1.6	electric_hx0.0	4	chain_dn	0.2	p3d_hy1.6_e0_L4_dn	/pscratch/sd/s/sanzharb/tc_nqs/phase3d/hy1.6/electric_hx0.0/L4	2026-09-23T10:15:58Z
58785719	1.7	electric_hx0.0	4	chain_up	0.05	p3d_hy1.7_e0_L4_up	/pscratch/sd/s/sanzharb/tc_nqs/phase3d/hy1.7/electric_hx0.0/L4	2026-09-23T10:16:01Z
58785719	1.7	electric_hx0.0	4	chain_up	0.15	p3d_hy1.7_e0_L4_up	/pscratch/sd/s/sanzharb/tc_nqs/phase3d/hy1.7/electric_hx0.0/L4	2026-09-23T10:16:01Z
58785719	1.7	electric_hx0.0	4	chain_up	0.25	p3d_hy1.7_e0_L4_up	/pscratch/sd/s/sanzharb/tc_nqs/phase3d/hy1.7/electric_hx0.0/L4	2026-09-23T10:16:01Z
58785719	1.7	electric_hx0.0	4	chain_up	0.3	p3d_hy1.7_e0_L4_up	/pscratch/sd/s/sanzharb/tc_nqs/phase3d/hy1.7/electric_hx0.0/L4	2026-09-23T10:16:01Z
58785719	1.7	electric_hx0.0	4	chain_up	0.35	p3d_hy1.7_e0_L4_up	/pscratch/sd/s/sanzharb/tc_nqs/phase3d/hy1.7/electric_hx0.0/L4	2026-09-23T10:16:01Z
58785719	1.7	electric_hx0.0	4	chain_up	0.4	p3d_hy1.7_e0_L4_up	/pscratch/sd/s/sanzharb/tc_nqs/phase3d/hy1.7/electric_hx0.0/L4	2026-09-23T10:16:01Z
58785719	1.7	electric_hx0.0	4	chain_up	0.45	p3d_hy1.7_e0_L4_up	/pscratch/sd/s/sanzharb/tc_nqs/phase3d/hy1.7/electric_hx0.0/L4	2026-09-23T10:16:01Z
58785719	1.7	electric_hx0.0	4	chain_up	0.5	p3d_hy1.7_e0_L4_up	/pscratch/sd/s/sanzharb/tc_nqs/phase3d/hy1.7/electric_hx0.0/L4	2026-09-23T10:16:01Z
58785719	1.7	electric_hx0.0	4	chain_up	0.55	p3d_hy1.7_e0_L4_up	/pscratch/sd/s/sanzharb/tc_nqs/phase3d/hy1.7/electric_hx0.0/L4	2026-09-23T10:16:01Z
58785719	1.7	electric_hx0.0	4	chain_up	0.6	p3d_hy1.7_e0_L4_up	/pscratch/sd/s/sanzharb/tc_nqs/phase3d/hy1.7/electric_hx0.0/L4	2026-09-23T10:16:01Z
58785719	1.7	electric_hx0.0	4	chain_up	0.65	p3d_hy1.7_e0_L4_up	/pscratch/sd/s/sanzharb/tc_nqs/phase3d/hy1.7/electric_hx0.0/L4	2026-09-23T10:16:01Z
58785719	1.7	electric_hx0.0	4	chain_up	0.7	p3d_hy1.7_e0_L4_up	/pscratch/sd/s/sanzharb/tc_nqs/phase3d/hy1.7/electric_hx0.0/L4	2026-09-23T10:16:01Z
58785719	1.7	electric_hx0.0	4	chain_up	0.75	p3d_hy1.7_e0_L4_up	/pscratch/sd/s/sanzharb/tc_nqs/phase3d/hy1.7/electric_hx0.0/L4	2026-09-23T10:16:01Z
58785720	1.7	electric_hx0.0	4	chain_dn	0.85	p3d_hy1.7_e0_L4_dn	/pscratch/sd/s/sanzharb/tc_nqs/phase3d/hy1.7/electric_hx0.0/L4	2026-09-23T10:16:01Z
58785720	1.7	electric_hx0.0	4	chain_dn	0.75	p3d_hy1.7_e0_L4_dn	/pscratch/sd/s/sanzharb/tc_nqs/phase3d/hy1.7/electric_hx0.0/L4	2026-09-23T10:16:01Z
58785720	1.7	electric_hx0.0	4	chain_dn	0.7	p3d_hy1.7_e0_L4_dn	/pscratch/sd/s/sanzharb/tc_nqs/phase3d/hy1.7/electric_hx0.0/L4	2026-09-23T10:16:01Z
58785720	1.7	electric_hx0.0	4	chain_dn	0.65	p3d_hy1.7_e0_L4_dn	/pscratch/sd/s/sanzharb/tc_nqs/phase3d/hy1.7/electric_hx0.0/L4	2026-09-23T10:16:01Z
58785720	1.7	electric_hx0.0	4	chain_dn	0.6	p3d_hy1.7_e0_L4_dn	/pscratch/sd/s/sanzharb/tc_nqs/phase3d/hy1.7/electric_hx0.0/L4	2026-09-23T10:16:01Z
58785720	1.7	electric_hx0.0	4	chain_dn	0.55	p3d_hy1.7_e0_L4_dn	/pscratch/sd/s/sanzharb/tc_nqs/phase3d/hy1.7/electric_hx0.0/L4	2026-09-23T10:16:01Z
58785720	1.7	electric_hx0.0	4	chain_dn	0.5	p3d_hy1.7_e0_L4_dn	/pscratch/sd/s/sanzharb/tc_nqs/phase3d/hy1.7/electric_hx0.0/L4	2026-09-23T10:16:01Z
58785720	1.7	electric_hx0.0	4	chain_dn	0.45	p3d_hy1.7_e0_L4_dn	/pscratch/sd/s/sanzharb/tc_nqs/phase3d/hy1.7/electric_hx0.0/L4	2026-09-23T10:16:01Z
58785720	1.7	electric_hx0.0	4	chain_dn	0.4	p3d_hy1.7_e0_L4_dn	/pscratch/sd/s/sanzharb/tc_nqs/phase3d/hy1.7/electric_hx0.0/L4	2026-09-23T10:16:01Z
58785720	1.7	electric_hx0.0	4	chain_dn	0.35	p3d_hy1.7_e0_L4_dn	/pscratch/sd/s/sanzharb/tc_nqs/phase3d/hy1.7/electric_hx0.0/L4	2026-09-23T10:16:01Z
58785720	1.7	electric_hx0.0	4	chain_dn	0.3	p3d_hy1.7_e0_L4_dn	/pscratch/sd/s/sanzharb/tc_nqs/phase3d/hy1.7/electric_hx0.0/L4	2026-09-23T10:16:01Z
58785720	1.7	electric_hx0.0	4	chain_dn	0.25	p3d_hy1.7_e0_L4_dn	/pscratch/sd/s/sanzharb/tc_nqs/phase3d/hy1.7/electric_hx0.0/L4	2026-09-23T10:16:01Z
58785721	1.8	electric_hx0.0	4	chain_up	0.05	p3d_hy1.8_e0_L4_up	/pscratch/sd/s/sanzharb/tc_nqs/phase3d/hy1.8/electric_hx0.0/L4	2026-09-23T10:16:01Z
58785721	1.8	electric_hx0.0	4	chain_up	0.15	p3d_hy1.8_e0_L4_up	/pscratch/sd/s/sanzharb/tc_nqs/phase3d/hy1.8/electric_hx0.0/L4	2026-09-23T10:16:01Z
58785721	1.8	electric_hx0.0	4	chain_up	0.25	p3d_hy1.8_e0_L4_up	/pscratch/sd/s/sanzharb/tc_nqs/phase3d/hy1.8/electric_hx0.0/L4	2026-09-23T10:16:01Z
58785721	1.8	electric_hx0.0	4	chain_up	0.3	p3d_hy1.8_e0_L4_up	/pscratch/sd/s/sanzharb/tc_nqs/phase3d/hy1.8/electric_hx0.0/L4	2026-09-23T10:16:01Z
58785721	1.8	electric_hx0.0	4	chain_up	0.35	p3d_hy1.8_e0_L4_up	/pscratch/sd/s/sanzharb/tc_nqs/phase3d/hy1.8/electric_hx0.0/L4	2026-09-23T10:16:01Z
58785721	1.8	electric_hx0.0	4	chain_up	0.4	p3d_hy1.8_e0_L4_up	/pscratch/sd/s/sanzharb/tc_nqs/phase3d/hy1.8/electric_hx0.0/L4	2026-09-23T10:16:01Z
58785721	1.8	electric_hx0.0	4	chain_up	0.45	p3d_hy1.8_e0_L4_up	/pscratch/sd/s/sanzharb/tc_nqs/phase3d/hy1.8/electric_hx0.0/L4	2026-09-23T10:16:01Z
58785721	1.8	electric_hx0.0	4	chain_up	0.5	p3d_hy1.8_e0_L4_up	/pscratch/sd/s/sanzharb/tc_nqs/phase3d/hy1.8/electric_hx0.0/L4	2026-09-23T10:16:01Z
58785721	1.8	electric_hx0.0	4	chain_up	0.55	p3d_hy1.8_e0_L4_up	/pscratch/sd/s/sanzharb/tc_nqs/phase3d/hy1.8/electric_hx0.0/L4	2026-09-23T10:16:01Z
58785721	1.8	electric_hx0.0	4	chain_up	0.6	p3d_hy1.8_e0_L4_up	/pscratch/sd/s/sanzharb/tc_nqs/phase3d/hy1.8/electric_hx0.0/L4	2026-09-23T10:16:01Z
58785721	1.8	electric_hx0.0	4	chain_up	0.65	p3d_hy1.8_e0_L4_up	/pscratch/sd/s/sanzharb/tc_nqs/phase3d/hy1.8/electric_hx0.0/L4	2026-09-23T10:16:01Z
58785721	1.8	electric_hx0.0	4	chain_up	0.7	p3d_hy1.8_e0_L4_up	/pscratch/sd/s/sanzharb/tc_nqs/phase3d/hy1.8/electric_hx0.0/L4	2026-09-23T10:16:01Z
58785721	1.8	electric_hx0.0	4	chain_up	0.75	p3d_hy1.8_e0_L4_up	/pscratch/sd/s/sanzharb/tc_nqs/phase3d/hy1.8/electric_hx0.0/L4	2026-09-23T10:16:01Z
58785721	1.8	electric_hx0.0	4	chain_up	0.8	p3d_hy1.8_e0_L4_up	/pscratch/sd/s/sanzharb/tc_nqs/phase3d/hy1.8/electric_hx0.0/L4	2026-09-23T10:16:01Z
58785722	1.8	electric_hx0.0	4	chain_dn	0.9	p3d_hy1.8_e0_L4_dn	/pscratch/sd/s/sanzharb/tc_nqs/phase3d/hy1.8/electric_hx0.0/L4	2026-09-23T10:16:02Z
58785722	1.8	electric_hx0.0	4	chain_dn	0.8	p3d_hy1.8_e0_L4_dn	/pscratch/sd/s/sanzharb/tc_nqs/phase3d/hy1.8/electric_hx0.0/L4	2026-09-23T10:16:02Z
58785722	1.8	electric_hx0.0	4	chain_dn	0.75	p3d_hy1.8_e0_L4_dn	/pscratch/sd/s/sanzharb/tc_nqs/phase3d/hy1.8/electric_hx0.0/L4	2026-09-23T10:16:02Z
58785722	1.8	electric_hx0.0	4	chain_dn	0.7	p3d_hy1.8_e0_L4_dn	/pscratch/sd/s/sanzharb/tc_nqs/phase3d/hy1.8/electric_hx0.0/L4	2026-09-23T10:16:02Z
58785722	1.8	electric_hx0.0	4	chain_dn	0.65	p3d_hy1.8_e0_L4_dn	/pscratch/sd/s/sanzharb/tc_nqs/phase3d/hy1.8/electric_hx0.0/L4	2026-09-23T10:16:02Z
58785722	1.8	electric_hx0.0	4	chain_dn	0.6	p3d_hy1.8_e0_L4_dn	/pscratch/sd/s/sanzharb/tc_nqs/phase3d/hy1.8/electric_hx0.0/L4	2026-09-23T10:16:02Z
58785722	1.8	electric_hx0.0	4	chain_dn	0.55	p3d_hy1.8_e0_L4_dn	/pscratch/sd/s/sanzharb/tc_nqs/phase3d/hy1.8/electric_hx0.0/L4	2026-09-23T10:16:02Z
58785722	1.8	electric_hx0.0	4	chain_dn	0.5	p3d_hy1.8_e0_L4_dn	/pscratch/sd/s/sanzharb/tc_nqs/phase3d/hy1.8/electric_hx0.0/L4	2026-09-23T10:16:02Z
58785722	1.8	electric_hx0.0	4	chain_dn	0.45	p3d_hy1.8_e0_L4_dn	/pscratch/sd/s/sanzharb/tc_nqs/phase3d/hy1.8/electric_hx0.0/L4	2026-09-23T10:16:02Z
58785722	1.8	electric_hx0.0	4	chain_dn	0.4	p3d_hy1.8_e0_L4_dn	/pscratch/sd/s/sanzharb/tc_nqs/phase3d/hy1.8/electric_hx0.0/L4	2026-09-23T10:16:02Z
58785722	1.8	electric_hx0.0	4	chain_dn	0.35	p3d_hy1.8_e0_L4_dn	/pscratch/sd/s/sanzharb/tc_nqs/phase3d/hy1.8/electric_hx0.0/L4	2026-09-23T10:16:02Z
58785722	1.8	electric_hx0.0	4	chain_dn	0.3	p3d_hy1.8_e0_L4_dn	/pscratch/sd/s/sanzharb/tc_nqs/phase3d/hy1.8/electric_hx0.0/L4	2026-09-23T10:16:02Z
58785793	1.3	magnetic_hz0.0	4	chain_up	0.4	p3d_hy1.3_m0_L4_up	/pscratch/sd/s/sanzharb/tc_nqs/phase3d/hy1.3/magnetic_hz0.0/L4	2026-09-23T10:23:32Z
58785793	1.3	magnetic_hz0.0	4	chain_up	0.5	p3d_hy1.3_m0_L4_up	/pscratch/sd/s/sanzharb/tc_nqs/phase3d/hy1.3/magnetic_hz0.0/L4	2026-09-23T10:23:32Z
58785793	1.3	magnetic_hz0.0	4	chain_up	0.6	p3d_hy1.3_m0_L4_up	/pscratch/sd/s/sanzharb/tc_nqs/phase3d/hy1.3/magnetic_hz0.0/L4	2026-09-23T10:23:32Z
58785793	1.3	magnetic_hz0.0	4	chain_up	0.7	p3d_hy1.3_m0_L4_up	/pscratch/sd/s/sanzharb/tc_nqs/phase3d/hy1.3/magnetic_hz0.0/L4	2026-09-23T10:23:32Z
58785793	1.3	magnetic_hz0.0	4	chain_up	0.75	p3d_hy1.3_m0_L4_up	/pscratch/sd/s/sanzharb/tc_nqs/phase3d/hy1.3/magnetic_hz0.0/L4	2026-09-23T10:23:32Z
58785793	1.3	magnetic_hz0.0	4	chain_up	0.8	p3d_hy1.3_m0_L4_up	/pscratch/sd/s/sanzharb/tc_nqs/phase3d/hy1.3/magnetic_hz0.0/L4	2026-09-23T10:23:32Z
58785793	1.3	magnetic_hz0.0	4	chain_up	0.85	p3d_hy1.3_m0_L4_up	/pscratch/sd/s/sanzharb/tc_nqs/phase3d/hy1.3/magnetic_hz0.0/L4	2026-09-23T10:23:32Z
58785793	1.3	magnetic_hz0.0	4	chain_up	0.9	p3d_hy1.3_m0_L4_up	/pscratch/sd/s/sanzharb/tc_nqs/phase3d/hy1.3/magnetic_hz0.0/L4	2026-09-23T10:23:32Z
58785793	1.3	magnetic_hz0.0	4	chain_up	0.95	p3d_hy1.3_m0_L4_up	/pscratch/sd/s/sanzharb/tc_nqs/phase3d/hy1.3/magnetic_hz0.0/L4	2026-09-23T10:23:32Z
58785793	1.3	magnetic_hz0.0	4	chain_up	1.0	p3d_hy1.3_m0_L4_up	/pscratch/sd/s/sanzharb/tc_nqs/phase3d/hy1.3/magnetic_hz0.0/L4	2026-09-23T10:23:32Z
58785793	1.3	magnetic_hz0.0	4	chain_up	1.05	p3d_hy1.3_m0_L4_up	/pscratch/sd/s/sanzharb/tc_nqs/phase3d/hy1.3/magnetic_hz0.0/L4	2026-09-23T10:23:32Z
58785793	1.3	magnetic_hz0.0	4	chain_up	1.1	p3d_hy1.3_m0_L4_up	/pscratch/sd/s/sanzharb/tc_nqs/phase3d/hy1.3/magnetic_hz0.0/L4	2026-09-23T10:23:32Z
58785793	1.3	magnetic_hz0.0	4	chain_up	1.15	p3d_hy1.3_m0_L4_up	/pscratch/sd/s/sanzharb/tc_nqs/phase3d/hy1.3/magnetic_hz0.0/L4	2026-09-23T10:23:32Z
58785793	1.3	magnetic_hz0.0	4	chain_up	1.2	p3d_hy1.3_m0_L4_up	/pscratch/sd/s/sanzharb/tc_nqs/phase3d/hy1.3/magnetic_hz0.0/L4	2026-09-23T10:23:32Z
58785793	1.3	magnetic_hz0.0	4	chain_up	1.25	p3d_hy1.3_m0_L4_up	/pscratch/sd/s/sanzharb/tc_nqs/phase3d/hy1.3/magnetic_hz0.0/L4	2026-09-23T10:23:32Z
58785793	1.3	magnetic_hz0.0	4	chain_up	1.3	p3d_hy1.3_m0_L4_up	/pscratch/sd/s/sanzharb/tc_nqs/phase3d/hy1.3/magnetic_hz0.0/L4	2026-09-23T10:23:32Z
58785794	1.3	magnetic_hz0.0	4	chain_dn	1.6	p3d_hy1.3_m0_L4_dn	/pscratch/sd/s/sanzharb/tc_nqs/phase3d/hy1.3/magnetic_hz0.0/L4	2026-09-23T10:23:36Z
58785794	1.3	magnetic_hz0.0	4	chain_dn	1.5	p3d_hy1.3_m0_L4_dn	/pscratch/sd/s/sanzharb/tc_nqs/phase3d/hy1.3/magnetic_hz0.0/L4	2026-09-23T10:23:36Z
58785794	1.3	magnetic_hz0.0	4	chain_dn	1.4	p3d_hy1.3_m0_L4_dn	/pscratch/sd/s/sanzharb/tc_nqs/phase3d/hy1.3/magnetic_hz0.0/L4	2026-09-23T10:23:36Z
58785794	1.3	magnetic_hz0.0	4	chain_dn	1.3	p3d_hy1.3_m0_L4_dn	/pscratch/sd/s/sanzharb/tc_nqs/phase3d/hy1.3/magnetic_hz0.0/L4	2026-09-23T10:23:36Z
58785794	1.3	magnetic_hz0.0	4	chain_dn	1.25	p3d_hy1.3_m0_L4_dn	/pscratch/sd/s/sanzharb/tc_nqs/phase3d/hy1.3/magnetic_hz0.0/L4	2026-09-23T10:23:36Z
58785794	1.3	magnetic_hz0.0	4	chain_dn	1.2	p3d_hy1.3_m0_L4_dn	/pscratch/sd/s/sanzharb/tc_nqs/phase3d/hy1.3/magnetic_hz0.0/L4	2026-09-23T10:23:36Z
58785794	1.3	magnetic_hz0.0	4	chain_dn	1.15	p3d_hy1.3_m0_L4_dn	/pscratch/sd/s/sanzharb/tc_nqs/phase3d/hy1.3/magnetic_hz0.0/L4	2026-09-23T10:23:36Z
58785794	1.3	magnetic_hz0.0	4	chain_dn	1.1	p3d_hy1.3_m0_L4_dn	/pscratch/sd/s/sanzharb/tc_nqs/phase3d/hy1.3/magnetic_hz0.0/L4	2026-09-23T10:23:36Z
58785794	1.3	magnetic_hz0.0	4	chain_dn	1.05	p3d_hy1.3_m0_L4_dn	/pscratch/sd/s/sanzharb/tc_nqs/phase3d/hy1.3/magnetic_hz0.0/L4	2026-09-23T10:23:36Z
58785794	1.3	magnetic_hz0.0	4	chain_dn	1.0	p3d_hy1.3_m0_L4_dn	/pscratch/sd/s/sanzharb/tc_nqs/phase3d/hy1.3/magnetic_hz0.0/L4	2026-09-23T10:23:36Z
58785794	1.3	magnetic_hz0.0	4	chain_dn	0.95	p3d_hy1.3_m0_L4_dn	/pscratch/sd/s/sanzharb/tc_nqs/phase3d/hy1.3/magnetic_hz0.0/L4	2026-09-23T10:23:36Z
58785794	1.3	magnetic_hz0.0	4	chain_dn	0.9	p3d_hy1.3_m0_L4_dn	/pscratch/sd/s/sanzharb/tc_nqs/phase3d/hy1.3/magnetic_hz0.0/L4	2026-09-23T10:23:36Z
58785794	1.3	magnetic_hz0.0	4	chain_dn	0.85	p3d_hy1.3_m0_L4_dn	/pscratch/sd/s/sanzharb/tc_nqs/phase3d/hy1.3/magnetic_hz0.0/L4	2026-09-23T10:23:36Z
58785794	1.3	magnetic_hz0.0	4	chain_dn	0.8	p3d_hy1.3_m0_L4_dn	/pscratch/sd/s/sanzharb/tc_nqs/phase3d/hy1.3/magnetic_hz0.0/L4	2026-09-23T10:23:36Z
58785794	1.3	magnetic_hz0.0	4	chain_dn	0.75	p3d_hy1.3_m0_L4_dn	/pscratch/sd/s/sanzharb/tc_nqs/phase3d/hy1.3/magnetic_hz0.0/L4	2026-09-23T10:23:36Z
58785794	1.3	magnetic_hz0.0	4	chain_dn	0.7	p3d_hy1.3_m0_L4_dn	/pscratch/sd/s/sanzharb/tc_nqs/phase3d/hy1.3/magnetic_hz0.0/L4	2026-09-23T10:23:36Z
58785795	1.4	magnetic_hz0.0	4	chain_up	0.5	p3d_hy1.4_m0_L4_up	/pscratch/sd/s/sanzharb/tc_nqs/phase3d/hy1.4/magnetic_hz0.0/L4	2026-09-23T10:23:36Z
58785795	1.4	magnetic_hz0.0	4	chain_up	0.6	p3d_hy1.4_m0_L4_up	/pscratch/sd/s/sanzharb/tc_nqs/phase3d/hy1.4/magnetic_hz0.0/L4	2026-09-23T10:23:36Z
58785795	1.4	magnetic_hz0.0	4	chain_up	0.7	p3d_hy1.4_m0_L4_up	/pscratch/sd/s/sanzharb/tc_nqs/phase3d/hy1.4/magnetic_hz0.0/L4	2026-09-23T10:23:36Z
58785795	1.4	magnetic_hz0.0	4	chain_up	0.8	p3d_hy1.4_m0_L4_up	/pscratch/sd/s/sanzharb/tc_nqs/phase3d/hy1.4/magnetic_hz0.0/L4	2026-09-23T10:23:36Z
58785795	1.4	magnetic_hz0.0	4	chain_up	0.85	p3d_hy1.4_m0_L4_up	/pscratch/sd/s/sanzharb/tc_nqs/phase3d/hy1.4/magnetic_hz0.0/L4	2026-09-23T10:23:36Z
58785795	1.4	magnetic_hz0.0	4	chain_up	0.9	p3d_hy1.4_m0_L4_up	/pscratch/sd/s/sanzharb/tc_nqs/phase3d/hy1.4/magnetic_hz0.0/L4	2026-09-23T10:23:36Z
58785795	1.4	magnetic_hz0.0	4	chain_up	0.95	p3d_hy1.4_m0_L4_up	/pscratch/sd/s/sanzharb/tc_nqs/phase3d/hy1.4/magnetic_hz0.0/L4	2026-09-23T10:23:36Z
58785795	1.4	magnetic_hz0.0	4	chain_up	1.0	p3d_hy1.4_m0_L4_up	/pscratch/sd/s/sanzharb/tc_nqs/phase3d/hy1.4/magnetic_hz0.0/L4	2026-09-23T10:23:36Z
58785795	1.4	magnetic_hz0.0	4	chain_up	1.05	p3d_hy1.4_m0_L4_up	/pscratch/sd/s/sanzharb/tc_nqs/phase3d/hy1.4/magnetic_hz0.0/L4	2026-09-23T10:23:36Z
58785795	1.4	magnetic_hz0.0	4	chain_up	1.1	p3d_hy1.4_m0_L4_up	/pscratch/sd/s/sanzharb/tc_nqs/phase3d/hy1.4/magnetic_hz0.0/L4	2026-09-23T10:23:36Z
58785795	1.4	magnetic_hz0.0	4	chain_up	1.15	p3d_hy1.4_m0_L4_up	/pscratch/sd/s/sanzharb/tc_nqs/phase3d/hy1.4/magnetic_hz0.0/L4	2026-09-23T10:23:36Z
58785795	1.4	magnetic_hz0.0	4	chain_up	1.2	p3d_hy1.4_m0_L4_up	/pscratch/sd/s/sanzharb/tc_nqs/phase3d/hy1.4/magnetic_hz0.0/L4	2026-09-23T10:23:36Z
58785795	1.4	magnetic_hz0.0	4	chain_up	1.25	p3d_hy1.4_m0_L4_up	/pscratch/sd/s/sanzharb/tc_nqs/phase3d/hy1.4/magnetic_hz0.0/L4	2026-09-23T10:23:36Z
58785795	1.4	magnetic_hz0.0	4	chain_up	1.3	p3d_hy1.4_m0_L4_up	/pscratch/sd/s/sanzharb/tc_nqs/phase3d/hy1.4/magnetic_hz0.0/L4	2026-09-23T10:23:36Z
58785795	1.4	magnetic_hz0.0	4	chain_up	1.35	p3d_hy1.4_m0_L4_up	/pscratch/sd/s/sanzharb/tc_nqs/phase3d/hy1.4/magnetic_hz0.0/L4	2026-09-23T10:23:36Z
58785795	1.4	magnetic_hz0.0	4	chain_up	1.4	p3d_hy1.4_m0_L4_up	/pscratch/sd/s/sanzharb/tc_nqs/phase3d/hy1.4/magnetic_hz0.0/L4	2026-09-23T10:23:36Z
58785796	1.4	magnetic_hz0.0	4	chain_dn	1.7	p3d_hy1.4_m0_L4_dn	/pscratch/sd/s/sanzharb/tc_nqs/phase3d/hy1.4/magnetic_hz0.0/L4	2026-09-23T10:23:39Z
58785796	1.4	magnetic_hz0.0	4	chain_dn	1.6	p3d_hy1.4_m0_L4_dn	/pscratch/sd/s/sanzharb/tc_nqs/phase3d/hy1.4/magnetic_hz0.0/L4	2026-09-23T10:23:39Z
58785796	1.4	magnetic_hz0.0	4	chain_dn	1.5	p3d_hy1.4_m0_L4_dn	/pscratch/sd/s/sanzharb/tc_nqs/phase3d/hy1.4/magnetic_hz0.0/L4	2026-09-23T10:23:39Z
58785796	1.4	magnetic_hz0.0	4	chain_dn	1.4	p3d_hy1.4_m0_L4_dn	/pscratch/sd/s/sanzharb/tc_nqs/phase3d/hy1.4/magnetic_hz0.0/L4	2026-09-23T10:23:39Z
58785796	1.4	magnetic_hz0.0	4	chain_dn	1.35	p3d_hy1.4_m0_L4_dn	/pscratch/sd/s/sanzharb/tc_nqs/phase3d/hy1.4/magnetic_hz0.0/L4	2026-09-23T10:23:39Z
58785796	1.4	magnetic_hz0.0	4	chain_dn	1.3	p3d_hy1.4_m0_L4_dn	/pscratch/sd/s/sanzharb/tc_nqs/phase3d/hy1.4/magnetic_hz0.0/L4	2026-09-23T10:23:39Z
58785796	1.4	magnetic_hz0.0	4	chain_dn	1.25	p3d_hy1.4_m0_L4_dn	/pscratch/sd/s/sanzharb/tc_nqs/phase3d/hy1.4/magnetic_hz0.0/L4	2026-09-23T10:23:39Z
58785796	1.4	magnetic_hz0.0	4	chain_dn	1.2	p3d_hy1.4_m0_L4_dn	/pscratch/sd/s/sanzharb/tc_nqs/phase3d/hy1.4/magnetic_hz0.0/L4	2026-09-23T10:23:39Z
58785796	1.4	magnetic_hz0.0	4	chain_dn	1.15	p3d_hy1.4_m0_L4_dn	/pscratch/sd/s/sanzharb/tc_nqs/phase3d/hy1.4/magnetic_hz0.0/L4	2026-09-23T10:23:39Z
58785796	1.4	magnetic_hz0.0	4	chain_dn	1.1	p3d_hy1.4_m0_L4_dn	/pscratch/sd/s/sanzharb/tc_nqs/phase3d/hy1.4/magnetic_hz0.0/L4	2026-09-23T10:23:39Z
58785796	1.4	magnetic_hz0.0	4	chain_dn	1.05	p3d_hy1.4_m0_L4_dn	/pscratch/sd/s/sanzharb/tc_nqs/phase3d/hy1.4/magnetic_hz0.0/L4	2026-09-23T10:23:39Z
58785796	1.4	magnetic_hz0.0	4	chain_dn	1.0	p3d_hy1.4_m0_L4_dn	/pscratch/sd/s/sanzharb/tc_nqs/phase3d/hy1.4/magnetic_hz0.0/L4	2026-09-23T10:23:39Z
58785796	1.4	magnetic_hz0.0	4	chain_dn	0.95	p3d_hy1.4_m0_L4_dn	/pscratch/sd/s/sanzharb/tc_nqs/phase3d/hy1.4/magnetic_hz0.0/L4	2026-09-23T10:23:39Z
58785796	1.4	magnetic_hz0.0	4	chain_dn	0.9	p3d_hy1.4_m0_L4_dn	/pscratch/sd/s/sanzharb/tc_nqs/phase3d/hy1.4/magnetic_hz0.0/L4	2026-09-23T10:23:39Z
58785796	1.4	magnetic_hz0.0	4	chain_dn	0.85	p3d_hy1.4_m0_L4_dn	/pscratch/sd/s/sanzharb/tc_nqs/phase3d/hy1.4/magnetic_hz0.0/L4	2026-09-23T10:23:39Z
58785796	1.4	magnetic_hz0.0	4	chain_dn	0.8	p3d_hy1.4_m0_L4_dn	/pscratch/sd/s/sanzharb/tc_nqs/phase3d/hy1.4/magnetic_hz0.0/L4	2026-09-23T10:23:39Z
58786076	y	ycut_hx0.2_hz0.1	4	chain_up	0.6	p3d_yhc_hx0.2_hz0.1_L4_up	/pscratch/sd/s/sanzharb/tc_nqs/phase3d/ycuts/ycut_hx0.2_hz0.1/L4	2026-09-23T11:01:45Z
58786076	y	ycut_hx0.2_hz0.1	4	chain_up	0.7	p3d_yhc_hx0.2_hz0.1_L4_up	/pscratch/sd/s/sanzharb/tc_nqs/phase3d/ycuts/ycut_hx0.2_hz0.1/L4	2026-09-23T11:01:45Z
58786076	y	ycut_hx0.2_hz0.1	4	chain_up	0.8	p3d_yhc_hx0.2_hz0.1_L4_up	/pscratch/sd/s/sanzharb/tc_nqs/phase3d/ycuts/ycut_hx0.2_hz0.1/L4	2026-09-23T11:01:45Z
58786076	y	ycut_hx0.2_hz0.1	4	chain_up	0.9	p3d_yhc_hx0.2_hz0.1_L4_up	/pscratch/sd/s/sanzharb/tc_nqs/phase3d/ycuts/ycut_hx0.2_hz0.1/L4	2026-09-23T11:01:45Z
58786076	y	ycut_hx0.2_hz0.1	4	chain_up	1.0	p3d_yhc_hx0.2_hz0.1_L4_up	/pscratch/sd/s/sanzharb/tc_nqs/phase3d/ycuts/ycut_hx0.2_hz0.1/L4	2026-09-23T11:01:45Z
58786076	y	ycut_hx0.2_hz0.1	4	chain_up	1.05	p3d_yhc_hx0.2_hz0.1_L4_up	/pscratch/sd/s/sanzharb/tc_nqs/phase3d/ycuts/ycut_hx0.2_hz0.1/L4	2026-09-23T11:01:45Z
58786076	y	ycut_hx0.2_hz0.1	4	chain_up	1.1	p3d_yhc_hx0.2_hz0.1_L4_up	/pscratch/sd/s/sanzharb/tc_nqs/phase3d/ycuts/ycut_hx0.2_hz0.1/L4	2026-09-23T11:01:45Z
58786076	y	ycut_hx0.2_hz0.1	4	chain_up	1.15	p3d_yhc_hx0.2_hz0.1_L4_up	/pscratch/sd/s/sanzharb/tc_nqs/phase3d/ycuts/ycut_hx0.2_hz0.1/L4	2026-09-23T11:01:45Z
58786076	y	ycut_hx0.2_hz0.1	4	chain_up	1.2	p3d_yhc_hx0.2_hz0.1_L4_up	/pscratch/sd/s/sanzharb/tc_nqs/phase3d/ycuts/ycut_hx0.2_hz0.1/L4	2026-09-23T11:01:45Z
58786076	y	ycut_hx0.2_hz0.1	4	chain_up	1.25	p3d_yhc_hx0.2_hz0.1_L4_up	/pscratch/sd/s/sanzharb/tc_nqs/phase3d/ycuts/ycut_hx0.2_hz0.1/L4	2026-09-23T11:01:45Z
58786076	y	ycut_hx0.2_hz0.1	4	chain_up	1.3	p3d_yhc_hx0.2_hz0.1_L4_up	/pscratch/sd/s/sanzharb/tc_nqs/phase3d/ycuts/ycut_hx0.2_hz0.1/L4	2026-09-23T11:01:45Z
58786076	y	ycut_hx0.2_hz0.1	4	chain_up	1.35	p3d_yhc_hx0.2_hz0.1_L4_up	/pscratch/sd/s/sanzharb/tc_nqs/phase3d/ycuts/ycut_hx0.2_hz0.1/L4	2026-09-23T11:01:45Z
58786077	y	ycut_hx0.2_hz0.1	4	chain_dn	1.5	p3d_yhc_hx0.2_hz0.1_L4_dn	/pscratch/sd/s/sanzharb/tc_nqs/phase3d/ycuts/ycut_hx0.2_hz0.1/L4	2026-09-23T11:01:48Z
58786077	y	ycut_hx0.2_hz0.1	4	chain_dn	1.4	p3d_yhc_hx0.2_hz0.1_L4_dn	/pscratch/sd/s/sanzharb/tc_nqs/phase3d/ycuts/ycut_hx0.2_hz0.1/L4	2026-09-23T11:01:48Z
58786077	y	ycut_hx0.2_hz0.1	4	chain_dn	1.35	p3d_yhc_hx0.2_hz0.1_L4_dn	/pscratch/sd/s/sanzharb/tc_nqs/phase3d/ycuts/ycut_hx0.2_hz0.1/L4	2026-09-23T11:01:48Z
58786077	y	ycut_hx0.2_hz0.1	4	chain_dn	1.3	p3d_yhc_hx0.2_hz0.1_L4_dn	/pscratch/sd/s/sanzharb/tc_nqs/phase3d/ycuts/ycut_hx0.2_hz0.1/L4	2026-09-23T11:01:48Z
58786077	y	ycut_hx0.2_hz0.1	4	chain_dn	1.25	p3d_yhc_hx0.2_hz0.1_L4_dn	/pscratch/sd/s/sanzharb/tc_nqs/phase3d/ycuts/ycut_hx0.2_hz0.1/L4	2026-09-23T11:01:48Z
58786077	y	ycut_hx0.2_hz0.1	4	chain_dn	1.2	p3d_yhc_hx0.2_hz0.1_L4_dn	/pscratch/sd/s/sanzharb/tc_nqs/phase3d/ycuts/ycut_hx0.2_hz0.1/L4	2026-09-23T11:01:48Z
58786077	y	ycut_hx0.2_hz0.1	4	chain_dn	1.15	p3d_yhc_hx0.2_hz0.1_L4_dn	/pscratch/sd/s/sanzharb/tc_nqs/phase3d/ycuts/ycut_hx0.2_hz0.1/L4	2026-09-23T11:01:48Z
58786077	y	ycut_hx0.2_hz0.1	4	chain_dn	1.1	p3d_yhc_hx0.2_hz0.1_L4_dn	/pscratch/sd/s/sanzharb/tc_nqs/phase3d/ycuts/ycut_hx0.2_hz0.1/L4	2026-09-23T11:01:48Z
58786077	y	ycut_hx0.2_hz0.1	4	chain_dn	1.05	p3d_yhc_hx0.2_hz0.1_L4_dn	/pscratch/sd/s/sanzharb/tc_nqs/phase3d/ycuts/ycut_hx0.2_hz0.1/L4	2026-09-23T11:01:48Z
58786078	y	ycut_hx0.2_hz0.15	4	chain_up	0.6	p3d_yhc_hx0.2_hz0.15_L4_up	/pscratch/sd/s/sanzharb/tc_nqs/phase3d/ycuts/ycut_hx0.2_hz0.15/L4	2026-09-23T11:01:52Z
58786078	y	ycut_hx0.2_hz0.15	4	chain_up	0.7	p3d_yhc_hx0.2_hz0.15_L4_up	/pscratch/sd/s/sanzharb/tc_nqs/phase3d/ycuts/ycut_hx0.2_hz0.15/L4	2026-09-23T11:01:52Z
58786078	y	ycut_hx0.2_hz0.15	4	chain_up	0.8	p3d_yhc_hx0.2_hz0.15_L4_up	/pscratch/sd/s/sanzharb/tc_nqs/phase3d/ycuts/ycut_hx0.2_hz0.15/L4	2026-09-23T11:01:52Z
58786078	y	ycut_hx0.2_hz0.15	4	chain_up	0.9	p3d_yhc_hx0.2_hz0.15_L4_up	/pscratch/sd/s/sanzharb/tc_nqs/phase3d/ycuts/ycut_hx0.2_hz0.15/L4	2026-09-23T11:01:52Z
58786078	y	ycut_hx0.2_hz0.15	4	chain_up	1.0	p3d_yhc_hx0.2_hz0.15_L4_up	/pscratch/sd/s/sanzharb/tc_nqs/phase3d/ycuts/ycut_hx0.2_hz0.15/L4	2026-09-23T11:01:52Z
58786078	y	ycut_hx0.2_hz0.15	4	chain_up	1.05	p3d_yhc_hx0.2_hz0.15_L4_up	/pscratch/sd/s/sanzharb/tc_nqs/phase3d/ycuts/ycut_hx0.2_hz0.15/L4	2026-09-23T11:01:53Z
58786078	y	ycut_hx0.2_hz0.15	4	chain_up	1.1	p3d_yhc_hx0.2_hz0.15_L4_up	/pscratch/sd/s/sanzharb/tc_nqs/phase3d/ycuts/ycut_hx0.2_hz0.15/L4	2026-09-23T11:01:53Z
58786078	y	ycut_hx0.2_hz0.15	4	chain_up	1.15	p3d_yhc_hx0.2_hz0.15_L4_up	/pscratch/sd/s/sanzharb/tc_nqs/phase3d/ycuts/ycut_hx0.2_hz0.15/L4	2026-09-23T11:01:53Z
58786078	y	ycut_hx0.2_hz0.15	4	chain_up	1.2	p3d_yhc_hx0.2_hz0.15_L4_up	/pscratch/sd/s/sanzharb/tc_nqs/phase3d/ycuts/ycut_hx0.2_hz0.15/L4	2026-09-23T11:01:53Z
58786078	y	ycut_hx0.2_hz0.15	4	chain_up	1.25	p3d_yhc_hx0.2_hz0.15_L4_up	/pscratch/sd/s/sanzharb/tc_nqs/phase3d/ycuts/ycut_hx0.2_hz0.15/L4	2026-09-23T11:01:53Z
58786078	y	ycut_hx0.2_hz0.15	4	chain_up	1.3	p3d_yhc_hx0.2_hz0.15_L4_up	/pscratch/sd/s/sanzharb/tc_nqs/phase3d/ycuts/ycut_hx0.2_hz0.15/L4	2026-09-23T11:01:53Z
58786078	y	ycut_hx0.2_hz0.15	4	chain_up	1.35	p3d_yhc_hx0.2_hz0.15_L4_up	/pscratch/sd/s/sanzharb/tc_nqs/phase3d/ycuts/ycut_hx0.2_hz0.15/L4	2026-09-23T11:01:53Z
58786080	y	ycut_hx0.2_hz0.15	4	chain_dn	1.5	p3d_yhc_hx0.2_hz0.15_L4_dn	/pscratch/sd/s/sanzharb/tc_nqs/phase3d/ycuts/ycut_hx0.2_hz0.15/L4	2026-09-23T11:01:53Z
58786080	y	ycut_hx0.2_hz0.15	4	chain_dn	1.4	p3d_yhc_hx0.2_hz0.15_L4_dn	/pscratch/sd/s/sanzharb/tc_nqs/phase3d/ycuts/ycut_hx0.2_hz0.15/L4	2026-09-23T11:01:53Z
58786080	y	ycut_hx0.2_hz0.15	4	chain_dn	1.35	p3d_yhc_hx0.2_hz0.15_L4_dn	/pscratch/sd/s/sanzharb/tc_nqs/phase3d/ycuts/ycut_hx0.2_hz0.15/L4	2026-09-23T11:01:53Z
58786080	y	ycut_hx0.2_hz0.15	4	chain_dn	1.3	p3d_yhc_hx0.2_hz0.15_L4_dn	/pscratch/sd/s/sanzharb/tc_nqs/phase3d/ycuts/ycut_hx0.2_hz0.15/L4	2026-09-23T11:01:53Z
58786080	y	ycut_hx0.2_hz0.15	4	chain_dn	1.25	p3d_yhc_hx0.2_hz0.15_L4_dn	/pscratch/sd/s/sanzharb/tc_nqs/phase3d/ycuts/ycut_hx0.2_hz0.15/L4	2026-09-23T11:01:53Z
58786080	y	ycut_hx0.2_hz0.15	4	chain_dn	1.2	p3d_yhc_hx0.2_hz0.15_L4_dn	/pscratch/sd/s/sanzharb/tc_nqs/phase3d/ycuts/ycut_hx0.2_hz0.15/L4	2026-09-23T11:01:53Z
58786080	y	ycut_hx0.2_hz0.15	4	chain_dn	1.15	p3d_yhc_hx0.2_hz0.15_L4_dn	/pscratch/sd/s/sanzharb/tc_nqs/phase3d/ycuts/ycut_hx0.2_hz0.15/L4	2026-09-23T11:01:53Z
58786080	y	ycut_hx0.2_hz0.15	4	chain_dn	1.1	p3d_yhc_hx0.2_hz0.15_L4_dn	/pscratch/sd/s/sanzharb/tc_nqs/phase3d/ycuts/ycut_hx0.2_hz0.15/L4	2026-09-23T11:01:53Z
58786080	y	ycut_hx0.2_hz0.15	4	chain_dn	1.05	p3d_yhc_hx0.2_hz0.15_L4_dn	/pscratch/sd/s/sanzharb/tc_nqs/phase3d/ycuts/ycut_hx0.2_hz0.15/L4	2026-09-23T11:01:53Z
58786081	y	ycut_hx0.2_hz0.2	4	chain_up	0.6	p3d_yhc_hx0.2_hz0.2_L4_up	/pscratch/sd/s/sanzharb/tc_nqs/phase3d/ycuts/ycut_hx0.2_hz0.2/L4	2026-09-23T11:01:55Z
58786081	y	ycut_hx0.2_hz0.2	4	chain_up	0.7	p3d_yhc_hx0.2_hz0.2_L4_up	/pscratch/sd/s/sanzharb/tc_nqs/phase3d/ycuts/ycut_hx0.2_hz0.2/L4	2026-09-23T11:01:55Z
58786081	y	ycut_hx0.2_hz0.2	4	chain_up	0.8	p3d_yhc_hx0.2_hz0.2_L4_up	/pscratch/sd/s/sanzharb/tc_nqs/phase3d/ycuts/ycut_hx0.2_hz0.2/L4	2026-09-23T11:01:55Z
58786081	y	ycut_hx0.2_hz0.2	4	chain_up	0.9	p3d_yhc_hx0.2_hz0.2_L4_up	/pscratch/sd/s/sanzharb/tc_nqs/phase3d/ycuts/ycut_hx0.2_hz0.2/L4	2026-09-23T11:01:55Z
58786081	y	ycut_hx0.2_hz0.2	4	chain_up	1.0	p3d_yhc_hx0.2_hz0.2_L4_up	/pscratch/sd/s/sanzharb/tc_nqs/phase3d/ycuts/ycut_hx0.2_hz0.2/L4	2026-09-23T11:01:55Z
58786081	y	ycut_hx0.2_hz0.2	4	chain_up	1.1	p3d_yhc_hx0.2_hz0.2_L4_up	/pscratch/sd/s/sanzharb/tc_nqs/phase3d/ycuts/ycut_hx0.2_hz0.2/L4	2026-09-23T11:01:55Z
58786081	y	ycut_hx0.2_hz0.2	4	chain_up	1.15	p3d_yhc_hx0.2_hz0.2_L4_up	/pscratch/sd/s/sanzharb/tc_nqs/phase3d/ycuts/ycut_hx0.2_hz0.2/L4	2026-09-23T11:01:55Z
58786081	y	ycut_hx0.2_hz0.2	4	chain_up	1.2	p3d_yhc_hx0.2_hz0.2_L4_up	/pscratch/sd/s/sanzharb/tc_nqs/phase3d/ycuts/ycut_hx0.2_hz0.2/L4	2026-09-23T11:01:55Z
58786081	y	ycut_hx0.2_hz0.2	4	chain_up	1.25	p3d_yhc_hx0.2_hz0.2_L4_up	/pscratch/sd/s/sanzharb/tc_nqs/phase3d/ycuts/ycut_hx0.2_hz0.2/L4	2026-09-23T11:01:55Z
58786081	y	ycut_hx0.2_hz0.2	4	chain_up	1.3	p3d_yhc_hx0.2_hz0.2_L4_up	/pscratch/sd/s/sanzharb/tc_nqs/phase3d/ycuts/ycut_hx0.2_hz0.2/L4	2026-09-23T11:01:55Z
58786081	y	ycut_hx0.2_hz0.2	4	chain_up	1.35	p3d_yhc_hx0.2_hz0.2_L4_up	/pscratch/sd/s/sanzharb/tc_nqs/phase3d/ycuts/ycut_hx0.2_hz0.2/L4	2026-09-23T11:01:55Z
58786081	y	ycut_hx0.2_hz0.2	4	chain_up	1.4	p3d_yhc_hx0.2_hz0.2_L4_up	/pscratch/sd/s/sanzharb/tc_nqs/phase3d/ycuts/ycut_hx0.2_hz0.2/L4	2026-09-23T11:01:55Z
58786082	y	ycut_hx0.2_hz0.2	4	chain_dn	1.5	p3d_yhc_hx0.2_hz0.2_L4_dn	/pscratch/sd/s/sanzharb/tc_nqs/phase3d/ycuts/ycut_hx0.2_hz0.2/L4	2026-09-23T11:01:55Z
58786082	y	ycut_hx0.2_hz0.2	4	chain_dn	1.4	p3d_yhc_hx0.2_hz0.2_L4_dn	/pscratch/sd/s/sanzharb/tc_nqs/phase3d/ycuts/ycut_hx0.2_hz0.2/L4	2026-09-23T11:01:55Z
58786082	y	ycut_hx0.2_hz0.2	4	chain_dn	1.35	p3d_yhc_hx0.2_hz0.2_L4_dn	/pscratch/sd/s/sanzharb/tc_nqs/phase3d/ycuts/ycut_hx0.2_hz0.2/L4	2026-09-23T11:01:55Z
58786082	y	ycut_hx0.2_hz0.2	4	chain_dn	1.3	p3d_yhc_hx0.2_hz0.2_L4_dn	/pscratch/sd/s/sanzharb/tc_nqs/phase3d/ycuts/ycut_hx0.2_hz0.2/L4	2026-09-23T11:01:55Z
58786082	y	ycut_hx0.2_hz0.2	4	chain_dn	1.25	p3d_yhc_hx0.2_hz0.2_L4_dn	/pscratch/sd/s/sanzharb/tc_nqs/phase3d/ycuts/ycut_hx0.2_hz0.2/L4	2026-09-23T11:01:55Z
58786082	y	ycut_hx0.2_hz0.2	4	chain_dn	1.2	p3d_yhc_hx0.2_hz0.2_L4_dn	/pscratch/sd/s/sanzharb/tc_nqs/phase3d/ycuts/ycut_hx0.2_hz0.2/L4	2026-09-23T11:01:55Z
58786082	y	ycut_hx0.2_hz0.2	4	chain_dn	1.15	p3d_yhc_hx0.2_hz0.2_L4_dn	/pscratch/sd/s/sanzharb/tc_nqs/phase3d/ycuts/ycut_hx0.2_hz0.2/L4	2026-09-23T11:01:55Z
58786082	y	ycut_hx0.2_hz0.2	4	chain_dn	1.1	p3d_yhc_hx0.2_hz0.2_L4_dn	/pscratch/sd/s/sanzharb/tc_nqs/phase3d/ycuts/ycut_hx0.2_hz0.2/L4	2026-09-23T11:01:55Z
58786083	1.4	electric_hx0.2	4	chain_up	0.05	p3d_hy1.4_e0.2_L4_up	/pscratch/sd/s/sanzharb/tc_nqs/phase3d/hy1.4/electric_hx0.2/L4	2026-09-23T11:01:58Z
58786083	1.4	electric_hx0.2	4	chain_up	0.1	p3d_hy1.4_e0.2_L4_up	/pscratch/sd/s/sanzharb/tc_nqs/phase3d/hy1.4/electric_hx0.2/L4	2026-09-23T11:01:58Z
58786083	1.4	electric_hx0.2	4	chain_up	0.15	p3d_hy1.4_e0.2_L4_up	/pscratch/sd/s/sanzharb/tc_nqs/phase3d/hy1.4/electric_hx0.2/L4	2026-09-23T11:01:58Z
58786083	1.4	electric_hx0.2	4	chain_up	0.2	p3d_hy1.4_e0.2_L4_up	/pscratch/sd/s/sanzharb/tc_nqs/phase3d/hy1.4/electric_hx0.2/L4	2026-09-23T11:01:58Z
58786083	1.4	electric_hx0.2	4	chain_up	0.25	p3d_hy1.4_e0.2_L4_up	/pscratch/sd/s/sanzharb/tc_nqs/phase3d/hy1.4/electric_hx0.2/L4	2026-09-23T11:01:58Z
58786083	1.4	electric_hx0.2	4	chain_up	0.3	p3d_hy1.4_e0.2_L4_up	/pscratch/sd/s/sanzharb/tc_nqs/phase3d/hy1.4/electric_hx0.2/L4	2026-09-23T11:01:58Z
58786083	1.4	electric_hx0.2	4	chain_up	0.35	p3d_hy1.4_e0.2_L4_up	/pscratch/sd/s/sanzharb/tc_nqs/phase3d/hy1.4/electric_hx0.2/L4	2026-09-23T11:01:58Z
58786083	1.4	electric_hx0.2	4	chain_up	0.4	p3d_hy1.4_e0.2_L4_up	/pscratch/sd/s/sanzharb/tc_nqs/phase3d/hy1.4/electric_hx0.2/L4	2026-09-23T11:01:58Z
58786083	1.4	electric_hx0.2	4	chain_up	0.45	p3d_hy1.4_e0.2_L4_up	/pscratch/sd/s/sanzharb/tc_nqs/phase3d/hy1.4/electric_hx0.2/L4	2026-09-23T11:01:58Z
58786083	1.4	electric_hx0.2	4	chain_up	0.5	p3d_hy1.4_e0.2_L4_up	/pscratch/sd/s/sanzharb/tc_nqs/phase3d/hy1.4/electric_hx0.2/L4	2026-09-23T11:01:58Z
58786083	1.4	electric_hx0.2	4	chain_up	0.55	p3d_hy1.4_e0.2_L4_up	/pscratch/sd/s/sanzharb/tc_nqs/phase3d/hy1.4/electric_hx0.2/L4	2026-09-23T11:01:58Z
58786083	1.4	electric_hx0.2	4	chain_up	0.6	p3d_hy1.4_e0.2_L4_up	/pscratch/sd/s/sanzharb/tc_nqs/phase3d/hy1.4/electric_hx0.2/L4	2026-09-23T11:01:58Z
58786084	1.4	electric_hx0.2	4	chain_dn	0.7	p3d_hy1.4_e0.2_L4_dn	/pscratch/sd/s/sanzharb/tc_nqs/phase3d/hy1.4/electric_hx0.2/L4	2026-09-23T11:02:00Z
58786084	1.4	electric_hx0.2	4	chain_dn	0.6	p3d_hy1.4_e0.2_L4_dn	/pscratch/sd/s/sanzharb/tc_nqs/phase3d/hy1.4/electric_hx0.2/L4	2026-09-23T11:02:00Z
58786084	1.4	electric_hx0.2	4	chain_dn	0.55	p3d_hy1.4_e0.2_L4_dn	/pscratch/sd/s/sanzharb/tc_nqs/phase3d/hy1.4/electric_hx0.2/L4	2026-09-23T11:02:00Z
58786084	1.4	electric_hx0.2	4	chain_dn	0.5	p3d_hy1.4_e0.2_L4_dn	/pscratch/sd/s/sanzharb/tc_nqs/phase3d/hy1.4/electric_hx0.2/L4	2026-09-23T11:02:00Z
58786084	1.4	electric_hx0.2	4	chain_dn	0.45	p3d_hy1.4_e0.2_L4_dn	/pscratch/sd/s/sanzharb/tc_nqs/phase3d/hy1.4/electric_hx0.2/L4	2026-09-23T11:02:00Z
58786084	1.4	electric_hx0.2	4	chain_dn	0.4	p3d_hy1.4_e0.2_L4_dn	/pscratch/sd/s/sanzharb/tc_nqs/phase3d/hy1.4/electric_hx0.2/L4	2026-09-23T11:02:00Z
58786084	1.4	electric_hx0.2	4	chain_dn	0.35	p3d_hy1.4_e0.2_L4_dn	/pscratch/sd/s/sanzharb/tc_nqs/phase3d/hy1.4/electric_hx0.2/L4	2026-09-23T11:02:00Z
58786084	1.4	electric_hx0.2	4	chain_dn	0.3	p3d_hy1.4_e0.2_L4_dn	/pscratch/sd/s/sanzharb/tc_nqs/phase3d/hy1.4/electric_hx0.2/L4	2026-09-23T11:02:00Z
58786084	1.4	electric_hx0.2	4	chain_dn	0.25	p3d_hy1.4_e0.2_L4_dn	/pscratch/sd/s/sanzharb/tc_nqs/phase3d/hy1.4/electric_hx0.2/L4	2026-09-23T11:02:00Z
58786084	1.4	electric_hx0.2	4	chain_dn	0.2	p3d_hy1.4_e0.2_L4_dn	/pscratch/sd/s/sanzharb/tc_nqs/phase3d/hy1.4/electric_hx0.2/L4	2026-09-23T11:02:00Z
58786084	1.4	electric_hx0.2	4	chain_dn	0.15	p3d_hy1.4_e0.2_L4_dn	/pscratch/sd/s/sanzharb/tc_nqs/phase3d/hy1.4/electric_hx0.2/L4	2026-09-23T11:02:00Z
58786084	1.4	electric_hx0.2	4	chain_dn	0.1	p3d_hy1.4_e0.2_L4_dn	/pscratch/sd/s/sanzharb/tc_nqs/phase3d/hy1.4/electric_hx0.2/L4	2026-09-23T11:02:00Z
58786086	1.5	electric_hx0.2	4	chain_up	0.05	p3d_hy1.5_e0.2_L4_up	/pscratch/sd/s/sanzharb/tc_nqs/phase3d/hy1.5/electric_hx0.2/L4	2026-09-23T11:02:04Z
58786086	1.5	electric_hx0.2	4	chain_up	0.15	p3d_hy1.5_e0.2_L4_up	/pscratch/sd/s/sanzharb/tc_nqs/phase3d/hy1.5/electric_hx0.2/L4	2026-09-23T11:02:04Z
58786086	1.5	electric_hx0.2	4	chain_up	0.2	p3d_hy1.5_e0.2_L4_up	/pscratch/sd/s/sanzharb/tc_nqs/phase3d/hy1.5/electric_hx0.2/L4	2026-09-23T11:02:04Z
58786086	1.5	electric_hx0.2	4	chain_up	0.25	p3d_hy1.5_e0.2_L4_up	/pscratch/sd/s/sanzharb/tc_nqs/phase3d/hy1.5/electric_hx0.2/L4	2026-09-23T11:02:04Z
58786086	1.5	electric_hx0.2	4	chain_up	0.3	p3d_hy1.5_e0.2_L4_up	/pscratch/sd/s/sanzharb/tc_nqs/phase3d/hy1.5/electric_hx0.2/L4	2026-09-23T11:02:04Z
58786086	1.5	electric_hx0.2	4	chain_up	0.35	p3d_hy1.5_e0.2_L4_up	/pscratch/sd/s/sanzharb/tc_nqs/phase3d/hy1.5/electric_hx0.2/L4	2026-09-23T11:02:04Z
58786086	1.5	electric_hx0.2	4	chain_up	0.4	p3d_hy1.5_e0.2_L4_up	/pscratch/sd/s/sanzharb/tc_nqs/phase3d/hy1.5/electric_hx0.2/L4	2026-09-23T11:02:04Z
58786086	1.5	electric_hx0.2	4	chain_up	0.45	p3d_hy1.5_e0.2_L4_up	/pscratch/sd/s/sanzharb/tc_nqs/phase3d/hy1.5/electric_hx0.2/L4	2026-09-23T11:02:04Z
58786086	1.5	electric_hx0.2	4	chain_up	0.5	p3d_hy1.5_e0.2_L4_up	/pscratch/sd/s/sanzharb/tc_nqs/phase3d/hy1.5/electric_hx0.2/L4	2026-09-23T11:02:04Z
58786086	1.5	electric_hx0.2	4	chain_up	0.55	p3d_hy1.5_e0.2_L4_up	/pscratch/sd/s/sanzharb/tc_nqs/phase3d/hy1.5/electric_hx0.2/L4	2026-09-23T11:02:04Z
58786086	1.5	electric_hx0.2	4	chain_up	0.6	p3d_hy1.5_e0.2_L4_up	/pscratch/sd/s/sanzharb/tc_nqs/phase3d/hy1.5/electric_hx0.2/L4	2026-09-23T11:02:04Z
58786086	1.5	electric_hx0.2	4	chain_up	0.65	p3d_hy1.5_e0.2_L4_up	/pscratch/sd/s/sanzharb/tc_nqs/phase3d/hy1.5/electric_hx0.2/L4	2026-09-23T11:02:04Z
58786087	1.5	electric_hx0.2	4	chain_dn	0.75	p3d_hy1.5_e0.2_L4_dn	/pscratch/sd/s/sanzharb/tc_nqs/phase3d/hy1.5/electric_hx0.2/L4	2026-09-23T11:02:04Z
58786087	1.5	electric_hx0.2	4	chain_dn	0.65	p3d_hy1.5_e0.2_L4_dn	/pscratch/sd/s/sanzharb/tc_nqs/phase3d/hy1.5/electric_hx0.2/L4	2026-09-23T11:02:04Z
58786087	1.5	electric_hx0.2	4	chain_dn	0.6	p3d_hy1.5_e0.2_L4_dn	/pscratch/sd/s/sanzharb/tc_nqs/phase3d/hy1.5/electric_hx0.2/L4	2026-09-23T11:02:04Z
58786087	1.5	electric_hx0.2	4	chain_dn	0.55	p3d_hy1.5_e0.2_L4_dn	/pscratch/sd/s/sanzharb/tc_nqs/phase3d/hy1.5/electric_hx0.2/L4	2026-09-23T11:02:04Z
58786087	1.5	electric_hx0.2	4	chain_dn	0.5	p3d_hy1.5_e0.2_L4_dn	/pscratch/sd/s/sanzharb/tc_nqs/phase3d/hy1.5/electric_hx0.2/L4	2026-09-23T11:02:04Z
58786087	1.5	electric_hx0.2	4	chain_dn	0.45	p3d_hy1.5_e0.2_L4_dn	/pscratch/sd/s/sanzharb/tc_nqs/phase3d/hy1.5/electric_hx0.2/L4	2026-09-23T11:02:04Z
58786087	1.5	electric_hx0.2	4	chain_dn	0.4	p3d_hy1.5_e0.2_L4_dn	/pscratch/sd/s/sanzharb/tc_nqs/phase3d/hy1.5/electric_hx0.2/L4	2026-09-23T11:02:04Z
58786087	1.5	electric_hx0.2	4	chain_dn	0.35	p3d_hy1.5_e0.2_L4_dn	/pscratch/sd/s/sanzharb/tc_nqs/phase3d/hy1.5/electric_hx0.2/L4	2026-09-23T11:02:04Z
58786087	1.5	electric_hx0.2	4	chain_dn	0.3	p3d_hy1.5_e0.2_L4_dn	/pscratch/sd/s/sanzharb/tc_nqs/phase3d/hy1.5/electric_hx0.2/L4	2026-09-23T11:02:04Z
58786087	1.5	electric_hx0.2	4	chain_dn	0.25	p3d_hy1.5_e0.2_L4_dn	/pscratch/sd/s/sanzharb/tc_nqs/phase3d/hy1.5/electric_hx0.2/L4	2026-09-23T11:02:04Z
58786087	1.5	electric_hx0.2	4	chain_dn	0.2	p3d_hy1.5_e0.2_L4_dn	/pscratch/sd/s/sanzharb/tc_nqs/phase3d/hy1.5/electric_hx0.2/L4	2026-09-23T11:02:04Z
58786087	1.5	electric_hx0.2	4	chain_dn	0.15	p3d_hy1.5_e0.2_L4_dn	/pscratch/sd/s/sanzharb/tc_nqs/phase3d/hy1.5/electric_hx0.2/L4	2026-09-23T11:02:04Z
58786088	1.4	electric_hx0.5	4	chain_up	0.05	p3d_hy1.4_e0.5_L4_up	/pscratch/sd/s/sanzharb/tc_nqs/phase3d/hy1.4/electric_hx0.5/L4	2026-09-23T11:02:05Z
58786088	1.4	electric_hx0.5	4	chain_up	0.15	p3d_hy1.4_e0.5_L4_up	/pscratch/sd/s/sanzharb/tc_nqs/phase3d/hy1.4/electric_hx0.5/L4	2026-09-23T11:02:05Z
58786088	1.4	electric_hx0.5	4	chain_up	0.25	p3d_hy1.4_e0.5_L4_up	/pscratch/sd/s/sanzharb/tc_nqs/phase3d/hy1.4/electric_hx0.5/L4	2026-09-23T11:02:05Z
58786088	1.4	electric_hx0.5	4	chain_up	0.3	p3d_hy1.4_e0.5_L4_up	/pscratch/sd/s/sanzharb/tc_nqs/phase3d/hy1.4/electric_hx0.5/L4	2026-09-23T11:02:05Z
58786088	1.4	electric_hx0.5	4	chain_up	0.35	p3d_hy1.4_e0.5_L4_up	/pscratch/sd/s/sanzharb/tc_nqs/phase3d/hy1.4/electric_hx0.5/L4	2026-09-23T11:02:05Z
58786088	1.4	electric_hx0.5	4	chain_up	0.4	p3d_hy1.4_e0.5_L4_up	/pscratch/sd/s/sanzharb/tc_nqs/phase3d/hy1.4/electric_hx0.5/L4	2026-09-23T11:02:05Z
58786088	1.4	electric_hx0.5	4	chain_up	0.45	p3d_hy1.4_e0.5_L4_up	/pscratch/sd/s/sanzharb/tc_nqs/phase3d/hy1.4/electric_hx0.5/L4	2026-09-23T11:02:05Z
58786088	1.4	electric_hx0.5	4	chain_up	0.5	p3d_hy1.4_e0.5_L4_up	/pscratch/sd/s/sanzharb/tc_nqs/phase3d/hy1.4/electric_hx0.5/L4	2026-09-23T11:02:05Z
58786088	1.4	electric_hx0.5	4	chain_up	0.55	p3d_hy1.4_e0.5_L4_up	/pscratch/sd/s/sanzharb/tc_nqs/phase3d/hy1.4/electric_hx0.5/L4	2026-09-23T11:02:05Z
58786088	1.4	electric_hx0.5	4	chain_up	0.6	p3d_hy1.4_e0.5_L4_up	/pscratch/sd/s/sanzharb/tc_nqs/phase3d/hy1.4/electric_hx0.5/L4	2026-09-23T11:02:05Z
58786088	1.4	electric_hx0.5	4	chain_up	0.65	p3d_hy1.4_e0.5_L4_up	/pscratch/sd/s/sanzharb/tc_nqs/phase3d/hy1.4/electric_hx0.5/L4	2026-09-23T11:02:05Z
58786088	1.4	electric_hx0.5	4	chain_up	0.7	p3d_hy1.4_e0.5_L4_up	/pscratch/sd/s/sanzharb/tc_nqs/phase3d/hy1.4/electric_hx0.5/L4	2026-09-23T11:02:05Z
58786088	1.4	electric_hx0.5	4	chain_up	0.75	p3d_hy1.4_e0.5_L4_up	/pscratch/sd/s/sanzharb/tc_nqs/phase3d/hy1.4/electric_hx0.5/L4	2026-09-23T11:02:05Z
58786090	1.4	electric_hx0.5	4	chain_dn	0.85	p3d_hy1.4_e0.5_L4_dn	/pscratch/sd/s/sanzharb/tc_nqs/phase3d/hy1.4/electric_hx0.5/L4	2026-09-23T11:02:05Z
58786090	1.4	electric_hx0.5	4	chain_dn	0.75	p3d_hy1.4_e0.5_L4_dn	/pscratch/sd/s/sanzharb/tc_nqs/phase3d/hy1.4/electric_hx0.5/L4	2026-09-23T11:02:05Z
58786090	1.4	electric_hx0.5	4	chain_dn	0.7	p3d_hy1.4_e0.5_L4_dn	/pscratch/sd/s/sanzharb/tc_nqs/phase3d/hy1.4/electric_hx0.5/L4	2026-09-23T11:02:05Z
58786090	1.4	electric_hx0.5	4	chain_dn	0.65	p3d_hy1.4_e0.5_L4_dn	/pscratch/sd/s/sanzharb/tc_nqs/phase3d/hy1.4/electric_hx0.5/L4	2026-09-23T11:02:05Z
58786090	1.4	electric_hx0.5	4	chain_dn	0.6	p3d_hy1.4_e0.5_L4_dn	/pscratch/sd/s/sanzharb/tc_nqs/phase3d/hy1.4/electric_hx0.5/L4	2026-09-23T11:02:05Z
58786090	1.4	electric_hx0.5	4	chain_dn	0.55	p3d_hy1.4_e0.5_L4_dn	/pscratch/sd/s/sanzharb/tc_nqs/phase3d/hy1.4/electric_hx0.5/L4	2026-09-23T11:02:05Z
58786090	1.4	electric_hx0.5	4	chain_dn	0.5	p3d_hy1.4_e0.5_L4_dn	/pscratch/sd/s/sanzharb/tc_nqs/phase3d/hy1.4/electric_hx0.5/L4	2026-09-23T11:02:05Z
58786090	1.4	electric_hx0.5	4	chain_dn	0.45	p3d_hy1.4_e0.5_L4_dn	/pscratch/sd/s/sanzharb/tc_nqs/phase3d/hy1.4/electric_hx0.5/L4	2026-09-23T11:02:05Z
58786090	1.4	electric_hx0.5	4	chain_dn	0.4	p3d_hy1.4_e0.5_L4_dn	/pscratch/sd/s/sanzharb/tc_nqs/phase3d/hy1.4/electric_hx0.5/L4	2026-09-23T11:02:05Z
58786090	1.4	electric_hx0.5	4	chain_dn	0.35	p3d_hy1.4_e0.5_L4_dn	/pscratch/sd/s/sanzharb/tc_nqs/phase3d/hy1.4/electric_hx0.5/L4	2026-09-23T11:02:05Z
58786090	1.4	electric_hx0.5	4	chain_dn	0.3	p3d_hy1.4_e0.5_L4_dn	/pscratch/sd/s/sanzharb/tc_nqs/phase3d/hy1.4/electric_hx0.5/L4	2026-09-23T11:02:05Z
58786090	1.4	electric_hx0.5	4	chain_dn	0.25	p3d_hy1.4_e0.5_L4_dn	/pscratch/sd/s/sanzharb/tc_nqs/phase3d/hy1.4/electric_hx0.5/L4	2026-09-23T11:02:05Z
58786091	1.5	electric_hx0.5	4	chain_up	0.05	p3d_hy1.5_e0.5_L4_up	/pscratch/sd/s/sanzharb/tc_nqs/phase3d/hy1.5/electric_hx0.5/L4	2026-09-23T11:02:05Z
58786091	1.5	electric_hx0.5	4	chain_up	0.15	p3d_hy1.5_e0.5_L4_up	/pscratch/sd/s/sanzharb/tc_nqs/phase3d/hy1.5/electric_hx0.5/L4	2026-09-23T11:02:05Z
58786091	1.5	electric_hx0.5	4	chain_up	0.25	p3d_hy1.5_e0.5_L4_up	/pscratch/sd/s/sanzharb/tc_nqs/phase3d/hy1.5/electric_hx0.5/L4	2026-09-23T11:02:05Z
58786091	1.5	electric_hx0.5	4	chain_up	0.3	p3d_hy1.5_e0.5_L4_up	/pscratch/sd/s/sanzharb/tc_nqs/phase3d/hy1.5/electric_hx0.5/L4	2026-09-23T11:02:05Z
58786091	1.5	electric_hx0.5	4	chain_up	0.35	p3d_hy1.5_e0.5_L4_up	/pscratch/sd/s/sanzharb/tc_nqs/phase3d/hy1.5/electric_hx0.5/L4	2026-09-23T11:02:05Z
58786091	1.5	electric_hx0.5	4	chain_up	0.4	p3d_hy1.5_e0.5_L4_up	/pscratch/sd/s/sanzharb/tc_nqs/phase3d/hy1.5/electric_hx0.5/L4	2026-09-23T11:02:05Z
58786091	1.5	electric_hx0.5	4	chain_up	0.45	p3d_hy1.5_e0.5_L4_up	/pscratch/sd/s/sanzharb/tc_nqs/phase3d/hy1.5/electric_hx0.5/L4	2026-09-23T11:02:05Z
58786091	1.5	electric_hx0.5	4	chain_up	0.5	p3d_hy1.5_e0.5_L4_up	/pscratch/sd/s/sanzharb/tc_nqs/phase3d/hy1.5/electric_hx0.5/L4	2026-09-23T11:02:05Z
58786091	1.5	electric_hx0.5	4	chain_up	0.55	p3d_hy1.5_e0.5_L4_up	/pscratch/sd/s/sanzharb/tc_nqs/phase3d/hy1.5/electric_hx0.5/L4	2026-09-23T11:02:05Z
58786091	1.5	electric_hx0.5	4	chain_up	0.6	p3d_hy1.5_e0.5_L4_up	/pscratch/sd/s/sanzharb/tc_nqs/phase3d/hy1.5/electric_hx0.5/L4	2026-09-23T11:02:05Z
58786091	1.5	electric_hx0.5	4	chain_up	0.65	p3d_hy1.5_e0.5_L4_up	/pscratch/sd/s/sanzharb/tc_nqs/phase3d/hy1.5/electric_hx0.5/L4	2026-09-23T11:02:05Z
58786091	1.5	electric_hx0.5	4	chain_up	0.7	p3d_hy1.5_e0.5_L4_up	/pscratch/sd/s/sanzharb/tc_nqs/phase3d/hy1.5/electric_hx0.5/L4	2026-09-23T11:02:05Z
58786091	1.5	electric_hx0.5	4	chain_up	0.75	p3d_hy1.5_e0.5_L4_up	/pscratch/sd/s/sanzharb/tc_nqs/phase3d/hy1.5/electric_hx0.5/L4	2026-09-23T11:02:05Z
58786091	1.5	electric_hx0.5	4	chain_up	0.8	p3d_hy1.5_e0.5_L4_up	/pscratch/sd/s/sanzharb/tc_nqs/phase3d/hy1.5/electric_hx0.5/L4	2026-09-23T11:02:05Z
58786092	1.5	electric_hx0.5	4	chain_dn	0.9	p3d_hy1.5_e0.5_L4_dn	/pscratch/sd/s/sanzharb/tc_nqs/phase3d/hy1.5/electric_hx0.5/L4	2026-09-23T11:02:05Z
58786092	1.5	electric_hx0.5	4	chain_dn	0.8	p3d_hy1.5_e0.5_L4_dn	/pscratch/sd/s/sanzharb/tc_nqs/phase3d/hy1.5/electric_hx0.5/L4	2026-09-23T11:02:05Z
58786092	1.5	electric_hx0.5	4	chain_dn	0.75	p3d_hy1.5_e0.5_L4_dn	/pscratch/sd/s/sanzharb/tc_nqs/phase3d/hy1.5/electric_hx0.5/L4	2026-09-23T11:02:05Z
58786092	1.5	electric_hx0.5	4	chain_dn	0.7	p3d_hy1.5_e0.5_L4_dn	/pscratch/sd/s/sanzharb/tc_nqs/phase3d/hy1.5/electric_hx0.5/L4	2026-09-23T11:02:05Z
58786092	1.5	electric_hx0.5	4	chain_dn	0.65	p3d_hy1.5_e0.5_L4_dn	/pscratch/sd/s/sanzharb/tc_nqs/phase3d/hy1.5/electric_hx0.5/L4	2026-09-23T11:02:05Z
58786092	1.5	electric_hx0.5	4	chain_dn	0.6	p3d_hy1.5_e0.5_L4_dn	/pscratch/sd/s/sanzharb/tc_nqs/phase3d/hy1.5/electric_hx0.5/L4	2026-09-23T11:02:05Z
58786092	1.5	electric_hx0.5	4	chain_dn	0.55	p3d_hy1.5_e0.5_L4_dn	/pscratch/sd/s/sanzharb/tc_nqs/phase3d/hy1.5/electric_hx0.5/L4	2026-09-23T11:02:05Z
58786092	1.5	electric_hx0.5	4	chain_dn	0.5	p3d_hy1.5_e0.5_L4_dn	/pscratch/sd/s/sanzharb/tc_nqs/phase3d/hy1.5/electric_hx0.5/L4	2026-09-23T11:02:05Z
58786092	1.5	electric_hx0.5	4	chain_dn	0.45	p3d_hy1.5_e0.5_L4_dn	/pscratch/sd/s/sanzharb/tc_nqs/phase3d/hy1.5/electric_hx0.5/L4	2026-09-23T11:02:05Z
58786092	1.5	electric_hx0.5	4	chain_dn	0.4	p3d_hy1.5_e0.5_L4_dn	/pscratch/sd/s/sanzharb/tc_nqs/phase3d/hy1.5/electric_hx0.5/L4	2026-09-23T11:02:05Z
58786092	1.5	electric_hx0.5	4	chain_dn	0.35	p3d_hy1.5_e0.5_L4_dn	/pscratch/sd/s/sanzharb/tc_nqs/phase3d/hy1.5/electric_hx0.5/L4	2026-09-23T11:02:05Z
58786092	1.5	electric_hx0.5	4	chain_dn	0.3	p3d_hy1.5_e0.5_L4_dn	/pscratch/sd/s/sanzharb/tc_nqs/phase3d/hy1.5/electric_hx0.5/L4	2026-09-23T11:02:05Z
58788131	y	ycut_hx0_hz0.15	4	anchor_trial	1.5	p3d_y_hx0_hz0.15_L4_dn_s101	/pscratch/sd/s/sanzharb/tc_nqs/phase3d/ycuts/ycut_hx0_hz0.15/L4/anchor_trials/s101	2026-09-23T13:52:28Z
58788132	y	ycut_hx0_hz0.15	4	anchor_trial	1.5	p3d_y_hx0_hz0.15_L4_dn_s102	/pscratch/sd/s/sanzharb/tc_nqs/phase3d/ycuts/ycut_hx0_hz0.15/L4/anchor_trials/s102	2026-09-23T13:52:29Z
58788133	y	ycut_hx0_hz0.15	4	anchor_trial	1.5	p3d_y_hx0_hz0.15_L4_dn_s103	/pscratch/sd/s/sanzharb/tc_nqs/phase3d/ycuts/ycut_hx0_hz0.15/L4/anchor_trials/s103	2026-09-23T13:52:32Z
58788137	1.4	electric_hx0.0	4	anchor_trial	0.05	p3d_hy1.4_e0_L4_up_s101	/pscratch/sd/s/sanzharb/tc_nqs/phase3d/hy1.4/electric_hx0.0/L4/anchor_trials/s101	2026-09-23T13:52:34Z
58788140	1.4	electric_hx0.0	4	anchor_trial	0.05	p3d_hy1.4_e0_L4_up_s102	/pscratch/sd/s/sanzharb/tc_nqs/phase3d/hy1.4/electric_hx0.0/L4/anchor_trials/s102	2026-09-23T13:52:35Z
58788141	1.4	electric_hx0.0	4	anchor_trial	0.05	p3d_hy1.4_e0_L4_up_s103	/pscratch/sd/s/sanzharb/tc_nqs/phase3d/hy1.4/electric_hx0.0/L4/anchor_trials/s103	2026-09-23T13:52:37Z
58796090	y	ycut_hx0_hz0.15	4	anchor_trial	1.5	p3d_y_hx0_hz0.15_L4_dn_c103	/pscratch/sd/s/sanzharb/tc_nqs/phase3d/ycuts/ycut_hx0_hz0.15/L4/anchor_trials/c103	2026-09-23T19:30:25Z
58796093	y	ycut_hx0_hz0.15	4	anchor_trial	1.5	p3d_y_hx0_hz0.15_L4_dn_L201	/pscratch/sd/s/sanzharb/tc_nqs/phase3d/ycuts/ycut_hx0_hz0.15/L4/anchor_trials/L201	2026-09-23T19:30:26Z
58796094	y	ycut_hx0_hz0.15	4	anchor_trial	1.5	p3d_y_hx0_hz0.15_L4_dn_L202	/pscratch/sd/s/sanzharb/tc_nqs/phase3d/ycuts/ycut_hx0_hz0.15/L4/anchor_trials/L202	2026-09-23T19:30:26Z
58796095	y	ycut_hx0_hz0.15	4	anchor_trial	3.0	p3d_y_hx0_hz0.15_L4_dn_a301	/pscratch/sd/s/sanzharb/tc_nqs/phase3d/ycuts/ycut_hx0_hz0.15/L4/anchor_trials/a301	2026-09-23T19:30:28Z
58796095	y	ycut_hx0_hz0.15	4	anchor_trial	2.5	p3d_y_hx0_hz0.15_L4_dn_a301	/pscratch/sd/s/sanzharb/tc_nqs/phase3d/ycuts/ycut_hx0_hz0.15/L4/anchor_trials/a301	2026-09-23T19:30:28Z
58796095	y	ycut_hx0_hz0.15	4	anchor_trial	2.0	p3d_y_hx0_hz0.15_L4_dn_a301	/pscratch/sd/s/sanzharb/tc_nqs/phase3d/ycuts/ycut_hx0_hz0.15/L4/anchor_trials/a301	2026-09-23T19:30:28Z
58796095	y	ycut_hx0_hz0.15	4	anchor_trial	1.75	p3d_y_hx0_hz0.15_L4_dn_a301	/pscratch/sd/s/sanzharb/tc_nqs/phase3d/ycuts/ycut_hx0_hz0.15/L4/anchor_trials/a301	2026-09-23T19:30:28Z
58796095	y	ycut_hx0_hz0.15	4	anchor_trial	1.5	p3d_y_hx0_hz0.15_L4_dn_a301	/pscratch/sd/s/sanzharb/tc_nqs/phase3d/ycuts/ycut_hx0_hz0.15/L4/anchor_trials/a301	2026-09-23T19:30:28Z
58796096	y	ycut_hx0_hz0.15	4	chain_up_extend	1.4	p3d_y_hx0_hz0.15_L4_up	/pscratch/sd/s/sanzharb/tc_nqs/phase3d/ycuts/ycut_hx0_hz0.15/L4	2026-09-23T19:30:31Z
58796096	y	ycut_hx0_hz0.15	4	chain_up_extend	1.5	p3d_y_hx0_hz0.15_L4_up	/pscratch/sd/s/sanzharb/tc_nqs/phase3d/ycuts/ycut_hx0_hz0.15/L4	2026-09-23T19:30:31Z
58796100	1.4	electric_hx0.0	4	anchor_trial	0.05	p3d_hy1.4_e0_L4_up_L201	/pscratch/sd/s/sanzharb/tc_nqs/phase3d/hy1.4/electric_hx0.0/L4/anchor_trials/L201	2026-09-23T19:30:34Z
58796101	1.4	electric_hx0.0	4	anchor_trial	0.05	p3d_hy1.4_e0_L4_up_L202	/pscratch/sd/s/sanzharb/tc_nqs/phase3d/hy1.4/electric_hx0.0/L4/anchor_trials/L202	2026-09-23T19:30:36Z
58796103	1.4	electric_hx0.0	4	chain_dn_extend	0.05	p3d_hy1.4_e0_L4_dn	/pscratch/sd/s/sanzharb/tc_nqs/phase3d/hy1.4/electric_hx0.0/L4	2026-09-23T19:30:36Z
58806874	1.4	electric_hx0.0	4	chain_up	0.05	p3d_hy1.4_e0_L4_up	/pscratch/sd/s/sanzharb/tc_nqs/phase3d/hy1.4/electric_hx0.0/L4	2026-09-24T00:17:16Z
58806874	1.4	electric_hx0.0	4	chain_up	0.1	p3d_hy1.4_e0_L4_up	/pscratch/sd/s/sanzharb/tc_nqs/phase3d/hy1.4/electric_hx0.0/L4	2026-09-24T00:17:16Z
58806874	1.4	electric_hx0.0	4	chain_up	0.15	p3d_hy1.4_e0_L4_up	/pscratch/sd/s/sanzharb/tc_nqs/phase3d/hy1.4/electric_hx0.0/L4	2026-09-24T00:17:16Z
58806874	1.4	electric_hx0.0	4	chain_up	0.2	p3d_hy1.4_e0_L4_up	/pscratch/sd/s/sanzharb/tc_nqs/phase3d/hy1.4/electric_hx0.0/L4	2026-09-24T00:17:16Z
58806874	1.4	electric_hx0.0	4	chain_up	0.25	p3d_hy1.4_e0_L4_up	/pscratch/sd/s/sanzharb/tc_nqs/phase3d/hy1.4/electric_hx0.0/L4	2026-09-24T00:17:16Z
58806874	1.4	electric_hx0.0	4	chain_up	0.3	p3d_hy1.4_e0_L4_up	/pscratch/sd/s/sanzharb/tc_nqs/phase3d/hy1.4/electric_hx0.0/L4	2026-09-24T00:17:16Z
58806874	1.4	electric_hx0.0	4	chain_up	0.35	p3d_hy1.4_e0_L4_up	/pscratch/sd/s/sanzharb/tc_nqs/phase3d/hy1.4/electric_hx0.0/L4	2026-09-24T00:17:16Z
58806874	1.4	electric_hx0.0	4	chain_up	0.4	p3d_hy1.4_e0_L4_up	/pscratch/sd/s/sanzharb/tc_nqs/phase3d/hy1.4/electric_hx0.0/L4	2026-09-24T00:17:16Z
58806874	1.4	electric_hx0.0	4	chain_up	0.45	p3d_hy1.4_e0_L4_up	/pscratch/sd/s/sanzharb/tc_nqs/phase3d/hy1.4/electric_hx0.0/L4	2026-09-24T00:17:16Z
58806874	1.4	electric_hx0.0	4	chain_up	0.5	p3d_hy1.4_e0_L4_up	/pscratch/sd/s/sanzharb/tc_nqs/phase3d/hy1.4/electric_hx0.0/L4	2026-09-24T00:17:16Z
58806874	1.4	electric_hx0.0	4	chain_up	0.55	p3d_hy1.4_e0_L4_up	/pscratch/sd/s/sanzharb/tc_nqs/phase3d/hy1.4/electric_hx0.0/L4	2026-09-24T00:17:16Z
58806874	1.4	electric_hx0.0	4	chain_up	0.6	p3d_hy1.4_e0_L4_up	/pscratch/sd/s/sanzharb/tc_nqs/phase3d/hy1.4/electric_hx0.0/L4	2026-09-24T00:17:16Z
58806874	1.4	electric_hx0.0	4	chain_up	0.65	p3d_hy1.4_e0_L4_up	/pscratch/sd/s/sanzharb/tc_nqs/phase3d/hy1.4/electric_hx0.0/L4	2026-09-24T00:17:16Z
58806874	1.4	electric_hx0.0	4	chain_up	0.7	p3d_hy1.4_e0_L4_up	/pscratch/sd/s/sanzharb/tc_nqs/phase3d/hy1.4/electric_hx0.0/L4	2026-09-24T00:17:16Z
58809926	y	ycut_hx0_hz0.15	4	anchor_trial	1.5	p3d_y_hx0_hz0.15_L4_dn_c103	/pscratch/sd/s/sanzharb/tc_nqs/phase3d/ycuts/ycut_hx0_hz0.15/L4/anchor_trials/c103	2026-09-24T02:17:53Z
58815512	1.4	electric_hx0.0	4	calibration	0.05	p3d_hy1.4_e0_L4_up_rt	/pscratch/sd/s/sanzharb/tc_nqs/phase3d/hy1.4/electric_hx0.0/L4/anchor_trials/rt_up	2026-09-24T06:47:01Z
58815512	1.4	electric_hx0.0	4	calibration	0.1	p3d_hy1.4_e0_L4_up_rt	/pscratch/sd/s/sanzharb/tc_nqs/phase3d/hy1.4/electric_hx0.0/L4/anchor_trials/rt_up	2026-09-24T06:47:01Z
58815512	1.4	electric_hx0.0	4	calibration	0.15	p3d_hy1.4_e0_L4_up_rt	/pscratch/sd/s/sanzharb/tc_nqs/phase3d/hy1.4/electric_hx0.0/L4/anchor_trials/rt_up	2026-09-24T06:47:01Z
58815512	1.4	electric_hx0.0	4	calibration	0.2	p3d_hy1.4_e0_L4_up_rt	/pscratch/sd/s/sanzharb/tc_nqs/phase3d/hy1.4/electric_hx0.0/L4/anchor_trials/rt_up	2026-09-24T06:47:01Z
58815512	1.4	electric_hx0.0	4	calibration	0.25	p3d_hy1.4_e0_L4_up_rt	/pscratch/sd/s/sanzharb/tc_nqs/phase3d/hy1.4/electric_hx0.0/L4/anchor_trials/rt_up	2026-09-24T06:47:01Z
58815512	1.4	electric_hx0.0	4	calibration	0.3	p3d_hy1.4_e0_L4_up_rt	/pscratch/sd/s/sanzharb/tc_nqs/phase3d/hy1.4/electric_hx0.0/L4/anchor_trials/rt_up	2026-09-24T06:47:01Z
58815512	1.4	electric_hx0.0	4	calibration	0.35	p3d_hy1.4_e0_L4_up_rt	/pscratch/sd/s/sanzharb/tc_nqs/phase3d/hy1.4/electric_hx0.0/L4/anchor_trials/rt_up	2026-09-24T06:47:01Z
58815512	1.4	electric_hx0.0	4	calibration	0.4	p3d_hy1.4_e0_L4_up_rt	/pscratch/sd/s/sanzharb/tc_nqs/phase3d/hy1.4/electric_hx0.0/L4/anchor_trials/rt_up	2026-09-24T06:47:01Z
58815512	1.4	electric_hx0.0	4	calibration	0.45	p3d_hy1.4_e0_L4_up_rt	/pscratch/sd/s/sanzharb/tc_nqs/phase3d/hy1.4/electric_hx0.0/L4/anchor_trials/rt_up	2026-09-24T06:47:01Z
58815512	1.4	electric_hx0.0	4	calibration	0.5	p3d_hy1.4_e0_L4_up_rt	/pscratch/sd/s/sanzharb/tc_nqs/phase3d/hy1.4/electric_hx0.0/L4/anchor_trials/rt_up	2026-09-24T06:47:01Z
58815512	1.4	electric_hx0.0	4	calibration	0.55	p3d_hy1.4_e0_L4_up_rt	/pscratch/sd/s/sanzharb/tc_nqs/phase3d/hy1.4/electric_hx0.0/L4/anchor_trials/rt_up	2026-09-24T06:47:01Z
58815512	1.4	electric_hx0.0	4	calibration	0.6	p3d_hy1.4_e0_L4_up_rt	/pscratch/sd/s/sanzharb/tc_nqs/phase3d/hy1.4/electric_hx0.0/L4/anchor_trials/rt_up	2026-09-24T06:47:01Z
58815512	1.4	electric_hx0.0	4	calibration	0.65	p3d_hy1.4_e0_L4_up_rt	/pscratch/sd/s/sanzharb/tc_nqs/phase3d/hy1.4/electric_hx0.0/L4/anchor_trials/rt_up	2026-09-24T06:47:01Z
58815512	1.4	electric_hx0.0	4	calibration	0.7	p3d_hy1.4_e0_L4_up_rt	/pscratch/sd/s/sanzharb/tc_nqs/phase3d/hy1.4/electric_hx0.0/L4/anchor_trials/rt_up	2026-09-24T06:47:01Z
58815736	1.05	magnetic_hz0.0	4	chain_up	0.6	p3d_hy1.05_m0_L4_up	/pscratch/sd/s/sanzharb/tc_nqs/phase3d/hy1.05/magnetic_hz0.0/L4	2026-09-24T07:01:31Z
58815736	1.05	magnetic_hz0.0	4	chain_up	0.65	p3d_hy1.05_m0_L4_up	/pscratch/sd/s/sanzharb/tc_nqs/phase3d/hy1.05/magnetic_hz0.0/L4	2026-09-24T07:01:31Z
58815736	1.05	magnetic_hz0.0	4	chain_up	0.7	p3d_hy1.05_m0_L4_up	/pscratch/sd/s/sanzharb/tc_nqs/phase3d/hy1.05/magnetic_hz0.0/L4	2026-09-24T07:01:31Z
58815736	1.05	magnetic_hz0.0	4	chain_up	0.75	p3d_hy1.05_m0_L4_up	/pscratch/sd/s/sanzharb/tc_nqs/phase3d/hy1.05/magnetic_hz0.0/L4	2026-09-24T07:01:31Z
58815736	1.05	magnetic_hz0.0	4	chain_up	0.8	p3d_hy1.05_m0_L4_up	/pscratch/sd/s/sanzharb/tc_nqs/phase3d/hy1.05/magnetic_hz0.0/L4	2026-09-24T07:01:31Z
58815736	1.05	magnetic_hz0.0	4	chain_up	0.85	p3d_hy1.05_m0_L4_up	/pscratch/sd/s/sanzharb/tc_nqs/phase3d/hy1.05/magnetic_hz0.0/L4	2026-09-24T07:01:31Z
58815736	1.05	magnetic_hz0.0	4	chain_up	0.9	p3d_hy1.05_m0_L4_up	/pscratch/sd/s/sanzharb/tc_nqs/phase3d/hy1.05/magnetic_hz0.0/L4	2026-09-24T07:01:31Z
58815736	1.05	magnetic_hz0.0	4	chain_up	0.95	p3d_hy1.05_m0_L4_up	/pscratch/sd/s/sanzharb/tc_nqs/phase3d/hy1.05/magnetic_hz0.0/L4	2026-09-24T07:01:31Z
58815737	1.05	magnetic_hz0.0	4	chain_dn	1.4	p3d_hy1.05_m0_L4_dn	/pscratch/sd/s/sanzharb/tc_nqs/phase3d/hy1.05/magnetic_hz0.0/L4	2026-09-24T07:01:31Z
58815737	1.05	magnetic_hz0.0	4	chain_dn	1.3	p3d_hy1.05_m0_L4_dn	/pscratch/sd/s/sanzharb/tc_nqs/phase3d/hy1.05/magnetic_hz0.0/L4	2026-09-24T07:01:31Z
58815737	1.05	magnetic_hz0.0	4	chain_dn	1.2	p3d_hy1.05_m0_L4_dn	/pscratch/sd/s/sanzharb/tc_nqs/phase3d/hy1.05/magnetic_hz0.0/L4	2026-09-24T07:01:31Z
58815737	1.05	magnetic_hz0.0	4	chain_dn	1.1	p3d_hy1.05_m0_L4_dn	/pscratch/sd/s/sanzharb/tc_nqs/phase3d/hy1.05/magnetic_hz0.0/L4	2026-09-24T07:01:31Z
58815737	1.05	magnetic_hz0.0	4	chain_dn	1.0	p3d_hy1.05_m0_L4_dn	/pscratch/sd/s/sanzharb/tc_nqs/phase3d/hy1.05/magnetic_hz0.0/L4	2026-09-24T07:01:31Z
58815737	1.05	magnetic_hz0.0	4	chain_dn	0.95	p3d_hy1.05_m0_L4_dn	/pscratch/sd/s/sanzharb/tc_nqs/phase3d/hy1.05/magnetic_hz0.0/L4	2026-09-24T07:01:31Z
58815737	1.05	magnetic_hz0.0	4	chain_dn	0.9	p3d_hy1.05_m0_L4_dn	/pscratch/sd/s/sanzharb/tc_nqs/phase3d/hy1.05/magnetic_hz0.0/L4	2026-09-24T07:01:31Z
58815737	1.05	magnetic_hz0.0	4	chain_dn	0.85	p3d_hy1.05_m0_L4_dn	/pscratch/sd/s/sanzharb/tc_nqs/phase3d/hy1.05/magnetic_hz0.0/L4	2026-09-24T07:01:32Z
58815737	1.05	magnetic_hz0.0	4	chain_dn	0.8	p3d_hy1.05_m0_L4_dn	/pscratch/sd/s/sanzharb/tc_nqs/phase3d/hy1.05/magnetic_hz0.0/L4	2026-09-24T07:01:32Z
58815737	1.05	magnetic_hz0.0	4	chain_dn	0.75	p3d_hy1.05_m0_L4_dn	/pscratch/sd/s/sanzharb/tc_nqs/phase3d/hy1.05/magnetic_hz0.0/L4	2026-09-24T07:01:32Z
58815737	1.05	magnetic_hz0.0	4	chain_dn	0.7	p3d_hy1.05_m0_L4_dn	/pscratch/sd/s/sanzharb/tc_nqs/phase3d/hy1.05/magnetic_hz0.0/L4	2026-09-24T07:01:32Z
58815737	1.05	magnetic_hz0.0	4	chain_dn	0.65	p3d_hy1.05_m0_L4_dn	/pscratch/sd/s/sanzharb/tc_nqs/phase3d/hy1.05/magnetic_hz0.0/L4	2026-09-24T07:01:32Z
58815738	1.1	magnetic_hz0.0	4	chain_up	0.55	p3d_hy1.1_m0_L4_up	/pscratch/sd/s/sanzharb/tc_nqs/phase3d/hy1.1/magnetic_hz0.0/L4	2026-09-24T07:01:34Z
58815738	1.1	magnetic_hz0.0	4	chain_up	0.6	p3d_hy1.1_m0_L4_up	/pscratch/sd/s/sanzharb/tc_nqs/phase3d/hy1.1/magnetic_hz0.0/L4	2026-09-24T07:01:34Z
58815738	1.1	magnetic_hz0.0	4	chain_up	0.65	p3d_hy1.1_m0_L4_up	/pscratch/sd/s/sanzharb/tc_nqs/phase3d/hy1.1/magnetic_hz0.0/L4	2026-09-24T07:01:34Z
58815738	1.1	magnetic_hz0.0	4	chain_up	0.7	p3d_hy1.1_m0_L4_up	/pscratch/sd/s/sanzharb/tc_nqs/phase3d/hy1.1/magnetic_hz0.0/L4	2026-09-24T07:01:34Z
58815738	1.1	magnetic_hz0.0	4	chain_up	0.75	p3d_hy1.1_m0_L4_up	/pscratch/sd/s/sanzharb/tc_nqs/phase3d/hy1.1/magnetic_hz0.0/L4	2026-09-24T07:01:34Z
58815738	1.1	magnetic_hz0.0	4	chain_up	0.8	p3d_hy1.1_m0_L4_up	/pscratch/sd/s/sanzharb/tc_nqs/phase3d/hy1.1/magnetic_hz0.0/L4	2026-09-24T07:01:34Z
58815738	1.1	magnetic_hz0.0	4	chain_up	0.85	p3d_hy1.1_m0_L4_up	/pscratch/sd/s/sanzharb/tc_nqs/phase3d/hy1.1/magnetic_hz0.0/L4	2026-09-24T07:01:34Z
58815738	1.1	magnetic_hz0.0	4	chain_up	0.9	p3d_hy1.1_m0_L4_up	/pscratch/sd/s/sanzharb/tc_nqs/phase3d/hy1.1/magnetic_hz0.0/L4	2026-09-24T07:01:34Z
58815738	1.1	magnetic_hz0.0	4	chain_up	0.95	p3d_hy1.1_m0_L4_up	/pscratch/sd/s/sanzharb/tc_nqs/phase3d/hy1.1/magnetic_hz0.0/L4	2026-09-24T07:01:34Z
58815739	1.1	magnetic_hz0.0	4	chain_dn	1.4	p3d_hy1.1_m0_L4_dn	/pscratch/sd/s/sanzharb/tc_nqs/phase3d/hy1.1/magnetic_hz0.0/L4	2026-09-24T07:01:36Z
58815739	1.1	magnetic_hz0.0	4	chain_dn	1.3	p3d_hy1.1_m0_L4_dn	/pscratch/sd/s/sanzharb/tc_nqs/phase3d/hy1.1/magnetic_hz0.0/L4	2026-09-24T07:01:36Z
58815739	1.1	magnetic_hz0.0	4	chain_dn	1.2	p3d_hy1.1_m0_L4_dn	/pscratch/sd/s/sanzharb/tc_nqs/phase3d/hy1.1/magnetic_hz0.0/L4	2026-09-24T07:01:36Z
58815739	1.1	magnetic_hz0.0	4	chain_dn	1.1	p3d_hy1.1_m0_L4_dn	/pscratch/sd/s/sanzharb/tc_nqs/phase3d/hy1.1/magnetic_hz0.0/L4	2026-09-24T07:01:36Z
58815739	1.1	magnetic_hz0.0	4	chain_dn	1.0	p3d_hy1.1_m0_L4_dn	/pscratch/sd/s/sanzharb/tc_nqs/phase3d/hy1.1/magnetic_hz0.0/L4	2026-09-24T07:01:36Z
58815739	1.1	magnetic_hz0.0	4	chain_dn	0.95	p3d_hy1.1_m0_L4_dn	/pscratch/sd/s/sanzharb/tc_nqs/phase3d/hy1.1/magnetic_hz0.0/L4	2026-09-24T07:01:36Z
58815739	1.1	magnetic_hz0.0	4	chain_dn	0.9	p3d_hy1.1_m0_L4_dn	/pscratch/sd/s/sanzharb/tc_nqs/phase3d/hy1.1/magnetic_hz0.0/L4	2026-09-24T07:01:36Z
58815739	1.1	magnetic_hz0.0	4	chain_dn	0.85	p3d_hy1.1_m0_L4_dn	/pscratch/sd/s/sanzharb/tc_nqs/phase3d/hy1.1/magnetic_hz0.0/L4	2026-09-24T07:01:36Z
58815739	1.1	magnetic_hz0.0	4	chain_dn	0.8	p3d_hy1.1_m0_L4_dn	/pscratch/sd/s/sanzharb/tc_nqs/phase3d/hy1.1/magnetic_hz0.0/L4	2026-09-24T07:01:36Z
58815739	1.1	magnetic_hz0.0	4	chain_dn	0.75	p3d_hy1.1_m0_L4_dn	/pscratch/sd/s/sanzharb/tc_nqs/phase3d/hy1.1/magnetic_hz0.0/L4	2026-09-24T07:01:36Z
58815739	1.1	magnetic_hz0.0	4	chain_dn	0.7	p3d_hy1.1_m0_L4_dn	/pscratch/sd/s/sanzharb/tc_nqs/phase3d/hy1.1/magnetic_hz0.0/L4	2026-09-24T07:01:36Z
58815739	1.1	magnetic_hz0.0	4	chain_dn	0.65	p3d_hy1.1_m0_L4_dn	/pscratch/sd/s/sanzharb/tc_nqs/phase3d/hy1.1/magnetic_hz0.0/L4	2026-09-24T07:01:36Z
58815739	1.1	magnetic_hz0.0	4	chain_dn	0.6	p3d_hy1.1_m0_L4_dn	/pscratch/sd/s/sanzharb/tc_nqs/phase3d/hy1.1/magnetic_hz0.0/L4	2026-09-24T07:01:36Z
58815740	1.15	magnetic_hz0.0	4	chain_up	0.5	p3d_hy1.15_m0_L4_up	/pscratch/sd/s/sanzharb/tc_nqs/phase3d/hy1.15/magnetic_hz0.0/L4	2026-09-24T07:01:37Z
58815740	1.15	magnetic_hz0.0	4	chain_up	0.6	p3d_hy1.15_m0_L4_up	/pscratch/sd/s/sanzharb/tc_nqs/phase3d/hy1.15/magnetic_hz0.0/L4	2026-09-24T07:01:37Z
58815740	1.15	magnetic_hz0.0	4	chain_up	0.65	p3d_hy1.15_m0_L4_up	/pscratch/sd/s/sanzharb/tc_nqs/phase3d/hy1.15/magnetic_hz0.0/L4	2026-09-24T07:01:37Z
58815740	1.15	magnetic_hz0.0	4	chain_up	0.7	p3d_hy1.15_m0_L4_up	/pscratch/sd/s/sanzharb/tc_nqs/phase3d/hy1.15/magnetic_hz0.0/L4	2026-09-24T07:01:37Z
58815740	1.15	magnetic_hz0.0	4	chain_up	0.75	p3d_hy1.15_m0_L4_up	/pscratch/sd/s/sanzharb/tc_nqs/phase3d/hy1.15/magnetic_hz0.0/L4	2026-09-24T07:01:37Z
58815740	1.15	magnetic_hz0.0	4	chain_up	0.8	p3d_hy1.15_m0_L4_up	/pscratch/sd/s/sanzharb/tc_nqs/phase3d/hy1.15/magnetic_hz0.0/L4	2026-09-24T07:01:37Z
58815740	1.15	magnetic_hz0.0	4	chain_up	0.85	p3d_hy1.15_m0_L4_up	/pscratch/sd/s/sanzharb/tc_nqs/phase3d/hy1.15/magnetic_hz0.0/L4	2026-09-24T07:01:37Z
58815740	1.15	magnetic_hz0.0	4	chain_up	0.9	p3d_hy1.15_m0_L4_up	/pscratch/sd/s/sanzharb/tc_nqs/phase3d/hy1.15/magnetic_hz0.0/L4	2026-09-24T07:01:37Z
58815740	1.15	magnetic_hz0.0	4	chain_up	0.95	p3d_hy1.15_m0_L4_up	/pscratch/sd/s/sanzharb/tc_nqs/phase3d/hy1.15/magnetic_hz0.0/L4	2026-09-24T07:01:37Z
58815740	1.15	magnetic_hz0.0	4	chain_up	1.0	p3d_hy1.15_m0_L4_up	/pscratch/sd/s/sanzharb/tc_nqs/phase3d/hy1.15/magnetic_hz0.0/L4	2026-09-24T07:01:37Z
58815741	1.15	magnetic_hz0.0	4	chain_dn	1.4	p3d_hy1.15_m0_L4_dn	/pscratch/sd/s/sanzharb/tc_nqs/phase3d/hy1.15/magnetic_hz0.0/L4	2026-09-24T07:01:39Z
58815741	1.15	magnetic_hz0.0	4	chain_dn	1.3	p3d_hy1.15_m0_L4_dn	/pscratch/sd/s/sanzharb/tc_nqs/phase3d/hy1.15/magnetic_hz0.0/L4	2026-09-24T07:01:39Z
58815741	1.15	magnetic_hz0.0	4	chain_dn	1.2	p3d_hy1.15_m0_L4_dn	/pscratch/sd/s/sanzharb/tc_nqs/phase3d/hy1.15/magnetic_hz0.0/L4	2026-09-24T07:01:39Z
58815741	1.15	magnetic_hz0.0	4	chain_dn	1.1	p3d_hy1.15_m0_L4_dn	/pscratch/sd/s/sanzharb/tc_nqs/phase3d/hy1.15/magnetic_hz0.0/L4	2026-09-24T07:01:39Z
58815741	1.15	magnetic_hz0.0	4	chain_dn	1.0	p3d_hy1.15_m0_L4_dn	/pscratch/sd/s/sanzharb/tc_nqs/phase3d/hy1.15/magnetic_hz0.0/L4	2026-09-24T07:01:39Z
58815741	1.15	magnetic_hz0.0	4	chain_dn	0.95	p3d_hy1.15_m0_L4_dn	/pscratch/sd/s/sanzharb/tc_nqs/phase3d/hy1.15/magnetic_hz0.0/L4	2026-09-24T07:01:39Z
58815741	1.15	magnetic_hz0.0	4	chain_dn	0.9	p3d_hy1.15_m0_L4_dn	/pscratch/sd/s/sanzharb/tc_nqs/phase3d/hy1.15/magnetic_hz0.0/L4	2026-09-24T07:01:39Z
58815741	1.15	magnetic_hz0.0	4	chain_dn	0.85	p3d_hy1.15_m0_L4_dn	/pscratch/sd/s/sanzharb/tc_nqs/phase3d/hy1.15/magnetic_hz0.0/L4	2026-09-24T07:01:39Z
58815741	1.15	magnetic_hz0.0	4	chain_dn	0.8	p3d_hy1.15_m0_L4_dn	/pscratch/sd/s/sanzharb/tc_nqs/phase3d/hy1.15/magnetic_hz0.0/L4	2026-09-24T07:01:39Z
58815741	1.15	magnetic_hz0.0	4	chain_dn	0.75	p3d_hy1.15_m0_L4_dn	/pscratch/sd/s/sanzharb/tc_nqs/phase3d/hy1.15/magnetic_hz0.0/L4	2026-09-24T07:01:39Z
58815741	1.15	magnetic_hz0.0	4	chain_dn	0.7	p3d_hy1.15_m0_L4_dn	/pscratch/sd/s/sanzharb/tc_nqs/phase3d/hy1.15/magnetic_hz0.0/L4	2026-09-24T07:01:39Z
58815741	1.15	magnetic_hz0.0	4	chain_dn	0.65	p3d_hy1.15_m0_L4_dn	/pscratch/sd/s/sanzharb/tc_nqs/phase3d/hy1.15/magnetic_hz0.0/L4	2026-09-24T07:01:39Z
58815741	1.15	magnetic_hz0.0	4	chain_dn	0.6	p3d_hy1.15_m0_L4_dn	/pscratch/sd/s/sanzharb/tc_nqs/phase3d/hy1.15/magnetic_hz0.0/L4	2026-09-24T07:01:39Z
58815742	1.2	magnetic_hz0.0	4	chain_up	0.45	p3d_hy1.2_m0_L4_up	/pscratch/sd/s/sanzharb/tc_nqs/phase3d/hy1.2/magnetic_hz0.0/L4	2026-09-24T07:01:42Z
58815742	1.2	magnetic_hz0.0	4	chain_up	0.55	p3d_hy1.2_m0_L4_up	/pscratch/sd/s/sanzharb/tc_nqs/phase3d/hy1.2/magnetic_hz0.0/L4	2026-09-24T07:01:42Z
58815742	1.2	magnetic_hz0.0	4	chain_up	0.65	p3d_hy1.2_m0_L4_up	/pscratch/sd/s/sanzharb/tc_nqs/phase3d/hy1.2/magnetic_hz0.0/L4	2026-09-24T07:01:42Z
58815742	1.2	magnetic_hz0.0	4	chain_up	0.7	p3d_hy1.2_m0_L4_up	/pscratch/sd/s/sanzharb/tc_nqs/phase3d/hy1.2/magnetic_hz0.0/L4	2026-09-24T07:01:42Z
58815742	1.2	magnetic_hz0.0	4	chain_up	0.75	p3d_hy1.2_m0_L4_up	/pscratch/sd/s/sanzharb/tc_nqs/phase3d/hy1.2/magnetic_hz0.0/L4	2026-09-24T07:01:42Z
58815742	1.2	magnetic_hz0.0	4	chain_up	0.8	p3d_hy1.2_m0_L4_up	/pscratch/sd/s/sanzharb/tc_nqs/phase3d/hy1.2/magnetic_hz0.0/L4	2026-09-24T07:01:42Z
58815742	1.2	magnetic_hz0.0	4	chain_up	0.85	p3d_hy1.2_m0_L4_up	/pscratch/sd/s/sanzharb/tc_nqs/phase3d/hy1.2/magnetic_hz0.0/L4	2026-09-24T07:01:42Z
58815742	1.2	magnetic_hz0.0	4	chain_up	0.9	p3d_hy1.2_m0_L4_up	/pscratch/sd/s/sanzharb/tc_nqs/phase3d/hy1.2/magnetic_hz0.0/L4	2026-09-24T07:01:42Z
58815742	1.2	magnetic_hz0.0	4	chain_up	0.95	p3d_hy1.2_m0_L4_up	/pscratch/sd/s/sanzharb/tc_nqs/phase3d/hy1.2/magnetic_hz0.0/L4	2026-09-24T07:01:42Z
58815742	1.2	magnetic_hz0.0	4	chain_up	1.0	p3d_hy1.2_m0_L4_up	/pscratch/sd/s/sanzharb/tc_nqs/phase3d/hy1.2/magnetic_hz0.0/L4	2026-09-24T07:01:42Z
58815742	1.2	magnetic_hz0.0	4	chain_up	1.05	p3d_hy1.2_m0_L4_up	/pscratch/sd/s/sanzharb/tc_nqs/phase3d/hy1.2/magnetic_hz0.0/L4	2026-09-24T07:01:42Z
58815744	1.2	magnetic_hz0.0	4	chain_dn	1.4	p3d_hy1.2_m0_L4_dn	/pscratch/sd/s/sanzharb/tc_nqs/phase3d/hy1.2/magnetic_hz0.0/L4	2026-09-24T07:01:45Z
58815744	1.2	magnetic_hz0.0	4	chain_dn	1.3	p3d_hy1.2_m0_L4_dn	/pscratch/sd/s/sanzharb/tc_nqs/phase3d/hy1.2/magnetic_hz0.0/L4	2026-09-24T07:01:45Z
58815744	1.2	magnetic_hz0.0	4	chain_dn	1.2	p3d_hy1.2_m0_L4_dn	/pscratch/sd/s/sanzharb/tc_nqs/phase3d/hy1.2/magnetic_hz0.0/L4	2026-09-24T07:01:45Z
58815744	1.2	magnetic_hz0.0	4	chain_dn	1.1	p3d_hy1.2_m0_L4_dn	/pscratch/sd/s/sanzharb/tc_nqs/phase3d/hy1.2/magnetic_hz0.0/L4	2026-09-24T07:01:45Z
58815744	1.2	magnetic_hz0.0	4	chain_dn	1.05	p3d_hy1.2_m0_L4_dn	/pscratch/sd/s/sanzharb/tc_nqs/phase3d/hy1.2/magnetic_hz0.0/L4	2026-09-24T07:01:45Z
58815744	1.2	magnetic_hz0.0	4	chain_dn	1.0	p3d_hy1.2_m0_L4_dn	/pscratch/sd/s/sanzharb/tc_nqs/phase3d/hy1.2/magnetic_hz0.0/L4	2026-09-24T07:01:45Z
58815744	1.2	magnetic_hz0.0	4	chain_dn	0.95	p3d_hy1.2_m0_L4_dn	/pscratch/sd/s/sanzharb/tc_nqs/phase3d/hy1.2/magnetic_hz0.0/L4	2026-09-24T07:01:45Z
58815744	1.2	magnetic_hz0.0	4	chain_dn	0.9	p3d_hy1.2_m0_L4_dn	/pscratch/sd/s/sanzharb/tc_nqs/phase3d/hy1.2/magnetic_hz0.0/L4	2026-09-24T07:01:45Z
58815744	1.2	magnetic_hz0.0	4	chain_dn	0.85	p3d_hy1.2_m0_L4_dn	/pscratch/sd/s/sanzharb/tc_nqs/phase3d/hy1.2/magnetic_hz0.0/L4	2026-09-24T07:01:45Z
58815744	1.2	magnetic_hz0.0	4	chain_dn	0.8	p3d_hy1.2_m0_L4_dn	/pscratch/sd/s/sanzharb/tc_nqs/phase3d/hy1.2/magnetic_hz0.0/L4	2026-09-24T07:01:45Z
58815744	1.2	magnetic_hz0.0	4	chain_dn	0.75	p3d_hy1.2_m0_L4_dn	/pscratch/sd/s/sanzharb/tc_nqs/phase3d/hy1.2/magnetic_hz0.0/L4	2026-09-24T07:01:45Z
58815744	1.2	magnetic_hz0.0	4	chain_dn	0.7	p3d_hy1.2_m0_L4_dn	/pscratch/sd/s/sanzharb/tc_nqs/phase3d/hy1.2/magnetic_hz0.0/L4	2026-09-24T07:01:45Z
58815744	1.2	magnetic_hz0.0	4	chain_dn	0.65	p3d_hy1.2_m0_L4_dn	/pscratch/sd/s/sanzharb/tc_nqs/phase3d/hy1.2/magnetic_hz0.0/L4	2026-09-24T07:01:45Z
58815745	1.0	magnetic_hz0.0	4	chain_dn_extend	0.65	p3d_hy1.0_m0.0_L4_dn	/pscratch/sd/s/sanzharb/tc_nqs/phase3d/hy1.0/magnetic_hz0.0/L4	2026-09-24T07:01:48Z
58815745	1.0	magnetic_hz0.0	4	chain_dn_extend	0.6	p3d_hy1.0_m0.0_L4_dn	/pscratch/sd/s/sanzharb/tc_nqs/phase3d/hy1.0/magnetic_hz0.0/L4	2026-09-24T07:01:48Z
58815745	1.0	magnetic_hz0.0	4	chain_dn_extend	0.55	p3d_hy1.0_m0.0_L4_dn	/pscratch/sd/s/sanzharb/tc_nqs/phase3d/hy1.0/magnetic_hz0.0/L4	2026-09-24T07:01:48Z
58815745	1.0	magnetic_hz0.0	4	chain_dn_extend	0.5	p3d_hy1.0_m0.0_L4_dn	/pscratch/sd/s/sanzharb/tc_nqs/phase3d/hy1.0/magnetic_hz0.0/L4	2026-09-24T07:01:48Z
58821757	1.4	magnetic_hz0.0	4	chain_dn	1.7	p3d_hy1.4_m0_L4_dn	/pscratch/sd/s/sanzharb/tc_nqs/phase3d/hy1.4/magnetic_hz0.0/L4	2026-09-24T12:17:07Z
58821757	1.4	magnetic_hz0.0	4	chain_dn	1.6	p3d_hy1.4_m0_L4_dn	/pscratch/sd/s/sanzharb/tc_nqs/phase3d/hy1.4/magnetic_hz0.0/L4	2026-09-24T12:17:07Z
58821757	1.4	magnetic_hz0.0	4	chain_dn	1.5	p3d_hy1.4_m0_L4_dn	/pscratch/sd/s/sanzharb/tc_nqs/phase3d/hy1.4/magnetic_hz0.0/L4	2026-09-24T12:17:07Z
58821757	1.4	magnetic_hz0.0	4	chain_dn	1.4	p3d_hy1.4_m0_L4_dn	/pscratch/sd/s/sanzharb/tc_nqs/phase3d/hy1.4/magnetic_hz0.0/L4	2026-09-24T12:17:07Z
58821757	1.4	magnetic_hz0.0	4	chain_dn	1.35	p3d_hy1.4_m0_L4_dn	/pscratch/sd/s/sanzharb/tc_nqs/phase3d/hy1.4/magnetic_hz0.0/L4	2026-09-24T12:17:07Z
58821757	1.4	magnetic_hz0.0	4	chain_dn	1.3	p3d_hy1.4_m0_L4_dn	/pscratch/sd/s/sanzharb/tc_nqs/phase3d/hy1.4/magnetic_hz0.0/L4	2026-09-24T12:17:07Z
58821757	1.4	magnetic_hz0.0	4	chain_dn	1.25	p3d_hy1.4_m0_L4_dn	/pscratch/sd/s/sanzharb/tc_nqs/phase3d/hy1.4/magnetic_hz0.0/L4	2026-09-24T12:17:07Z
58821757	1.4	magnetic_hz0.0	4	chain_dn	1.2	p3d_hy1.4_m0_L4_dn	/pscratch/sd/s/sanzharb/tc_nqs/phase3d/hy1.4/magnetic_hz0.0/L4	2026-09-24T12:17:07Z
58821757	1.4	magnetic_hz0.0	4	chain_dn	1.15	p3d_hy1.4_m0_L4_dn	/pscratch/sd/s/sanzharb/tc_nqs/phase3d/hy1.4/magnetic_hz0.0/L4	2026-09-24T12:17:07Z
58821757	1.4	magnetic_hz0.0	4	chain_dn	1.1	p3d_hy1.4_m0_L4_dn	/pscratch/sd/s/sanzharb/tc_nqs/phase3d/hy1.4/magnetic_hz0.0/L4	2026-09-24T12:17:07Z
58821757	1.4	magnetic_hz0.0	4	chain_dn	1.05	p3d_hy1.4_m0_L4_dn	/pscratch/sd/s/sanzharb/tc_nqs/phase3d/hy1.4/magnetic_hz0.0/L4	2026-09-24T12:17:07Z
58821757	1.4	magnetic_hz0.0	4	chain_dn	1.0	p3d_hy1.4_m0_L4_dn	/pscratch/sd/s/sanzharb/tc_nqs/phase3d/hy1.4/magnetic_hz0.0/L4	2026-09-24T12:17:07Z
58821757	1.4	magnetic_hz0.0	4	chain_dn	0.95	p3d_hy1.4_m0_L4_dn	/pscratch/sd/s/sanzharb/tc_nqs/phase3d/hy1.4/magnetic_hz0.0/L4	2026-09-24T12:17:07Z
58821757	1.4	magnetic_hz0.0	4	chain_dn	0.9	p3d_hy1.4_m0_L4_dn	/pscratch/sd/s/sanzharb/tc_nqs/phase3d/hy1.4/magnetic_hz0.0/L4	2026-09-24T12:17:07Z
58821757	1.4	magnetic_hz0.0	4	chain_dn	0.85	p3d_hy1.4_m0_L4_dn	/pscratch/sd/s/sanzharb/tc_nqs/phase3d/hy1.4/magnetic_hz0.0/L4	2026-09-24T12:17:07Z
58821757	1.4	magnetic_hz0.0	4	chain_dn	0.8	p3d_hy1.4_m0_L4_dn	/pscratch/sd/s/sanzharb/tc_nqs/phase3d/hy1.4/magnetic_hz0.0/L4	2026-09-24T12:17:07Z
58848725	1.2	magnetic_hz0.0	4	chain_dn	1.4	p3d_hy1.2_m0_L4_dn	/pscratch/sd/s/sanzharb/tc_nqs/phase3d/hy1.2/magnetic_hz0.0/L4	2026-09-25T02:18:00Z
58848725	1.2	magnetic_hz0.0	4	chain_dn	1.3	p3d_hy1.2_m0_L4_dn	/pscratch/sd/s/sanzharb/tc_nqs/phase3d/hy1.2/magnetic_hz0.0/L4	2026-09-25T02:18:00Z
58848725	1.2	magnetic_hz0.0	4	chain_dn	1.2	p3d_hy1.2_m0_L4_dn	/pscratch/sd/s/sanzharb/tc_nqs/phase3d/hy1.2/magnetic_hz0.0/L4	2026-09-25T02:18:00Z
58848725	1.2	magnetic_hz0.0	4	chain_dn	1.1	p3d_hy1.2_m0_L4_dn	/pscratch/sd/s/sanzharb/tc_nqs/phase3d/hy1.2/magnetic_hz0.0/L4	2026-09-25T02:18:00Z
58848725	1.2	magnetic_hz0.0	4	chain_dn	1.05	p3d_hy1.2_m0_L4_dn	/pscratch/sd/s/sanzharb/tc_nqs/phase3d/hy1.2/magnetic_hz0.0/L4	2026-09-25T02:18:00Z
58848725	1.2	magnetic_hz0.0	4	chain_dn	1.0	p3d_hy1.2_m0_L4_dn	/pscratch/sd/s/sanzharb/tc_nqs/phase3d/hy1.2/magnetic_hz0.0/L4	2026-09-25T02:18:00Z
58848725	1.2	magnetic_hz0.0	4	chain_dn	0.95	p3d_hy1.2_m0_L4_dn	/pscratch/sd/s/sanzharb/tc_nqs/phase3d/hy1.2/magnetic_hz0.0/L4	2026-09-25T02:18:00Z
58848725	1.2	magnetic_hz0.0	4	chain_dn	0.9	p3d_hy1.2_m0_L4_dn	/pscratch/sd/s/sanzharb/tc_nqs/phase3d/hy1.2/magnetic_hz0.0/L4	2026-09-25T02:18:00Z
58848725	1.2	magnetic_hz0.0	4	chain_dn	0.85	p3d_hy1.2_m0_L4_dn	/pscratch/sd/s/sanzharb/tc_nqs/phase3d/hy1.2/magnetic_hz0.0/L4	2026-09-25T02:18:00Z
58848725	1.2	magnetic_hz0.0	4	chain_dn	0.8	p3d_hy1.2_m0_L4_dn	/pscratch/sd/s/sanzharb/tc_nqs/phase3d/hy1.2/magnetic_hz0.0/L4	2026-09-25T02:18:00Z
58848725	1.2	magnetic_hz0.0	4	chain_dn	0.75	p3d_hy1.2_m0_L4_dn	/pscratch/sd/s/sanzharb/tc_nqs/phase3d/hy1.2/magnetic_hz0.0/L4	2026-09-25T02:18:00Z
58848725	1.2	magnetic_hz0.0	4	chain_dn	0.7	p3d_hy1.2_m0_L4_dn	/pscratch/sd/s/sanzharb/tc_nqs/phase3d/hy1.2/magnetic_hz0.0/L4	2026-09-25T02:18:00Z
58848725	1.2	magnetic_hz0.0	4	chain_dn	0.65	p3d_hy1.2_m0_L4_dn	/pscratch/sd/s/sanzharb/tc_nqs/phase3d/hy1.2/magnetic_hz0.0/L4	2026-09-25T02:18:00Z
